address,jump_site,range_site,default_target,table_address,table_size,table_sha256,evidence_id
0x00433470,0x004338DB,0x004338D2,0x00433926,0x00433A12,36,e589a368b391008f6546cbd9f724d917aab7fc5b82740a23e0dd0b89e84cd521,R044
0x0043A270,0x0043A2F0,0x0043A2E3,0x0043A41B,0x0043A769,40,01b9780b16a3176977d6c14d930d0eb42e860439a880b82435248b8459770254,R044
0x0043B610,0x0043B658,0x0043B64B,0x0043C535,0x0043C8AC,60,a8db22260a5a3d3127a993f7a50fcf2d313b413022cb7a1513f8089b8866b007,R044
0x00483350,0x00483373,0x00483366,0x0048635A,0x004863C0,392,ca200bf1136f035ca0e70fab9e4f6e3a4a7ebb15d0a1a18170c1045097fb6887,R048
0x00486550,0x004865AA,0x0048659D,0x00492B51,0x00492B7F,44,788f629b1d12d8d2b74b43aa5ceaf5212529ca0b244b353d39fca9179bd7f4c8,R048
0x00486550,0x00486657,0x0048664A,0x00492B51,0x00492D0C,40,6880c4ec89e45234bdece65fb2d4b9f4568c84f1ef13172ea7cf72d4d30d1b1e,R048
0x00486550,0x0048668D,0x00486680,0x00492B51,0x00492D34,116,2b399021f92a6f07a8ae0f60eea1fe3860879026107ed9e5823cc537aafdbe3a,R048
0x004AC040,0x004AC09B,0x004AC08E,0x004C037D,0x004C03AC,44,8e1ca7d1b35f074637761d01f88ae0be475ec2eeebc1412823aaa72f4e265871,R048
0x004AC040,0x004AC148,0x004AC13B,0x004C037D,0x004C0539,40,2acb5dd57be83506d68bd2ffc4804746b2b1b8040c043d6dcc0e6d9292085ef8,R048
0x004D7E70,0x004D7ECA,0x004D7EBD,0x004E2893,0x004E28C1,44,60433a6e429485a62a845c7dea17577b19976b73b167aab706827b03bc3b1f87,R048
0x004D7E70,0x004D7F77,0x004D7F6A,0x004E2893,0x004E2A4E,40,53b15ca769e7351b8988fabcfdcb2a1d0de360c3e6aa865c8755267a543671e7,R048
0x004D7E70,0x004D7FAD,0x004D7FA0,0x004E2893,0x004E2A76,112,a4f19f72d4d78d68ae5fa73608ec32918be75e7989d19d3b4aa8653316e71ee2,R048
0x004F7130,0x004F718A,0x004F717D,0x00501DB5,0x00501DE3,44,25dddfca4f866effed6f279ec3d19c526fc627fe3a0d44ee75afdcc812427cc3,R048
0x004F7130,0x004F7237,0x004F722A,0x00501DB5,0x00501F70,48,f66cf89caa3fb52920bf93d3725337f33e4a6c4dbffe8db067ae8e6f4bc0b289,R048
0x004F7130,0x004F726D,0x004F7260,0x00501DB5,0x00501FA0,108,c02adae9fc95834f96b53140fe22de5710dbd2126009a62c76ed6c8f860434b5,R048
0x005214B0,0x0052150A,0x005214FD,0x0052CB25,0x0052CB53,44,327410915c4f56e8e515a9420d51c75d65ab5b1c75ebbe211978423f5d5b6722,R048
0x005214B0,0x005215B7,0x005215AA,0x0052CB25,0x0052CCE0,40,d7df2b50ea219775374d7dc18964bfc0143b8106d094b0ec64b9f069fd019e7e,R048
0x005214B0,0x0052162A,0x0052161D,0x0052CB25,0x0052CD62,52,55780c1fec716f677edddf469d7ef5f41201206874d0bafe08af1ca032420404,R048
0x00543210,0x0054326A,0x0054325D,0x00551598,0x005515C6,44,89c5be6226cb2b30ef11772ec0267e6232f9a023fd3edbbcf21115bc02df81d6,R048
0x00543210,0x00543317,0x0054330A,0x00551598,0x00551753,40,dfa8b22b996670bf08eebb1c767f27cf8b0db99464612910cc7fa6c0cd1b8745,R048
0x00543210,0x0054334D,0x00543340,0x00551598,0x0055177B,108,7ce16c79842c2fd934161cb7c6cb74f7a54a396d6c57025d845cbd80c13ba5cf,R048
0x00543210,0x00543382,0x00543375,0x00551598,0x005517E7,52,9ada32e2def688945fbc00b3692c9cd7722c13e750ad4c3878ef521cd886f91f,R048
0x00564BE0,0x00564C55,0x00564C42,0x00573D56,0x00573D90,44,fcf6313ba0e62f54cd2d5595d69e6af732a9d9427983df08e58daa3ae1696334,R048
0x00564BE0,0x00564D38,0x00564D25,0x00573D56,0x00573F13,40,419fe98014a6e79fc1c9530ec8cdd1ca2b770ff3bd9b180dda7942d453cc0c75,R048
0x0058AF60,0x0058AFBA,0x0058AFAD,0x00596F80,0x00596FAE,44,569f7b36c0a550132c11051b456f302f260be925e10de6a5eb99cc20f5fe1f4d,R048
0x0058AF60,0x0058B0A4,0x0058B097,0x00596F80,0x00597191,100,d945133360ba4086802e8bdf436ac8eb350b028a29b9e6696d183dc04d3d1119,R048
0x005AEEC0,0x005AEF1A,0x005AEF0D,0x005C0652,0x005C0680,44,3f4e899f43696a309d1db7f9f462c2a3c6ccf307ab713a98ea6e6242ea50cc33,R048
0x005AEEC0,0x005AEFC7,0x005AEFBA,0x005C0652,0x005C0803,40,d4f14c74a53f7053f50848c2f8c9244bca298e1f1c53b972757e47a784a8a375,R048
0x005AEEC0,0x005AEFFD,0x005AEFF0,0x005C0652,0x005C082B,104,07a25288c2373b02b4f7f35f16f8815b5d0af655f6619ca7ed93cb6bbdd23983,R048
0x005D73C0,0x005D741A,0x005D740D,0x005E1CA4,0x005E1CD2,44,b719048612140e5848d7f770fe3428ee5983c0b59c847f278aa258a8bafcd83f,R048
