address,size,body_sha256,inferred_role,return_count,internal_branch_count,external_branch_count,evidence_id
0x00406610,56,136935ce1cc34f9ae908745172f5b5715f4897d7fe458aceae0512ed4d09379f,SharedSound::AcquireClient,1,1,0,R015
0x00406650,98,b4f7ca2d5dec34dcd416a896d9d72eaeb98c226ecc9de113765eb1795b2023bd,SharedSound::ReleaseClient,1,3,0,R015
0x004066C0,29,72bdd95fcaaf57ea6eae09f3360ef62d3a04af01e4987ef40446a79450f480f3,SharedSound::ShowError,1,0,0,R015
0x004066E0,311,af65cacb916d526c8d433c54c512cf0ebcc0b699f0acd29720a14beb17faee04,SharedSound::Initialize,1,9,0,R015
0x00406820,500,e562180b3f5b54dbea4878e5d781babb9cf1f3a88405577ab9900bb94562854b,SharedSound::LoadWaveBuffer,1,13,0,R015
0x00406A20,348,9a8d1c22ec1c1dfc2334726b63632ca4ee1199aafd43d1215ac08f50751e4457,SharedSound::CreateBuffer,1,8,0,R015
0x00406B80,559,eec3e533445f9250995556187041784b437d82e30b169750b3b56d438a1e21de,SharedSound::ReadPcmWave,1,16,0,R015
0x00406DB0,60,591168e679a72c27884f332b58068061186db148e368d5aad80827991891cddb,InputMapping::Initialize,1,0,0,R015
0x00406DF0,19,ad74f897c8e095ca90081dc85753dafc46cdf92129964c01b40ad795a6db4692,InputMapping::ReleaseClient,1,0,0,R015
0x00406E10,110,1131b6d94afd522902fb33e8520ab7ac4779075c9d5c3d7e20a8702929643be9,InputMapping::SetBindings,1,1,0,R015
0x00406E80,741,2bfc67c037111ef10edc80a215fb922964ad7cffe8769728c05edfbc93319c31,InputMapping::UpdateHeldCounts,1,36,0,R015
0x00407170,38,802b49dd53ce14639d775b71dd23f1981e7f27ac932718e3d96b22a9efd086f3,InputMapping::IsKeyDown,1,2,0,R015
0x004071A0,30,7fb2fd47f730e0727a1fb578a2b30f8735e5f2bd4754b6971c05512c643ac85e,InputMapping::ClearHeldCounts,1,0,0,R015
0x004071C0,161,baf86ad234d508e05681e45f36f0d8e166bb07bba750db99d561b5806939389a,AudioStream::AcquireClient,1,2,0,R015
0x00407270,292,38a1bc58f37223c9939b4db27987a431eaba6f2d3aff08a05491993315a5840a,AudioStream::ReleaseClient,1,5,0,R015
0x004073B0,13,7083392582659a9b092091d9ac7c9c425706bc017dedd032e9524d37189e0986,SoundBank::SetVolume,1,0,0,R016
0x004073C0,13,3e06dcdfbb1740c6e0a234433c0b511d2cdd896783960033b34fbd3c32f6a5d6,AudioStream::SetVolume,1,0,0,R016
0x004073D0,367,0467a37e2223cbe43651519746394259763f3969eedb8ec43c9e2444c3c290d8,SoundBank::LoadWaveDirectory,1,8,0,R016
0x00407540,341,f829bfd51587f23b9810d7212058feea5f3eb543b5bf90a97adcb2810ef2e300,SoundBank::LoadSerializedFile,1,6,0,R016
0x004076A0,310,b3b123ec724630c9793da2c5ef9f05049df75f6b3b57c59446d1a0c7085eafbf,SoundBank::LoadSerializedArchiveEntry,1,6,0,R016
0x004077E0,472,282b3cca91a61b8ec1482224230bb666faab901f84b9282f7e03d00af0d16ae1,SoundBank::SaveSerializedFile,1,7,0,R016
0x004079C0,142,33b7623f1b4f854846ed5011bc60dc3813756253a4a29b83142124759fd99f82,SoundBank::Play,1,5,0,R016
0x00407A50,289,ff2bcb633be4ab5787852107be2acd6d93ba7a6ea2c3ef7625f76a2aa1c37d87,AudioStream::QueueFile,1,8,0,R016
0x00407B80,283,71e740bae7d36a6b54df1fb5ae91d467b99c4ca65226674b04b4db263b50376e,AudioStream::QueueArchiveEntry,1,8,0,R016
0x00407CA0,29,72361995b9bd68600d8bec9ec01da5e32ff812433c7eadcad7e250da4e57635b,AudioStream::ClearPlayback,1,0,0,R016
0x00407CC0,169,ee134fab0c3dd5349074a3fb2ea9351ce03f9d55313d72c605dc3b4568f3850d,AudioStream::Start,1,4,0,R016
0x00407D70,88,7fe765682b0e8402f2bcfa9affdf2148620e15073084039742a516ef071466fa,AudioStream::Stop,1,2,0,R016
0x00407DD0,129,216697c9952ed886668d60cf9a3d5008033e6616a656293e4d05bd6a4175298a,AudioStream::ApplyVolumeOffset,1,5,0,R016
0x00407E60,138,a2178430a6afc50dc6fd07da7bb1ad8b9123d41e9a631a67d18e06530bfd0e9e,AudioStream::ScheduleFade,1,5,0,R016
0x00407EF0,535,149bc31bc07601cf87c3a1bcb698d129cb60061ebb55210cdee5ce5e0753b9d4,AudioStream::Worker,1,28,0,R016
0x00408110,627,3ee938e6b89980a30712bf6764f43ec58b2206b1dc6bfb22519ce76387617b33,AudioStreamRecord::OpenFile,1,6,0,R017
0x00408390,727,ff7e7ab17908ca0f239e58c8a1bb33466e99f1673b115d0163df2fff10c18dd1,AudioStreamRecord::OpenArchiveEntry,1,7,0,R017
0x00408670,644,cbd402964b2a3ab92dc74c35dfdae1cbec8fed4537578ec79fe9a723a4cda900,AudioStreamRecord::ReadLoopPointsFromFile,1,19,0,R017
0x00408900,713,a7bdb9759dba8513d04a9b8fe3296944fc3f5929734f44928d24835ce7d39944,AudioStreamRecord::ReadLoopPointsFromArchive,1,21,0,R017
0x00408BD0,1724,2ebe07bf488d66a0da57c561dce7a15ffc13a6f58df76b3d9cce770319730d44,AudioStreamRecord::RefillBuffer,1,36,0,R017
0x00409290,83,e10abf0ce5dfc533db6a17d267024f2a4f172c2e040e17c806de6cc73384fc8f,AudioStreamRecord::Initialize,1,0,0,R017
0x004092F0,87,b0b22678cbace357a6ed3646170ede0d7a52557bdb3d9f577c8eb4f17f843b7a,AudioStreamRecord::ReleaseResources,1,3,0,R017
0x0040AD80,177,e0ce84473c5b407a441c88fc5c7485a47547ad48e39abadf4beedd1d41cbf37a,TextureManager::Initialize,1,0,0,R017
0x0040AE40,434,ae20b89ac58429797e1de78f18c5419a216567af8fc3ca11da18c837a14cc3f8,TextureManager::ReleaseResources,1,12,0,R017
0x0040B000,261,158d93e142719f2f9892c5ddd25f24bbcbd9eb3bc8a843be64bc5b0c873b4525,TextureManager::AllocateSharedTextures,1,6,0,R017
0x0040B110,184,b850d81326f372cfdb3f3069a743af8192f8d1bdf4a3c114793968c18958104f,TextureManager::AllocateTextureSlots,1,4,0,R017
0x0040B1D0,128,570580110f4777092fba3bb6ca93d760abb364c5dea46998a42e07ad0ed6cac4,TextureManager::AllocateUnformattedSlots,1,0,0,R017
0x0040B250,33,968a6a246cd6478d5a2ca519097b2063cc48ca58674f368ea9b94398048e277b,TextureManager::ClearSlots,1,0,0,R019
0x0040B280,727,10539410fb282c0cc58270dc9360a7a11a87d748e519631a2b62c41848b374cc,TextureManager::LoadBitmapDirectory,1,10,0,R019
0x0040B560,575,bdf51c229e4af4379d9bc45b5e816374a5653d5f239b0f97f8a2276e53c092cc,TextureManager::LoadBitmapDirectoryWithFormat,1,5,0,R019
0x0040B7A0,27,b889ac8800cb2d68d5a3ee270635888787a3afdc92b88f27cc172629f14ef9bb,TextureManager::LoadTexturePackDefaultPalette,1,0,0,R019
0x0040B7C0,949,d3310731deeaa614f33f299ad317c8c4a743cab2f8ee075fa0ede76fb93ef7fb,TextureManager::LoadTexturePack,1,14,0,R019
0x0040BB80,31,1f9b2025eaabfc492d6ab8c1baa0423ea149912eac47d24c056d3a712a2e44bd,TextureManager::LoadArchiveTexturePackDefaultPalette,1,0,0,R019
0x0040BBA0,918,3f7fd36fb9d748c7746bac38194c1e4a556b90cd55bdf74039dc1416dfe8933d,TextureManager::LoadArchiveTexturePack,1,14,0,R019
0x0040BF40,31,0cfc33528a88ec304e5dffb49df8e8a32ff675cf886ca8463886c76f75a7dd14,TextureManager::SaveTexturePackDefaultPalette,1,0,0,R019
0x0040BF60,1046,300b221390c47e52431f059c6f0a9c802cc630b7e0fbaebe8755f46515b0e7d5,TextureManager::SaveTexturePack,1,16,0,R019
0x0040C380,523,da7b94cbf33039119afba80a72931d66ea800db88dab4044337dfc7f5a435103,TextureManager::LoadBitmapPalette,1,10,0,R014
0x0040C590,340,029caf62337d247a510043d10466fa22a20d9c8e8eec93d439f59a0105e48af6,TextureManager::UploadIndexedTexture,1,6,0,R014
0x0040C6F0,54,cead10b5c48ea2fb351cd689a76cd6ea1514bf89d0da70198a7c30bf5a193f48,TextureManager::UploadByHandle,1,2,0,R014
0x0040C730,173,b93182bb2f2a8903ca658f2cd5115e6e84306cc05b7fa560ad262012cded8f4b,TextureManager::UploadTexture,1,1,0,R014
0x0040C7E0,16,f8ae5fcf0dea3b001cf5ee44781da5b675b1be495007db1132d5eeb7df71a490,TextureManager::Present,1,0,0,R014
0x0040C7F0,65,2467d2b6602e886b8b642b208773eb89ea06722bcd50d1bcda7f27abb5ed9c26,TextureManager::SetBlendMode,1,4,0,R014
0x0040C840,25,c86d409cf6ed823c1a73126e03fb15f12064dc5793316c81caf2eec42c542f8b,TextureManager::SetDepthMode,1,0,0,R014
0x0040C860,25,f7d6ecde6ee6291a7c742f30a421b64fbff082fa0e0f3fb8a1cb531e99bef11f,TextureManager::SetTextureFilter,1,0,0,R014
0x0040C880,25,68709c3b320e4df93b4f6aa7c3b74061d0351e42ed9e9bc69c0d1d31a2307728,TextureManager::SetPixelShaderMode,1,0,0,R014
0x0040C8A0,25,010f3c7e4aedd35946e3a84c946f415783b7808c7daeb52a0b74e38ca4eb9777,TextureManager::SetColorMultiplier,1,0,0,R014
0x0040C8C0,162,64e201eb1f9a84deed1ea53b22d5b8729fd072f9a0a621a53b29529483b16f83,TextureManager::ResolveTextureHandle,1,7,0,R014
0x0040C970,42,63a2d0f576b6b7f1169a879db2893c4cb8bec1238e0f9c03496f3ee75ad90a53,TextureManager::DrawProjectedTriangleStrip,1,0,0,R014
0x0040C9A0,115,205b6e87df6c466f6fe10c298e7bdba40522c49ef8c182f5aac6774d60acf000,SpriteDrawing::DrawQuad,1,0,0,R011
0x0040CA20,92,024079510092d1d157b44bb4078c6a14d19a3df5456a910bb94d812d7ac6ad26,SpriteDrawing::DrawProjectedQuad,1,0,0,R011
0x0040CA80,1132,0a5671f60f172f01c0ad56e9ead86b8f44baa46531e9421c540a142675df2f22,SpriteDrawing::DrawSprite,1,11,0,R011
0x0040CEF0,994,c61c5d0db4b1362bd25c69a2ab7f4154550ceaa881e0113c853b64bb609deac3,SpriteDrawing::DrawSpriteVariant,1,9,0,R011
0x0040D2E0,970,a860de77d7674791f7c70bffd9bbb200d8b8872e6807165c8f3505235c1da4f1,SpriteDrawing::DrawSpriteScaledXY,1,7,0,R011
0x0040D6B0,212,4d1ae3018d13d0d2d39065b414dcf3f22f146c62d315f5693dc829c2228d88cd,SpriteDrawing::DrawOpaqueSpriteMirrored,1,2,0,R011
0x0040D790,171,9ea79f08134fc5d3c95d79131759e084b3d1b5d5353c200830a83c6b838b6d73,SpriteDrawing::DrawOpaqueSprite,1,0,0,R011
0x0040D840,35,4feac0d2c5436676182e6715864872cc0437228efad6c488a5d511285dd9f666,SpriteDrawing::DrawOpaqueSpriteWhite,1,0,0,R011
0x0040D870,80,73ddd197e25eab7cc04cdc803cf8dc0e1b17b0fc379924582a4ad3f7f1f9ee59,SpriteDrawing::GetTextureRect,1,0,0,R011
0x0040D990,85,90849f46a994d63d028b053b0bc5939ac94fbe4da23935680bec96d29c994fc4,SpriteGeometry::ZeroInitialize,1,0,0,R011
0x0040DA00,259,c220120d45e82e1ff4f463590938163d3a327c375446bca8eb6ca9e7e24d8417,SpriteGeometry::InitializeRectangle,1,0,0,R011
0x0040DB50,305,044430cb8da9082f9bac7b8d3a7d0eaa1e908e15cd9e1fff5c90877153897ff0,SpriteGeometry::InitializeRectangleFromRect,1,0,0,R011
0x00410350,1706,fa227836488ec99d324a9f7efc2755a419f6e513ab6723aded9f0ef740fc0f5a,SpriteScene::RenderNode,1,15,0,R035
0x00410A00,1268,ef138dbc6864e3a1803c2d1828b83c73e3c6feb8c4a27fc2e7d6ad0fedb2edf2,SpriteScene::RenderMirroredNode,1,8,0,R035
0x00411000,183,4cb93c31e32196534a5f739b4ee7ed1de39dacf9f0a495301db63e9f08cb51de,SpriteSequence::AppendElement,1,1,0,R035
0x00411110,746,ac21e238be71c4675b81ee5b7a2b7c0ae128406ffba4880b9650846718727cfe,SpriteSequence::RenderElements,1,18,0,R035
0x00411400,250,853f423a090b4c0ebffa26f8c7f5a6c4657fe9780b69b346b8e8da10d0ed32b7,SpriteTransform::BuildQuadFromRect,1,0,0,R035
0x00411500,191,f187ba453941c792956f2da14a11c749d1aaaf993d9a0322ba59a422584026c6,SpriteTransform::TranslateQuad,1,0,0,R035
0x004115C0,290,ebd1bb2cfd5d5fb4a97d6c06cfe01d18cb9745cd366be6dd7bd2cb1284015327,SpriteTransform::ScaleQuad,1,3,0,R035
0x004116F0,1212,39f21501bde351ad7326eca56c3749e85586c492e6adf3ec5fa5fa228a61e19b,SpriteTransform::RotateQuad,1,3,0,R035
0x004126C0,1520,a1a2f054418e7f7c0693600b1a919ac3211ccde334c3bc1a3d549f689f640aab,CameraMotion::Update,1,36,0,R035
0x00412CB0,13,bd82bbfee630394f9fcc46ed81f2c2afb8791eed310e876c76d61feddac926e3,CameraMotion::SetShakeAmplitude,1,0,0,R035
0x00412CC0,39,fb3ed11f9ea0e0a0be27039315f17bf2a54c226718d8fcc971f32f4e6588a93a,CameraMotion::SetOverride,1,0,0,R035
0x00412CF0,146,e08b5cc06d6429ce014407d34d97c3bd4a0014c880bda3157df532f1481e46d4,CameraMotion::Snap,1,2,0,R035
0x00412DD0,128,29fb8e8704dc0dd467d4d8ef153aece891397a9e64fc3325eb55afd66fe56de3,WindowResource::Initialize,1,0,0,R035
0x00412EB0,1385,4c8c94555d1fafb8a9d3b9be723f1bef621c2a2dd7b9aa2c2f6d5f939923d185,OverlayText::DrawBox,1,5,0,R035
0x00413790,225,8cb535b033a5a3b624a94d83f3e55aeebf6999223c29f50feed7282f8c66b65d,ReplayRecords::BeginCapture,1,5,0,R035
0x004138E0,375,8deb7f0df2e205313ed2f0ded219a968465133d19c8c5b4aeb4dc67d7809f3b1,ReplayRecords::FinalizeFile,1,3,0,R035
0x00413AC0,792,9098d7133138719d630e6de50d698ba21db2689223402ac81cc0e4dab6aaac22,ReplayRecords::LoadRecord,1,12,0,R035
0x00413DE0,1252,f39de667fe840de794dcfc5fc2862e6cdefad400df8654206cad736561dc361c,ReplayRecords::AppendRecord,1,14,0,R035
0x00414300,89,2d65ab5258cc61702673ad78e3c645fba70d58a6f296ec92559ad868b57a9466,ReplayRecords::FindAvailablePath,1,5,0,R035
0x0041A0E0,47,351a50ee16000e968c0755563a37a413418c44ffc93f9b53299c6ea690e6bdfd,ProgressRecords::CheckEncodedItem,1,2,0,R021
0x0041A1A0,37,0f99eec904b581eede37af1b5192943bfc5cec8a79584a529a755548d4d0d6d6,ProgressRecords::SetSelection,1,0,0,R021
0x0041A1D0,109,058bec1db1ab03bceefd7b1ba7ae8e2182083c40b85d591e596a14e50d16511d,ProgressRecords::RaiseSelectedValue,1,1,0,R021
0x0041A240,48,a85d7a9d446d15bbf1c2b14ab8f49e180fa42c6b9a5e1fea3a95ab0e52c73dfb,ProgressRecords::GetSelectedRecordAddress,1,0,0,R021
0x0041A270,90,64aea15dd4f38fa7a1281c4ec0e01c129cc015f4fd79c682181c73dd5742cac0,ProgressRecords::IncrementSelectedRecordCount,1,0,0,R021
0x0041A2D0,57,8ebd71ac2177cfa1c9c0a17215c63342033cc65e62df9d87736b88aae49370ff,BitmapData::Initialize,1,0,0,R021
0x0041A310,105,3dcf4e9209fc6afbdb08697322d08f54594a3f7027f5f3404e431d1fc798ce45,BitmapData::InitializeWithFormat,1,5,0,R021
0x0041A380,75,19c54078ddd4a12994e184039031e05c3d5241779e816216b3a7cbb7a5b4b9c5,BitmapData::ReleaseResources,1,2,0,R021
0x0041A3D0,3751,df4e1aa0da89a16fae046f7f790b514c2375f9fcc87ed6b24174e36ca782dc74,BitmapData::LoadBitmap,1,88,0,R021
0x0041B2B0,326,98aeda836c7a61152204274f83bd523f574134fa7aac9cac93607475c6e87060,BitmapData::LoadSerializedPixels,1,4,0,R021
0x0041B400,1383,db5bff2d268832361589a6a2704e3b2728bfc2650bd491313878173ba4eb56d8,BitmapData::EncodeRuns,1,31,0,R021
0x0041B990,1448,088c6d847e9afb39b3a2d03af33731785470ffee2266973cc94c708b2686f50e,BitmapData::UploadDecodedPixels,1,58,0,R021
0x0041CC00,67,0a88f3cbe7a4c8f2caef95504df7be75024dd702045ae656f209f3729b1a1d45,DiagnosticLog::InitializeFile,1,0,0,R011
0x0041CC50,115,5a41a6d99e4f7ab7318f92401200936f30772389133720307147fb416e948cd1,DiagnosticLog::AppendString,1,2,0,R011
0x0041CCD0,152,ba2b974c2de195f6dbbb9fa74758eb2a34e0510c9957337a59dcdebd06d3a90b,DiagnosticLog::AppendInteger,1,2,0,R011
0x0041CD70,157,74010ebad2a940c67a753ef05b453f8fd6cd935ba34463facb65afb48b7b770d,DiagnosticLog::AppendFloat,1,2,0,R011
0x004277A0,5339,f6590d65e3ef416dd3d0900b8e22a0c4d3fce3afece6b119cb69a3bf87ce6079,TimedScene::RenderTimeline,1,46,0,R035
