address,reviewed_role,mapped_role,origin_evidence,exact_unit
0x0040DB10,SpriteGeometry::SetFourDwordsAt0040DB10,SpriteGeometry::SetFourDwords,R104,sprite-geometry-set-four-dwords
0x0040FAC0,AnimationState::ResetPrimaryCountersAt0040FAC0,AnimationState::ResetPrimaryCounters,R104,animation-reset-primary-counters
0x0040FB00,AnimationState::SetThreeCountersAt0040FB00,AnimationState::SetThreeCounters,R104,animation-set-three-counters
0x0040FB40,AnimationState::ResetSecondaryCounterAt0040FB40,AnimationState::ResetSecondaryCounter,R104,animation-reset-secondary-counter
0x0040FC50,AnimationState::ClearByte40At0040FC50,AnimationState::ClearByte40,R104,animation-clear-byte40
0x00411BB0,SpriteScene::CopyVectorAtOffset12At00411BB0,SpriteScene::CopyVector,R104,sprite-scene-copy-vector
0x00411BE0,SpriteScene::DispatchGlobalDrawAt00411BE0,SpriteScene::DispatchGlobalDraw,R104,sprite-scene-dispatch-global-draw
0x0041CA80,TextRasterizer::ParseHexDigitAt0041CA80,TextRasterizer::DecodeHexDigit,R104,text-rasterizer-decode-hex-digit
0x00423C60,GameState::ClampGlobalNonnegativeAt00423C60,SetClampedGameValue,R104,game-set-clamped-value
0x00440B00,BattleHud::DrawSelectedNoticeAt00440B00,BattleHud::DrawSelectedNotice,R104,battle-hud-draw-selected-notice
0x00443FC0,BattleState::StartHitSequenceAt00443FC0,BattleState::StartHitSequence,R105,battle-state-start-hit-sequence
0x00455010,FighterState::CheckGroundedStateWindowAt00455010,FighterState::IsGroundedStateWindow,R104,fighter-is-grounded-state-window
0x0045B830,BattleEffect::ClearField74At0045B830,BattleEffect::ClearField74,R104,battle-effect-clear-field74
0x0045CDC0,FighterState::InitializeNoticeAt0045CDC0,FighterState::InitializeNotice,R105,fighter-initialize-notice
0x0045D650,FighterState::ConfigureNoticeTextAt0045D650,FighterState::ConfigureNoticeText,R104,fighter-configure-notice-text
0x0045D6A0,FighterState::BeginNoticeTransitionAt0045D6A0,FighterState::BeginNoticeTransition,R104,fighter-begin-notice-transition
0x0045D6F0,FighterState::ClearNoticeTransitionAt0045D6F0,FighterState::ClearNoticeTransition,R104,fighter-clear-notice-transition
0x005FAC20,AuxEffect::ClearField8At005FAC20,AuxEffect::ClearField8,R104,aux-effect-clear-field8
