address,evidence_id
0x00449CE0,R056
0x0044A180,R056
0x0044A470,R056
0x0044A6A0,R056
0x0044A8D0,R056
0x0044AB00,R056
0x0044ADA0,R056
0x0044B040,R056
0x0044B270,R056
0x0044B4A0,R056
0x0044B9C0,R056
0x0044BEE0,R056
0x0044C400,R056
0x0044C640,R056
0x0044C880,R056
0x0044CAC0,R056
0x0044CD60,R056
0x0044D000,R056
0x0044D240,R056
0x0044D480,R056
0x0044E000,R056
0x0044E240,R056
0x0044E760,R056
0x0044F250,R056
0x0044F490,R056
0x0044F6D0,R056
0x00450280,R056
0x00450830,R056
0x00450A70,R056
0x00451080,R056
0x004512C0,R056
0x00451E00,R056
