address,constructor_address,vtable_address,base_destructor_address,body_sha256,source_sha256,evidence_id
0x00449DC0,0x00449AA0,0x00658434,0x00449D40,62adc8406977f846b8f26bb9de38fccfa01bbe09afafaa3c3e59678779b3a5d8,8163ac504b99d0fd9e7d334f403b4efe929bd1363f887ad1e05104b1f6313cd9,R057
0x0044A210,0x00449E10,0x006584A4,0x00449D40,2dc9afd2fa7540827bb80df6e9969116c3f018b9f851f86c32a271649381162d,8163ac504b99d0fd9e7d334f403b4efe929bd1363f887ad1e05104b1f6313cd9,R057
0x0044A500,0x0044A230,0x006584FC,0x00449D40,38492d168c1c6f770663315666fb41ca5981249054b2bfe4d78d1a27ef8c513a,8163ac504b99d0fd9e7d334f403b4efe929bd1363f887ad1e05104b1f6313cd9,R057
0x0044A730,0x0044A520,0x00658538,0x00449D40,151ef5ed5c1bbf85c5a75d732366218a2e20c885a64fd154acf9e4e937015b38,8163ac504b99d0fd9e7d334f403b4efe929bd1363f887ad1e05104b1f6313cd9,R057
0x0044A960,0x0044A750,0x00658574,0x00449D40,a4983e77dd5c94212a24ab22a43bf98fd074431f5b2ffcff241616207185fd63,8163ac504b99d0fd9e7d334f403b4efe929bd1363f887ad1e05104b1f6313cd9,R057
0x0044AB90,0x0044A980,0x006585B0,0x00449D40,7b0ab34bbd2e9ca7106db27a7eed60b6400767b3504d7873f543f0da158d2df0,8163ac504b99d0fd9e7d334f403b4efe929bd1363f887ad1e05104b1f6313cd9,R057
0x0044AE30,0x0044ABB0,0x006585EC,0x00449D40,6a18f4080872bdeac9c371c352f51fc65f9039c7619009d48d0fbd3a3df08809,8163ac504b99d0fd9e7d334f403b4efe929bd1363f887ad1e05104b1f6313cd9,R057
0x0044B0D0,0x0044AE50,0x00658634,0x00449D40,29cbfbe6afd827782fa044fef2596ec1e9e669beb21a5cd1d8169bbd17d7b1bf,8163ac504b99d0fd9e7d334f403b4efe929bd1363f887ad1e05104b1f6313cd9,R057
0x0044B300,0x0044B0F0,0x00658670,0x00449D40,6aabd892789bf060db40ca50818a80329f22821f631e1eb4f59887c8232a9e1b,8163ac504b99d0fd9e7d334f403b4efe929bd1363f887ad1e05104b1f6313cd9,R057
0x0044B530,0x0044B320,0x006586AC,0x00449D40,53d9c09743c58394004e8efc693aba48474bd4edcc149190c4854deeddd61ea1,8163ac504b99d0fd9e7d334f403b4efe929bd1363f887ad1e05104b1f6313cd9,R057
0x0044BA50,0x0044B550,0x006586E8,0x00449D40,c8e063527b1acec694acd8d0df6a93a97eef120777d9e0d1f437713e250f21cc,8163ac504b99d0fd9e7d334f403b4efe929bd1363f887ad1e05104b1f6313cd9,R057
0x0044BF70,0x0044BA70,0x0065872C,0x00449D40,da3b039db386a3b84c9b4fa1c7473730bb02ae81a2dea68059365c618126f207,8163ac504b99d0fd9e7d334f403b4efe929bd1363f887ad1e05104b1f6313cd9,R057
0x0044C490,0x0044BF90,0x00658768,0x00449D40,9df40ba8db14435afd371375411743f9957186bdf1f17cb70c6b85c995217129,8163ac504b99d0fd9e7d334f403b4efe929bd1363f887ad1e05104b1f6313cd9,R057
0x0044C6D0,0x0044C4B0,0x006587A4,0x00449D40,74903cbe12d87f2f06a02e51b2816e3e4595309f559077058a4d420f2f84ea95,8163ac504b99d0fd9e7d334f403b4efe929bd1363f887ad1e05104b1f6313cd9,R057
0x0044C910,0x0044C6F0,0x006587E0,0x00449D40,5bc8372432dff6cc116ab5a464d66e95c05b243df46c67fa212950f5e7bf60c6,8163ac504b99d0fd9e7d334f403b4efe929bd1363f887ad1e05104b1f6313cd9,R057
0x0044CB50,0x0044C930,0x0065881C,0x00449D40,0185ac52cb8f02feb8f393f4a8d7268125508c428dfe159bfe2e8c9a8f3d8dbd,8163ac504b99d0fd9e7d334f403b4efe929bd1363f887ad1e05104b1f6313cd9,R057
0x0044CDF0,0x0044CB70,0x00658858,0x00449D40,e5ce77663e370ec2293d53b28cb6b9c20f8fc60adeba3c2a645ccc51d1cb6ba8,8163ac504b99d0fd9e7d334f403b4efe929bd1363f887ad1e05104b1f6313cd9,R057
0x0044D090,0x0044CE10,0x00658894,0x00449D40,49e77ef630c91b74c7d2608784a5dcc6356b3d7d3cf08e0e5df5d9cca63030ee,8163ac504b99d0fd9e7d334f403b4efe929bd1363f887ad1e05104b1f6313cd9,R057
0x0044D2D0,0x0044D0B0,0x006588D0,0x00449D40,e1d35aff1f4bf2cfdabab04c4e9178c4994c4cd4cf8a3942ca231aaab0651a8d,8163ac504b99d0fd9e7d334f403b4efe929bd1363f887ad1e05104b1f6313cd9,R057
0x0044D510,0x0044D2F0,0x0065890C,0x00449D40,cb892f0ad3fd74b1e7b3919e222a526e2d471c5cd8162cca541204d492634b62,8163ac504b99d0fd9e7d334f403b4efe929bd1363f887ad1e05104b1f6313cd9,R057
0x0044D9A0,0x0044D530,0x00658948,0x00449D40,6328c8e20d8f4b5d14f629ef90919d3a6493a0ad92921327023aa19fbe4ba98e,8163ac504b99d0fd9e7d334f403b4efe929bd1363f887ad1e05104b1f6313cd9,R057
0x0044DE50,0x0044D9C0,0x006589E4,0x00449D40,9b31a93da1c8a6ddd269e7782ba76bfbb7a5114e8716bbc7adee9895b0553e7a,8163ac504b99d0fd9e7d334f403b4efe929bd1363f887ad1e05104b1f6313cd9,R057
0x0044E090,0x0044DE70,0x00658A4C,0x00449D40,cd4f4ef00095b6b9e2d8250d271e6d74bd3ec4536f399340550c48f328927f91,8163ac504b99d0fd9e7d334f403b4efe929bd1363f887ad1e05104b1f6313cd9,R057
0x0044E2D0,0x0044E0B0,0x00658A88,0x00449D40,80715d0d10f449e90215ecd69c53c49494bf1ff51938e316240768c8540f9cfe,8163ac504b99d0fd9e7d334f403b4efe929bd1363f887ad1e05104b1f6313cd9,R057
0x0044E7F0,0x0044E2F0,0x00658AC4,0x00449D40,cac6c998ed7c689d583370ef4abf31429f473c64b29dfa91b0e685b005321ba6,8163ac504b99d0fd9e7d334f403b4efe929bd1363f887ad1e05104b1f6313cd9,R057
0x0044F520,0x0044F300,0x00658B84,0x00449D40,2f56b25a408003a750a85e77fe2996b471f9497c20dd40037c684cb0be9da8f5,8163ac504b99d0fd9e7d334f403b4efe929bd1363f887ad1e05104b1f6313cd9,R057
0x0044F760,0x0044F540,0x00658BC0,0x00449D40,48cf080bc13210d66a4025ead0f5a411069027d8a7d42f87cfe2a0b7e507d5df,8163ac504b99d0fd9e7d334f403b4efe929bd1363f887ad1e05104b1f6313cd9,R057
0x004500D0,0x0044F780,0x00658BFC,0x00449D40,f6600b4d5a0e1216efadaeed7b4c29ed4ea856693fcd513726e7b4b9b9234558,8163ac504b99d0fd9e7d334f403b4efe929bd1363f887ad1e05104b1f6313cd9,R057
0x00450310,0x004500F0,0x00658C54,0x00449D40,e62c7fe991ca8605cc123e737758ef0ba0a7571f76d3f95830a3d7015e0fdbc8,8163ac504b99d0fd9e7d334f403b4efe929bd1363f887ad1e05104b1f6313cd9,R057
0x004508C0,0x00450330,0x00658C90,0x00449D40,09dc945047500aa6582a84bc4ad3071e08c41e3b49b6a68bd97a45d232015143,8163ac504b99d0fd9e7d334f403b4efe929bd1363f887ad1e05104b1f6313cd9,R057
0x00450B00,0x004508E0,0x00658CFC,0x00449D40,c63e7ea01bfa345acfbe2051ea8f00f009e48fcc832263cfc9a4e908b08b8480,8163ac504b99d0fd9e7d334f403b4efe929bd1363f887ad1e05104b1f6313cd9,R057
0x00451350,0x00451130,0x00658D84,0x00449D40,8a03c8580e5676f80044c24dd13bb9dbd71b4c2d01b3d08e5f67f69e858d5b01,8163ac504b99d0fd9e7d334f403b4efe929bd1363f887ad1e05104b1f6313cd9,R057
0x00451C50,0x00451370,0x00658DC0,0x00449D40,6c112e2963ec3682b9c89c5a665be3d25628efbad2e2769332c5c080e4fe1e14,8163ac504b99d0fd9e7d334f403b4efe929bd1363f887ad1e05104b1f6313cd9,R057
0x00451E90,0x00451C70,0x00658E54,0x00449D40,e540734bf925706534c80a4a58619a30560f04d915c82016076c75358b797ce3,8163ac504b99d0fd9e7d334f403b4efe929bd1363f887ad1e05104b1f6313cd9,R057
