address,constructor_address,vtable_address,slot_index,body_sha256,source_sha256,evidence_id
0x00449B40,0x00449AA0,0x00658434,1,012a7b6ce927f083ba98a546e3d3f750b2a1d82f350ca27efbd30a9c3c7718a5,012a7b6ce927f083ba98a546e3d3f750b2a1d82f350ca27efbd30a9c3c7718a5,R058
0x00449CC0,0x00449AA0,0x00658434,3,012a7b6ce927f083ba98a546e3d3f750b2a1d82f350ca27efbd30a9c3c7718a5,012a7b6ce927f083ba98a546e3d3f750b2a1d82f350ca27efbd30a9c3c7718a5,R058
0x00449CD0,0x00449AA0,0x00658434,2,012a7b6ce927f083ba98a546e3d3f750b2a1d82f350ca27efbd30a9c3c7718a5,012a7b6ce927f083ba98a546e3d3f750b2a1d82f350ca27efbd30a9c3c7718a5,R058
0x0044A160,0x00449E10,0x006584A4,3,012a7b6ce927f083ba98a546e3d3f750b2a1d82f350ca27efbd30a9c3c7718a5,012a7b6ce927f083ba98a546e3d3f750b2a1d82f350ca27efbd30a9c3c7718a5,R058
0x0044A170,0x00449E10,0x006584A4,2,012a7b6ce927f083ba98a546e3d3f750b2a1d82f350ca27efbd30a9c3c7718a5,012a7b6ce927f083ba98a546e3d3f750b2a1d82f350ca27efbd30a9c3c7718a5,R058
0x0044A2D0,0x0044A230,0x006584FC,1,012a7b6ce927f083ba98a546e3d3f750b2a1d82f350ca27efbd30a9c3c7718a5,012a7b6ce927f083ba98a546e3d3f750b2a1d82f350ca27efbd30a9c3c7718a5,R058
0x0044A450,0x0044A230,0x006584FC,3,012a7b6ce927f083ba98a546e3d3f750b2a1d82f350ca27efbd30a9c3c7718a5,012a7b6ce927f083ba98a546e3d3f750b2a1d82f350ca27efbd30a9c3c7718a5,R058
0x0044A460,0x0044A230,0x006584FC,2,012a7b6ce927f083ba98a546e3d3f750b2a1d82f350ca27efbd30a9c3c7718a5,012a7b6ce927f083ba98a546e3d3f750b2a1d82f350ca27efbd30a9c3c7718a5,R058
0x0044A5B0,0x0044A520,0x00658538,1,012a7b6ce927f083ba98a546e3d3f750b2a1d82f350ca27efbd30a9c3c7718a5,012a7b6ce927f083ba98a546e3d3f750b2a1d82f350ca27efbd30a9c3c7718a5,R058
0x0044A680,0x0044A520,0x00658538,3,012a7b6ce927f083ba98a546e3d3f750b2a1d82f350ca27efbd30a9c3c7718a5,012a7b6ce927f083ba98a546e3d3f750b2a1d82f350ca27efbd30a9c3c7718a5,R058
0x0044A690,0x0044A520,0x00658538,2,012a7b6ce927f083ba98a546e3d3f750b2a1d82f350ca27efbd30a9c3c7718a5,012a7b6ce927f083ba98a546e3d3f750b2a1d82f350ca27efbd30a9c3c7718a5,R058
0x0044A7E0,0x0044A750,0x00658574,1,012a7b6ce927f083ba98a546e3d3f750b2a1d82f350ca27efbd30a9c3c7718a5,012a7b6ce927f083ba98a546e3d3f750b2a1d82f350ca27efbd30a9c3c7718a5,R058
0x0044A8B0,0x0044A750,0x00658574,3,012a7b6ce927f083ba98a546e3d3f750b2a1d82f350ca27efbd30a9c3c7718a5,012a7b6ce927f083ba98a546e3d3f750b2a1d82f350ca27efbd30a9c3c7718a5,R058
0x0044A8C0,0x0044A750,0x00658574,2,012a7b6ce927f083ba98a546e3d3f750b2a1d82f350ca27efbd30a9c3c7718a5,012a7b6ce927f083ba98a546e3d3f750b2a1d82f350ca27efbd30a9c3c7718a5,R058
0x0044AA10,0x0044A980,0x006585B0,1,012a7b6ce927f083ba98a546e3d3f750b2a1d82f350ca27efbd30a9c3c7718a5,012a7b6ce927f083ba98a546e3d3f750b2a1d82f350ca27efbd30a9c3c7718a5,R058
0x0044AAE0,0x0044A980,0x006585B0,3,012a7b6ce927f083ba98a546e3d3f750b2a1d82f350ca27efbd30a9c3c7718a5,012a7b6ce927f083ba98a546e3d3f750b2a1d82f350ca27efbd30a9c3c7718a5,R058
0x0044AAF0,0x0044A980,0x006585B0,2,012a7b6ce927f083ba98a546e3d3f750b2a1d82f350ca27efbd30a9c3c7718a5,012a7b6ce927f083ba98a546e3d3f750b2a1d82f350ca27efbd30a9c3c7718a5,R058
0x0044AC50,0x0044ABB0,0x006585EC,1,012a7b6ce927f083ba98a546e3d3f750b2a1d82f350ca27efbd30a9c3c7718a5,012a7b6ce927f083ba98a546e3d3f750b2a1d82f350ca27efbd30a9c3c7718a5,R058
0x0044AD80,0x0044ABB0,0x006585EC,3,012a7b6ce927f083ba98a546e3d3f750b2a1d82f350ca27efbd30a9c3c7718a5,012a7b6ce927f083ba98a546e3d3f750b2a1d82f350ca27efbd30a9c3c7718a5,R058
0x0044AD90,0x0044ABB0,0x006585EC,2,012a7b6ce927f083ba98a546e3d3f750b2a1d82f350ca27efbd30a9c3c7718a5,012a7b6ce927f083ba98a546e3d3f750b2a1d82f350ca27efbd30a9c3c7718a5,R058
0x0044AEF0,0x0044AE50,0x00658634,1,012a7b6ce927f083ba98a546e3d3f750b2a1d82f350ca27efbd30a9c3c7718a5,012a7b6ce927f083ba98a546e3d3f750b2a1d82f350ca27efbd30a9c3c7718a5,R058
0x0044B020,0x0044AE50,0x00658634,3,012a7b6ce927f083ba98a546e3d3f750b2a1d82f350ca27efbd30a9c3c7718a5,012a7b6ce927f083ba98a546e3d3f750b2a1d82f350ca27efbd30a9c3c7718a5,R058
0x0044B030,0x0044AE50,0x00658634,2,012a7b6ce927f083ba98a546e3d3f750b2a1d82f350ca27efbd30a9c3c7718a5,012a7b6ce927f083ba98a546e3d3f750b2a1d82f350ca27efbd30a9c3c7718a5,R058
0x0044B180,0x0044B0F0,0x00658670,1,012a7b6ce927f083ba98a546e3d3f750b2a1d82f350ca27efbd30a9c3c7718a5,012a7b6ce927f083ba98a546e3d3f750b2a1d82f350ca27efbd30a9c3c7718a5,R058
0x0044B250,0x0044B0F0,0x00658670,3,012a7b6ce927f083ba98a546e3d3f750b2a1d82f350ca27efbd30a9c3c7718a5,012a7b6ce927f083ba98a546e3d3f750b2a1d82f350ca27efbd30a9c3c7718a5,R058
0x0044B260,0x0044B0F0,0x00658670,2,012a7b6ce927f083ba98a546e3d3f750b2a1d82f350ca27efbd30a9c3c7718a5,012a7b6ce927f083ba98a546e3d3f750b2a1d82f350ca27efbd30a9c3c7718a5,R058
0x0044B3B0,0x0044B320,0x006586AC,1,012a7b6ce927f083ba98a546e3d3f750b2a1d82f350ca27efbd30a9c3c7718a5,012a7b6ce927f083ba98a546e3d3f750b2a1d82f350ca27efbd30a9c3c7718a5,R058
0x0044B480,0x0044B320,0x006586AC,3,012a7b6ce927f083ba98a546e3d3f750b2a1d82f350ca27efbd30a9c3c7718a5,012a7b6ce927f083ba98a546e3d3f750b2a1d82f350ca27efbd30a9c3c7718a5,R058
0x0044B490,0x0044B320,0x006586AC,2,012a7b6ce927f083ba98a546e3d3f750b2a1d82f350ca27efbd30a9c3c7718a5,012a7b6ce927f083ba98a546e3d3f750b2a1d82f350ca27efbd30a9c3c7718a5,R058
0x0044B970,0x0044B550,0x006586E8,3,012a7b6ce927f083ba98a546e3d3f750b2a1d82f350ca27efbd30a9c3c7718a5,012a7b6ce927f083ba98a546e3d3f750b2a1d82f350ca27efbd30a9c3c7718a5,R058
0x0044BE90,0x0044BA70,0x0065872C,3,012a7b6ce927f083ba98a546e3d3f750b2a1d82f350ca27efbd30a9c3c7718a5,012a7b6ce927f083ba98a546e3d3f750b2a1d82f350ca27efbd30a9c3c7718a5,R058
0x0044C3B0,0x0044BF90,0x00658768,3,012a7b6ce927f083ba98a546e3d3f750b2a1d82f350ca27efbd30a9c3c7718a5,012a7b6ce927f083ba98a546e3d3f750b2a1d82f350ca27efbd30a9c3c7718a5,R058
0x0044C550,0x0044C4B0,0x006587A4,1,012a7b6ce927f083ba98a546e3d3f750b2a1d82f350ca27efbd30a9c3c7718a5,012a7b6ce927f083ba98a546e3d3f750b2a1d82f350ca27efbd30a9c3c7718a5,R058
0x0044C620,0x0044C4B0,0x006587A4,3,012a7b6ce927f083ba98a546e3d3f750b2a1d82f350ca27efbd30a9c3c7718a5,012a7b6ce927f083ba98a546e3d3f750b2a1d82f350ca27efbd30a9c3c7718a5,R058
0x0044C630,0x0044C4B0,0x006587A4,2,012a7b6ce927f083ba98a546e3d3f750b2a1d82f350ca27efbd30a9c3c7718a5,012a7b6ce927f083ba98a546e3d3f750b2a1d82f350ca27efbd30a9c3c7718a5,R058
0x0044C790,0x0044C6F0,0x006587E0,1,012a7b6ce927f083ba98a546e3d3f750b2a1d82f350ca27efbd30a9c3c7718a5,012a7b6ce927f083ba98a546e3d3f750b2a1d82f350ca27efbd30a9c3c7718a5,R058
0x0044C860,0x0044C6F0,0x006587E0,3,012a7b6ce927f083ba98a546e3d3f750b2a1d82f350ca27efbd30a9c3c7718a5,012a7b6ce927f083ba98a546e3d3f750b2a1d82f350ca27efbd30a9c3c7718a5,R058
0x0044C870,0x0044C6F0,0x006587E0,2,012a7b6ce927f083ba98a546e3d3f750b2a1d82f350ca27efbd30a9c3c7718a5,012a7b6ce927f083ba98a546e3d3f750b2a1d82f350ca27efbd30a9c3c7718a5,R058
0x0044C9D0,0x0044C930,0x0065881C,1,012a7b6ce927f083ba98a546e3d3f750b2a1d82f350ca27efbd30a9c3c7718a5,012a7b6ce927f083ba98a546e3d3f750b2a1d82f350ca27efbd30a9c3c7718a5,R058
0x0044CAA0,0x0044C930,0x0065881C,3,012a7b6ce927f083ba98a546e3d3f750b2a1d82f350ca27efbd30a9c3c7718a5,012a7b6ce927f083ba98a546e3d3f750b2a1d82f350ca27efbd30a9c3c7718a5,R058
0x0044CAB0,0x0044C930,0x0065881C,2,012a7b6ce927f083ba98a546e3d3f750b2a1d82f350ca27efbd30a9c3c7718a5,012a7b6ce927f083ba98a546e3d3f750b2a1d82f350ca27efbd30a9c3c7718a5,R058
0x0044CC10,0x0044CB70,0x00658858,1,012a7b6ce927f083ba98a546e3d3f750b2a1d82f350ca27efbd30a9c3c7718a5,012a7b6ce927f083ba98a546e3d3f750b2a1d82f350ca27efbd30a9c3c7718a5,R058
0x0044CD40,0x0044CB70,0x00658858,3,012a7b6ce927f083ba98a546e3d3f750b2a1d82f350ca27efbd30a9c3c7718a5,012a7b6ce927f083ba98a546e3d3f750b2a1d82f350ca27efbd30a9c3c7718a5,R058
0x0044CD50,0x0044CB70,0x00658858,2,012a7b6ce927f083ba98a546e3d3f750b2a1d82f350ca27efbd30a9c3c7718a5,012a7b6ce927f083ba98a546e3d3f750b2a1d82f350ca27efbd30a9c3c7718a5,R058
0x0044CEB0,0x0044CE10,0x00658894,1,012a7b6ce927f083ba98a546e3d3f750b2a1d82f350ca27efbd30a9c3c7718a5,012a7b6ce927f083ba98a546e3d3f750b2a1d82f350ca27efbd30a9c3c7718a5,R058
0x0044CFE0,0x0044CE10,0x00658894,3,012a7b6ce927f083ba98a546e3d3f750b2a1d82f350ca27efbd30a9c3c7718a5,012a7b6ce927f083ba98a546e3d3f750b2a1d82f350ca27efbd30a9c3c7718a5,R058
0x0044CFF0,0x0044CE10,0x00658894,2,012a7b6ce927f083ba98a546e3d3f750b2a1d82f350ca27efbd30a9c3c7718a5,012a7b6ce927f083ba98a546e3d3f750b2a1d82f350ca27efbd30a9c3c7718a5,R058
0x0044D150,0x0044D0B0,0x006588D0,1,012a7b6ce927f083ba98a546e3d3f750b2a1d82f350ca27efbd30a9c3c7718a5,012a7b6ce927f083ba98a546e3d3f750b2a1d82f350ca27efbd30a9c3c7718a5,R058
0x0044D220,0x0044D0B0,0x006588D0,3,012a7b6ce927f083ba98a546e3d3f750b2a1d82f350ca27efbd30a9c3c7718a5,012a7b6ce927f083ba98a546e3d3f750b2a1d82f350ca27efbd30a9c3c7718a5,R058
0x0044D230,0x0044D0B0,0x006588D0,2,012a7b6ce927f083ba98a546e3d3f750b2a1d82f350ca27efbd30a9c3c7718a5,012a7b6ce927f083ba98a546e3d3f750b2a1d82f350ca27efbd30a9c3c7718a5,R058
0x0044D390,0x0044D2F0,0x0065890C,1,012a7b6ce927f083ba98a546e3d3f750b2a1d82f350ca27efbd30a9c3c7718a5,012a7b6ce927f083ba98a546e3d3f750b2a1d82f350ca27efbd30a9c3c7718a5,R058
0x0044D460,0x0044D2F0,0x0065890C,3,012a7b6ce927f083ba98a546e3d3f750b2a1d82f350ca27efbd30a9c3c7718a5,012a7b6ce927f083ba98a546e3d3f750b2a1d82f350ca27efbd30a9c3c7718a5,R058
0x0044D470,0x0044D2F0,0x0065890C,2,012a7b6ce927f083ba98a546e3d3f750b2a1d82f350ca27efbd30a9c3c7718a5,012a7b6ce927f083ba98a546e3d3f750b2a1d82f350ca27efbd30a9c3c7718a5,R058
0x0044D8F0,0x0044D530,0x00658948,3,012a7b6ce927f083ba98a546e3d3f750b2a1d82f350ca27efbd30a9c3c7718a5,012a7b6ce927f083ba98a546e3d3f750b2a1d82f350ca27efbd30a9c3c7718a5,R058
0x0044D900,0x0044D530,0x00658948,2,012a7b6ce927f083ba98a546e3d3f750b2a1d82f350ca27efbd30a9c3c7718a5,012a7b6ce927f083ba98a546e3d3f750b2a1d82f350ca27efbd30a9c3c7718a5,R058
0x0044DDA0,0x0044D9C0,0x006589E4,3,012a7b6ce927f083ba98a546e3d3f750b2a1d82f350ca27efbd30a9c3c7718a5,012a7b6ce927f083ba98a546e3d3f750b2a1d82f350ca27efbd30a9c3c7718a5,R058
0x0044DDB0,0x0044D9C0,0x006589E4,2,012a7b6ce927f083ba98a546e3d3f750b2a1d82f350ca27efbd30a9c3c7718a5,012a7b6ce927f083ba98a546e3d3f750b2a1d82f350ca27efbd30a9c3c7718a5,R058
0x0044DF10,0x0044DE70,0x00658A4C,1,012a7b6ce927f083ba98a546e3d3f750b2a1d82f350ca27efbd30a9c3c7718a5,012a7b6ce927f083ba98a546e3d3f750b2a1d82f350ca27efbd30a9c3c7718a5,R058
0x0044DFE0,0x0044DE70,0x00658A4C,3,012a7b6ce927f083ba98a546e3d3f750b2a1d82f350ca27efbd30a9c3c7718a5,012a7b6ce927f083ba98a546e3d3f750b2a1d82f350ca27efbd30a9c3c7718a5,R058
0x0044DFF0,0x0044DE70,0x00658A4C,2,012a7b6ce927f083ba98a546e3d3f750b2a1d82f350ca27efbd30a9c3c7718a5,012a7b6ce927f083ba98a546e3d3f750b2a1d82f350ca27efbd30a9c3c7718a5,R058
0x0044E150,0x0044E0B0,0x00658A88,1,012a7b6ce927f083ba98a546e3d3f750b2a1d82f350ca27efbd30a9c3c7718a5,012a7b6ce927f083ba98a546e3d3f750b2a1d82f350ca27efbd30a9c3c7718a5,R058
0x0044E220,0x0044E0B0,0x00658A88,3,012a7b6ce927f083ba98a546e3d3f750b2a1d82f350ca27efbd30a9c3c7718a5,012a7b6ce927f083ba98a546e3d3f750b2a1d82f350ca27efbd30a9c3c7718a5,R058
0x0044E230,0x0044E0B0,0x00658A88,2,012a7b6ce927f083ba98a546e3d3f750b2a1d82f350ca27efbd30a9c3c7718a5,012a7b6ce927f083ba98a546e3d3f750b2a1d82f350ca27efbd30a9c3c7718a5,R058
0x0044E740,0x0044E2F0,0x00658AC4,3,012a7b6ce927f083ba98a546e3d3f750b2a1d82f350ca27efbd30a9c3c7718a5,012a7b6ce927f083ba98a546e3d3f750b2a1d82f350ca27efbd30a9c3c7718a5,R058
0x0044E750,0x0044E2F0,0x00658AC4,2,012a7b6ce927f083ba98a546e3d3f750b2a1d82f350ca27efbd30a9c3c7718a5,012a7b6ce927f083ba98a546e3d3f750b2a1d82f350ca27efbd30a9c3c7718a5,R058
0x0044F230,0x0044E810,0x00658B24,3,012a7b6ce927f083ba98a546e3d3f750b2a1d82f350ca27efbd30a9c3c7718a5,012a7b6ce927f083ba98a546e3d3f750b2a1d82f350ca27efbd30a9c3c7718a5,R059
0x0044F240,0x0044E810,0x00658B24,2,012a7b6ce927f083ba98a546e3d3f750b2a1d82f350ca27efbd30a9c3c7718a5,012a7b6ce927f083ba98a546e3d3f750b2a1d82f350ca27efbd30a9c3c7718a5,R059
0x0044F3A0,0x0044F300,0x00658B84,1,012a7b6ce927f083ba98a546e3d3f750b2a1d82f350ca27efbd30a9c3c7718a5,012a7b6ce927f083ba98a546e3d3f750b2a1d82f350ca27efbd30a9c3c7718a5,R058
0x0044F470,0x0044F300,0x00658B84,3,012a7b6ce927f083ba98a546e3d3f750b2a1d82f350ca27efbd30a9c3c7718a5,012a7b6ce927f083ba98a546e3d3f750b2a1d82f350ca27efbd30a9c3c7718a5,R058
0x0044F480,0x0044F300,0x00658B84,2,012a7b6ce927f083ba98a546e3d3f750b2a1d82f350ca27efbd30a9c3c7718a5,012a7b6ce927f083ba98a546e3d3f750b2a1d82f350ca27efbd30a9c3c7718a5,R058
0x0044F5E0,0x0044F540,0x00658BC0,1,012a7b6ce927f083ba98a546e3d3f750b2a1d82f350ca27efbd30a9c3c7718a5,012a7b6ce927f083ba98a546e3d3f750b2a1d82f350ca27efbd30a9c3c7718a5,R058
0x0044F6B0,0x0044F540,0x00658BC0,3,012a7b6ce927f083ba98a546e3d3f750b2a1d82f350ca27efbd30a9c3c7718a5,012a7b6ce927f083ba98a546e3d3f750b2a1d82f350ca27efbd30a9c3c7718a5,R058
0x0044F6C0,0x0044F540,0x00658BC0,2,012a7b6ce927f083ba98a546e3d3f750b2a1d82f350ca27efbd30a9c3c7718a5,012a7b6ce927f083ba98a546e3d3f750b2a1d82f350ca27efbd30a9c3c7718a5,R058
0x00450190,0x004500F0,0x00658C54,1,012a7b6ce927f083ba98a546e3d3f750b2a1d82f350ca27efbd30a9c3c7718a5,012a7b6ce927f083ba98a546e3d3f750b2a1d82f350ca27efbd30a9c3c7718a5,R058
0x00450260,0x004500F0,0x00658C54,3,012a7b6ce927f083ba98a546e3d3f750b2a1d82f350ca27efbd30a9c3c7718a5,012a7b6ce927f083ba98a546e3d3f750b2a1d82f350ca27efbd30a9c3c7718a5,R058
0x00450270,0x004500F0,0x00658C54,2,012a7b6ce927f083ba98a546e3d3f750b2a1d82f350ca27efbd30a9c3c7718a5,012a7b6ce927f083ba98a546e3d3f750b2a1d82f350ca27efbd30a9c3c7718a5,R058
0x00450810,0x00450330,0x00658C90,3,012a7b6ce927f083ba98a546e3d3f750b2a1d82f350ca27efbd30a9c3c7718a5,012a7b6ce927f083ba98a546e3d3f750b2a1d82f350ca27efbd30a9c3c7718a5,R058
0x00450820,0x00450330,0x00658C90,2,012a7b6ce927f083ba98a546e3d3f750b2a1d82f350ca27efbd30a9c3c7718a5,012a7b6ce927f083ba98a546e3d3f750b2a1d82f350ca27efbd30a9c3c7718a5,R058
0x00450980,0x004508E0,0x00658CFC,1,012a7b6ce927f083ba98a546e3d3f750b2a1d82f350ca27efbd30a9c3c7718a5,012a7b6ce927f083ba98a546e3d3f750b2a1d82f350ca27efbd30a9c3c7718a5,R058
0x00450A50,0x004508E0,0x00658CFC,3,012a7b6ce927f083ba98a546e3d3f750b2a1d82f350ca27efbd30a9c3c7718a5,012a7b6ce927f083ba98a546e3d3f750b2a1d82f350ca27efbd30a9c3c7718a5,R058
0x00450A60,0x004508E0,0x00658CFC,2,012a7b6ce927f083ba98a546e3d3f750b2a1d82f350ca27efbd30a9c3c7718a5,012a7b6ce927f083ba98a546e3d3f750b2a1d82f350ca27efbd30a9c3c7718a5,R058
0x00450ED0,0x00450B20,0x00658D38,3,012a7b6ce927f083ba98a546e3d3f750b2a1d82f350ca27efbd30a9c3c7718a5,012a7b6ce927f083ba98a546e3d3f750b2a1d82f350ca27efbd30a9c3c7718a5,R059
0x004511D0,0x00451130,0x00658D84,1,012a7b6ce927f083ba98a546e3d3f750b2a1d82f350ca27efbd30a9c3c7718a5,012a7b6ce927f083ba98a546e3d3f750b2a1d82f350ca27efbd30a9c3c7718a5,R058
0x004512A0,0x00451130,0x00658D84,3,012a7b6ce927f083ba98a546e3d3f750b2a1d82f350ca27efbd30a9c3c7718a5,012a7b6ce927f083ba98a546e3d3f750b2a1d82f350ca27efbd30a9c3c7718a5,R058
0x004512B0,0x00451130,0x00658D84,2,012a7b6ce927f083ba98a546e3d3f750b2a1d82f350ca27efbd30a9c3c7718a5,012a7b6ce927f083ba98a546e3d3f750b2a1d82f350ca27efbd30a9c3c7718a5,R058
0x004519F0,0x00451370,0x00658DC0,3,012a7b6ce927f083ba98a546e3d3f750b2a1d82f350ca27efbd30a9c3c7718a5,012a7b6ce927f083ba98a546e3d3f750b2a1d82f350ca27efbd30a9c3c7718a5,R058
0x00451D10,0x00451C70,0x00658E54,1,012a7b6ce927f083ba98a546e3d3f750b2a1d82f350ca27efbd30a9c3c7718a5,012a7b6ce927f083ba98a546e3d3f750b2a1d82f350ca27efbd30a9c3c7718a5,R058
0x00451DE0,0x00451C70,0x00658E54,3,012a7b6ce927f083ba98a546e3d3f750b2a1d82f350ca27efbd30a9c3c7718a5,012a7b6ce927f083ba98a546e3d3f750b2a1d82f350ca27efbd30a9c3c7718a5,R058
0x00451DF0,0x00451C70,0x00658E54,2,012a7b6ce927f083ba98a546e3d3f750b2a1d82f350ca27efbd30a9c3c7718a5,012a7b6ce927f083ba98a546e3d3f750b2a1d82f350ca27efbd30a9c3c7718a5,R058
