address,kind,asset_path,evidence_id
0x00449AA0,asset-constructor,data\background\BG00a.dat,R055
0x00449E10,asset-constructor,data\background\BG00b.dat,R055
0x0044A230,asset-constructor,data\background\BG00c.dat,R055
0x0044A520,asset-constructor,data\background\BG00x.dat,R055
0x0044A5C0,side-pair-drawer,,R055
0x0044A750,asset-constructor,data\background\BG00y.dat,R055
0x0044A7F0,side-pair-drawer,,R055
0x0044A980,asset-constructor,data\background\BG00z.dat,R055
0x0044AA20,side-pair-drawer,,R055
0x0044ABB0,asset-constructor,data\background\BG01a.dat,R055
0x0044AE50,asset-constructor,data\background\BG01b.dat,R055
0x0044B0F0,asset-constructor,data\background\BG01x.dat,R055
0x0044B190,side-pair-drawer,,R055
0x0044B320,asset-constructor,data\background\BG01y.dat,R055
0x0044B3C0,side-pair-drawer,,R055
0x0044B550,asset-constructor,data\background\BG02a.dat,R055
0x0044BA70,asset-constructor,data\background\BG02b.dat,R055
0x0044BF90,asset-constructor,data\background\BG02c.dat,R055
0x0044C4B0,asset-constructor,data\background\BG02x.dat,R055
0x0044C560,side-pair-drawer,,R055
0x0044C6F0,asset-constructor,data\background\BG02y.dat,R055
0x0044C7A0,side-pair-drawer,,R055
0x0044C930,asset-constructor,data\background\BG02z.dat,R055
0x0044C9E0,side-pair-drawer,,R055
0x0044CB70,asset-constructor,data\background\BG03a.dat,R055
0x0044CE10,asset-constructor,data\background\BG03b.dat,R055
0x0044D0B0,asset-constructor,data\background\BG03x.dat,R055
0x0044D160,side-pair-drawer,,R055
0x0044D2F0,asset-constructor,data\background\BG03y.dat,R055
0x0044D3A0,side-pair-drawer,,R055
0x0044D530,asset-constructor,data\background\BG04a.dat,R055
0x0044D9C0,asset-constructor,data\background\BG04b.dat,R055
0x0044DE70,asset-constructor,data\background\BG04x.dat,R055
0x0044DF20,side-pair-drawer,,R055
0x0044E0B0,asset-constructor,data\background\BG04y.dat,R055
0x0044E160,side-pair-drawer,,R055
0x0044E2F0,asset-constructor,data\background\BG05a.dat,R055
0x0044F300,asset-constructor,data\background\BG05x.dat,R055
0x0044F3B0,side-pair-drawer,,R055
0x0044F540,asset-constructor,data\background\BG05y.dat,R055
0x0044F5F0,side-pair-drawer,,R055
0x0044F780,asset-constructor,data\background\BG06a.dat,R055
0x004500F0,asset-constructor,data\background\BG06x.dat,R055
0x004501A0,side-pair-drawer,,R055
0x00450330,asset-constructor,data\background\BG07a.dat,R055
0x004508E0,asset-constructor,data\background\BG07x.dat,R055
0x00450990,side-pair-drawer,,R055
0x00451130,asset-constructor,data\background\BG08x.dat,R055
0x004511E0,side-pair-drawer,,R055
0x00451370,asset-constructor,data\background\BG09a.dat,R055
0x00451C70,asset-constructor,data\background\BG09x.dat,R055
0x00451D20,side-pair-drawer,,R055
