address,size,body_sha256,template_kind,object_address,callee_address,constructor_callback,destructor_callback,count,stride,registered_callback,registration_target,table_slot,evidence_id
0x00656D00,28,90c3e0631581d0a1bf800ee31fc5a781eb201801c3e5d045d42e760c10087906,object-init,0x00671368,0x004063F0,,,,,0x00656E60,0x0064168B,0x0066C008,R024
0x00656D20,28,39ffcf6b7ba284d0dc58b9746763d696e69f20a6a2b1ac9b5e0855c03df6f451,object-init,0x00671358,0x004064E0,,,,,0x00656E70,0x0064168B,0x0066C00C,R024
0x00656D40,28,d6c995c043224c2c2d8ecd217b28f3138648311e0baf04f9b5d2d3d9bb982f95,object-init,0x006713A0,0x0040AC80,,,,,0x00656E80,0x0064168B,0x0066C010,R024
0x00656D60,42,f2cdc846cc52b5e0faea1c5284637a21947b5dddb769394d18f3880745bb0a84,array-init,0x00671638,0x00641C78,0x00406DB0,0x00406DF0,0x00000002,0x00000048,0x00656E90,0x0064168B,0x0066C014,R024
0x00656D90,28,ad502acc3f5e1711964bbf2868304e8a24f8a9c98c0f892a1d70bc1b491aef17,object-init,0x006716C8,0x005F6F60,,,,,0x00656EB0,0x0064168B,0x0066C018,R024
0x00656DB0,15,df77ebb13e78b9d9cfddfd052a3376790d9b0c66a26d56010234bc34ae799ec7,init-only,0x006718F4,0x00412620,,,,,,,0x0066C01C,R024
0x00656DC0,28,6d8f252447cbd4fb3ec20aa01d449f3e8a88f8ea1b60229e33f22b9405977665,object-init,0x00671750,0x00413650,,,,,0x00656EC0,0x0064168B,0x0066C020,R024
0x00656DE0,28,e05bc130fdae17b3009b53578dff6eb247f654265f01f186648e58e8198575f4,object-init,0x006718F8,0x00416640,,,,,0x00656ED0,0x0064168B,0x0066C024,R024
0x00656E00,28,2252745fab05a12519b126ca00851c629600dc6bef0e9554acdc69f50fc268b5,object-init,0x0068BE08,0x00420240,,,,,0x00656EE0,0x0064168B,0x0066C028,R024
0x00656E20,28,b5d31a8a1fc38a826e79f3b231b4908755c7a4639db60fe30ba02216af94c414,object-init,0x0068BE1C,0x00420320,,,,,0x00656EF0,0x0064168B,0x0066C02C,R024
0x00656E40,28,97c176a4cbaf9314ca8cfa8af3ee1d3868670bad666a662927b1f5a6be2a5e00,object-init,0x0068BE44,0x00424D00,,,,,0x00656F00,0x0064168B,0x0066C030,R024
0x00656E60,15,19c837311f5a90e3ee1c4bc2d0fb33806313785f4bbc5d542ebca3bfab002360,object-finalizer,0x00671368,0x004065D0,,,,,,,,R024
0x00656E70,15,377f12097e212db309c0b966982d043ee8a63629d2fbff382704860fe4fa420b,object-finalizer,0x00671358,0x004065F0,,,,,,,,R024
0x00656E80,15,00d9c9779a0ea561fb5008f4a3405dbef72f95922fa3ac7b67bee5ccc492467f,object-finalizer,0x006713A0,0x0040AD60,,,,,,,,R024
0x00656E90,24,198b1abf2a0518ecb63d328f39911e92f7a6743422a006db319ac96471454056,array-finalizer,0x00671638,0x00641D4A,,0x00406DF0,0x00000002,0x00000048,,,,R024
0x00656EB0,15,4983b57f01f2d18eb9e535b3c58942e32e982767e42518b6e1b5b62943e50950,object-finalizer,0x006716C8,0x005F6FF0,,,,,,,,R024
0x00656EC0,15,272c2026275f8387b44034485c7a10bd6f8b7b7947602d4733a63f4ca40080bc,object-finalizer,0x00671750,0x004136E0,,,,,,,,R024
0x00656ED0,15,feea80983d9d97cdbab4ba0c0c975ca70cfa23488c541f1ecc77f4652a2e5ec3,object-finalizer,0x006718F8,0x004169D0,,,,,,,,R024
0x00656EE0,15,72682c28ef0b69cd1e5a6ce9ce9cab89ede23385e4d11ead4166d5894dc19954,object-finalizer,0x0068BE08,0x00420400,,,,,,,,R024
0x00656EF0,15,3daadde5f5589de84b799e86e40990da9af1b49bc7fca7f79c05fa936e9db0d7,object-finalizer,0x0068BE1C,0x00420420,,,,,,,,R024
0x00656F00,15,dd6d5d8ee9c57528a9187a0097261cf2d82de547a0a289c3b123363d2e95da70,object-finalizer,0x0068BE44,0x00424DE0,,,,,,,,R024
