handler_address,funcinfo_address,funcinfo_sha256,state_count,unwind_address,unwind_sha256,try_count,trymap_address,owners,entries,evidence_id
0x00654CF0,0x006679B8,eb524348f03100cc339aa4eee496bb6e692dc60b6bbf3fa29491a5cacc546ef3,4,0x00667950,140b4dd25fba9a34726bc92b4c31e9d58d2b128837285f66a24c6c5982cf41b7,2,0x00667990,"[{""owner_address"":""0x00404770"",""handler_push_site"":""0x404775""}]","[{""state_index"":0,""to_state"":-1,""cleanup_address"":""0x00000000""},{""state_index"":1,""to_state"":-1,""cleanup_address"":""0x00000000""},{""state_index"":2,""to_state"":-1,""cleanup_address"":""0x00000000""},{""state_index"":3,""to_state"":-1,""cleanup_address"":""0x00000000""}]",R020
0x00654D08,0x00667A50,ac1463afd5c9d6289f23e0e4ca2b4ca86cda9360a2fdfdba8900445b2b8be379,1,0x00667A48,2725b093bfd082c6b6c8c78cc5f1e25329a6d73883aca4cb7e418e31d0a01279,0,0x00000000,"[{""owner_address"":""0x00404AB0"",""handler_push_site"":""0x404ab5""}]","[{""state_index"":0,""to_state"":-1,""cleanup_address"":""0x00654D00""}]",R020
0x00654D28,0x00667A74,df68968ad6b47411a8260508e37d819eea9e0d08287340187b40e124e20dc911,1,0x00667A6C,c7e660f663f47cc85ddf6579cad54247c17b83c3b91557f98a0f39fb32799c34,0,0x00000000,"[{""owner_address"":""0x00404B40"",""handler_push_site"":""0x404b45""}]","[{""state_index"":0,""to_state"":-1,""cleanup_address"":""0x00654D20""}]",R020
0x00654D48,0x00667A98,b2d8e78c59173e83d5ee78060c19933b77133bb14c44f46be71a52a32978589b,1,0x00667A90,44131c0812ef4f2c60edb8a856d400ffbecde8561d53c78d646b5072abbf50b1,0,0x00000000,"[{""owner_address"":""0x00404BF0"",""handler_push_site"":""0x404bf5""}]","[{""state_index"":0,""to_state"":-1,""cleanup_address"":""0x00654D40""}]",R020
0x00654D68,0x00667ABC,5c8751edb962f148ece6da9de7704bf290dd1181cc6d0eec9af6efa136ffaf7f,1,0x00667AB4,fb71c78c4e760c626cde9b4bd1822464a612d9072838f4bcb373060aa7ade311,0,0x00000000,"[{""owner_address"":""0x00405370"",""handler_push_site"":""0x405375""}]","[{""state_index"":0,""to_state"":-1,""cleanup_address"":""0x00654D60""}]",R020
0x00654D80,0x00667B40,b01b501c6d22402a49fbdeab06fe273c80d6dc0621f4e9933cee3f91bd69655e,4,0x00667AD8,521e6f036119d34849ead90363f811bcc8a3d6c473c195e936bcd76b00609045,2,0x00667B18,"[{""owner_address"":""0x00405460"",""handler_push_site"":""0x405465""}]","[{""state_index"":0,""to_state"":-1,""cleanup_address"":""0x00000000""},{""state_index"":1,""to_state"":-1,""cleanup_address"":""0x00000000""},{""state_index"":2,""to_state"":1,""cleanup_address"":""0x00000000""},{""state_index"":3,""to_state"":1,""cleanup_address"":""0x00000000""}]",R020
0x00654D90,0x00667BC4,997401fded3215ac3c6a546eb67f678eaf2345873a26d592015a0879c50d468d,4,0x00667B5C,140b4dd25fba9a34726bc92b4c31e9d58d2b128837285f66a24c6c5982cf41b7,2,0x00667B9C,"[{""owner_address"":""0x004055F0"",""handler_push_site"":""0x4055f5""}]","[{""state_index"":0,""to_state"":-1,""cleanup_address"":""0x00000000""},{""state_index"":1,""to_state"":-1,""cleanup_address"":""0x00000000""},{""state_index"":2,""to_state"":-1,""cleanup_address"":""0x00000000""},{""state_index"":3,""to_state"":-1,""cleanup_address"":""0x00000000""}]",R020
0x00654DA8,0x00667BE8,1f0f34116d4d1e3ca5a77d734da6aff22c0085be4c14a7c8550c76c06b4a69ad,1,0x00667BE0,69b925a4d059eca1d8f82eec58a2b7984f07ecfc2ba3d35fcbb00c6e7f2d0c25,0,0x00000000,"[{""owner_address"":""0x00405960"",""handler_push_site"":""0x405965""}]","[{""state_index"":0,""to_state"":-1,""cleanup_address"":""0x00654DA0""}]",R020
0x00654DC0,0x00667C38,c906d87766c283030b708e0413c00c7242e0a3c2ab7106828dd92d7579ebbe16,2,0x00667C04,3b11da84f00f0bd394c3f0bb8f50e0f6b173fd88e048d0894fe181366059c4ae,1,0x00667C24,"[{""owner_address"":""0x00406180"",""handler_push_site"":""0x406185""}]","[{""state_index"":0,""to_state"":-1,""cleanup_address"":""0x00000000""},{""state_index"":1,""to_state"":-1,""cleanup_address"":""0x00000000""}]",R020
0x00654DD0,0x00667C88,2dfa74545014cad3832afd7b310617c2985b998c21d1a99a036a0c4215239479,2,0x00667C54,3b11da84f00f0bd394c3f0bb8f50e0f6b173fd88e048d0894fe181366059c4ae,1,0x00667C74,"[{""owner_address"":""0x004062D0"",""handler_push_site"":""0x4062d5""}]","[{""state_index"":0,""to_state"":-1,""cleanup_address"":""0x00000000""},{""state_index"":1,""to_state"":-1,""cleanup_address"":""0x00000000""}]",R020
0x00654DE8,0x00667CAC,3e08ed974231e15c4dcc6e7e46b4a30ee73710181466040ba2981fba12232600,1,0x00667CA4,29a9c46a105189120135668d884ff749b4925e196cfda803f0af3f6b87afb246,0,0x00000000,"[{""owner_address"":""0x004071C0"",""handler_push_site"":""0x4071c5""}]","[{""state_index"":0,""to_state"":-1,""cleanup_address"":""0x00654DE0""}]",R020
0x00654DFA,0x00667CD0,7665ff7b283e3695f3ab663147b603f359030f42120666b010d653a98d7036dc,1,0x00667CC8,0a7797fbaa297e678d2d4103e8079a43b11135b8edbde5f6698be67d8070c29a,0,0x00000000,"[{""owner_address"":""0x00407270"",""handler_push_site"":""0x407275""}]","[{""state_index"":0,""to_state"":-1,""cleanup_address"":""0x00654DF2""}]",R020
0x00654E0C,0x00667CF4,79b14f071af30a571d660183baac5a63ca77e6151acd71fe75574f5a7b201d87,1,0x00667CEC,087b7dcb6689485cb402eb10923864a68ddb37146fe82a135ac14022713d9185,0,0x00000000,"[{""owner_address"":""0x00407A50"",""handler_push_site"":""0x407a55""}]","[{""state_index"":0,""to_state"":-1,""cleanup_address"":""0x00654E04""}]",R020
0x00654E1E,0x00667D18,a1adf5180062a517985de0d714081178675c901d51228cc3b5417d5bcc8520d6,1,0x00667D10,bc9f407f07f69a4e309bef7918704c94fc9bdf33a0612b089a2c7b3c18e70300,0,0x00000000,"[{""owner_address"":""0x00407B80"",""handler_push_site"":""0x407b85""}]","[{""state_index"":0,""to_state"":-1,""cleanup_address"":""0x00654E16""}]",R020
0x00654E38,0x00667D78,c2c08e457d111138c9346739c4f3108ac6c9dfc9ce33a792505cc28c9c6e2999,1,0x00667D70,53216ccb424953d18a5a713fc1426b45a13cf97137901de11518b856fcd7d80e,0,0x00000000,"[{""owner_address"":""0x004098D0"",""handler_push_site"":""0x4098d5""}]","[{""state_index"":0,""to_state"":-1,""cleanup_address"":""0x00654E30""}]",R020
0x00654E58,0x00667D9C,97f906c44caf1e919a859aea5134ae6f3899592518f98df66f5c0198b7b9ab2d,1,0x00667D94,355a5d62925450912e40653219ca000d02f40a47d5b37113bff2e44d68ed168f,0,0x00000000,"[{""owner_address"":""0x00409F70"",""handler_push_site"":""0x409f75""}]","[{""state_index"":0,""to_state"":-1,""cleanup_address"":""0x00654E50""}]",R020
0x00654E78,0x00667DC0,8e612a1fbe43721c906144b1a1b261434a30f444ddd67a4a92108770f1e46b32,1,0x00667DB8,976f6a84cb1bc529c345c17cbae5a748fba00da896740b7dd39a0c97daf4cdfb,0,0x00000000,"[{""owner_address"":""0x0040A040"",""handler_push_site"":""0x40a045""}]","[{""state_index"":0,""to_state"":-1,""cleanup_address"":""0x00654E70""}]",R020
0x00654E90,0x00667E44,65f4f8d9909cdf01860d16a55760c518d05183945d7f2238caac1aadf9958d0f,4,0x00667DDC,140b4dd25fba9a34726bc92b4c31e9d58d2b128837285f66a24c6c5982cf41b7,2,0x00667E1C,"[{""owner_address"":""0x0040A210"",""handler_push_site"":""0x40a215""}]","[{""state_index"":0,""to_state"":-1,""cleanup_address"":""0x00000000""},{""state_index"":1,""to_state"":-1,""cleanup_address"":""0x00000000""},{""state_index"":2,""to_state"":-1,""cleanup_address"":""0x00000000""},{""state_index"":3,""to_state"":-1,""cleanup_address"":""0x00000000""}]",R020
0x00654ED4,0x00667E88,f10504f7fb94aa8a882146a3fb95b873ec26a58d41371cd8bdc3e105c5ada57f,5,0x00667E60,2faf952a1c7ac20da480b13787b904a117e518f58015598b711c60d3e6bd6b04,0,0x00000000,"[{""owner_address"":""0x0040AD80"",""handler_push_site"":""0x40ad85""}]","[{""state_index"":0,""to_state"":-1,""cleanup_address"":""0x00654EA0""},{""state_index"":1,""to_state"":0,""cleanup_address"":""0x00654EA8""},{""state_index"":2,""to_state"":1,""cleanup_address"":""0x00654EB3""},{""state_index"":3,""to_state"":2,""cleanup_address"":""0x00654EBE""},{""state_index"":4,""to_state"":3,""cleanup_address"":""0x00654EC9""}]",R020
0x00654F12,0x00667ECC,55f8774310f494b28e6707b10812156c5bf98489c9e358af76d3e8b2d5b2e4d3,5,0x00667EA4,da400b3b27aeb5042f57ee0286e4950d687a15b49985e04fc70c100efe41fcff,0,0x00000000,"[{""owner_address"":""0x0040AE40"",""handler_push_site"":""0x40ae45""}]","[{""state_index"":0,""to_state"":-1,""cleanup_address"":""0x00654EDE""},{""state_index"":1,""to_state"":0,""cleanup_address"":""0x00654EE6""},{""state_index"":2,""to_state"":1,""cleanup_address"":""0x00654EF1""},{""state_index"":3,""to_state"":2,""cleanup_address"":""0x00654EFC""},{""state_index"":4,""to_state"":3,""cleanup_address"":""0x00654F07""}]",R020
0x00654F24,0x00667EF0,cd191c9968d6bcb1b1268527e090ed362be20d199a8e62eda0e2e16b9f96fa8d,1,0x00667EE8,dfc3e8ede166fb753c1ba72328670ed610cd60db31ec0cdadc7b4ba8b193a494,0,0x00000000,"[{""owner_address"":""0x0040B000"",""handler_push_site"":""0x40b005""}]","[{""state_index"":0,""to_state"":-1,""cleanup_address"":""0x00654F1C""}]",R020
0x00654F36,0x00667F14,8cbccf89423ac16a6616d4766848dfd869fa27dd738e3a1139b26114a4144bcc,1,0x00667F0C,1aac295b15cc586e6a0076acce75cbe4e3b49fa67fcdbe8cfbd9ab9334aa5a60,0,0x00000000,"[{""owner_address"":""0x0040B110"",""handler_push_site"":""0x40b115""}]","[{""state_index"":0,""to_state"":-1,""cleanup_address"":""0x00654F2E""}]",R020
0x00654F48,0x00667F38,1708e1fed7895ccf04863f6202c93b6c9a19f31c19c3fbc23dfc8547b9f15521,1,0x00667F30,50b1e0c85be128dc9512667dd98bd9dae4bd7c593181b71989f42e5ff048a179,0,0x00000000,"[{""owner_address"":""0x0040B1D0"",""handler_push_site"":""0x40b1d5""}]","[{""state_index"":0,""to_state"":-1,""cleanup_address"":""0x00654F40""}]",R020
0x00654F68,0x00667F5C,a99668442adb51cc40b4dde11503f30d83a677a05519430bbff748b491c5108c,1,0x00667F54,632fbbb4f8462ce33c9ab4ed05817c836b703e7ed1da89153aecb09e4bf53de7,0,0x00000000,"[{""owner_address"":""0x0040E000"",""handler_push_site"":""0x40e005""}]","[{""state_index"":0,""to_state"":-1,""cleanup_address"":""0x00654F60""}]",R020
0x00654F88,0x00667F80,6b9144d2f3c0c51962b0ae32ef00caa0f11fdc0cf2d4cd2cd57b8fe9f7f1e4fe,1,0x00667F78,6b150a8e4129870ee52505ed436a59fb5b3c0f8bd98161cdad7ac8d1b2eebff1,0,0x00000000,"[{""owner_address"":""0x0040E5D0"",""handler_push_site"":""0x40e5d5""}]","[{""state_index"":0,""to_state"":-1,""cleanup_address"":""0x00654F80""}]",R020
0x00654FA8,0x00667FA4,58a64b664122a4be67d4bd66746e1d61534cb5d55ceda8c584a209b051ac2066,1,0x00667F9C,fabefd2489c45589e1094ee68d978352517d5277384aa90c25379c579c6e7371,0,0x00000000,"[{""owner_address"":""0x0040E790"",""handler_push_site"":""0x40e795""}]","[{""state_index"":0,""to_state"":-1,""cleanup_address"":""0x00654FA0""}]",R020
0x00654FC8,0x00668030,9dfbdc6292df30e3239cd89a47f1e8bb627dfd330bbe095cfc2632ce86611491,5,0x00667FC0,96fc786291a5222e903842b6b7f3e303c069f1768fb4f0e12f149427deed7d72,2,0x00668008,"[{""owner_address"":""0x0040EA30"",""handler_push_site"":""0x40ea35""}]","[{""state_index"":0,""to_state"":-1,""cleanup_address"":""0x00654FC0""},{""state_index"":1,""to_state"":0,""cleanup_address"":""0x00000000""},{""state_index"":2,""to_state"":0,""cleanup_address"":""0x00000000""},{""state_index"":3,""to_state"":0,""cleanup_address"":""0x00000000""},{""state_index"":4,""to_state"":0,""cleanup_address"":""0x00000000""}]",R020
0x00654FE0,0x006680B4,913103feb08d70daf66e06b877ca7c2a97e8c315792e199c4233f0884407c101,4,0x0066804C,140b4dd25fba9a34726bc92b4c31e9d58d2b128837285f66a24c6c5982cf41b7,2,0x0066808C,"[{""owner_address"":""0x0040EDB0"",""handler_push_site"":""0x40edb5""}]","[{""state_index"":0,""to_state"":-1,""cleanup_address"":""0x00000000""},{""state_index"":1,""to_state"":-1,""cleanup_address"":""0x00000000""},{""state_index"":2,""to_state"":-1,""cleanup_address"":""0x00000000""},{""state_index"":3,""to_state"":-1,""cleanup_address"":""0x00000000""}]",R020
0x00654FF0,0x00668104,7796d6d3aeb79cd4b64aefbf00535f492875202e5aba16394b4749fd5e4af61c,2,0x006680D0,3b11da84f00f0bd394c3f0bb8f50e0f6b173fd88e048d0894fe181366059c4ae,1,0x006680F0,"[{""owner_address"":""0x0040F780"",""handler_push_site"":""0x40f785""}]","[{""state_index"":0,""to_state"":-1,""cleanup_address"":""0x00000000""},{""state_index"":1,""to_state"":-1,""cleanup_address"":""0x00000000""}]",R020
0x00655000,0x00668154,97bd1d74654888833a748adc6c3ee9ee1716ca3c73904abb69f3005da8910455,2,0x00668120,3b11da84f00f0bd394c3f0bb8f50e0f6b173fd88e048d0894fe181366059c4ae,1,0x00668140,"[{""owner_address"":""0x0040F880"",""handler_push_site"":""0x40f885""}]","[{""state_index"":0,""to_state"":-1,""cleanup_address"":""0x00000000""},{""state_index"":1,""to_state"":-1,""cleanup_address"":""0x00000000""}]",R020
0x0065501B,0x00668178,8469b679a9d272fdebbdd5e5d7a22d3695adf13b454dc7d8c0212fe5562092d5,1,0x00668170,65e4df15649ede080a6547ffe2dc45dc26cae7e5ca860d073e1fa2c8e37e918e,0,0x00000000,"[{""owner_address"":""0x00410F30"",""handler_push_site"":""0x410f35""}]","[{""state_index"":0,""to_state"":-1,""cleanup_address"":""0x00655010""}]",R020
0x00655030,0x006681C8,8768610079366357678e916d2d91d973979c9eaee24dc437b64e72bb30849a9b,2,0x00668194,3b11da84f00f0bd394c3f0bb8f50e0f6b173fd88e048d0894fe181366059c4ae,1,0x006681B4,"[{""owner_address"":""0x00411FE0"",""handler_push_site"":""0x411fe5""}]","[{""state_index"":0,""to_state"":-1,""cleanup_address"":""0x00000000""},{""state_index"":1,""to_state"":-1,""cleanup_address"":""0x00000000""}]",R020
0x00655051,0x00668220,5e0a8a23542dd67e6104aa3c1a6bab548553818873b737bd7b161c7a36213587,3,0x006681E4,c5fa713938d60f327eb1574f705e2574ecbee4cfc59b9ac8765495dd8f0cfcf1,1,0x0066820C,"[{""owner_address"":""0x00412240"",""handler_push_site"":""0x412245""}]","[{""state_index"":0,""to_state"":-1,""cleanup_address"":""0x00000000""},{""state_index"":1,""to_state"":0,""cleanup_address"":""0x00655040""},{""state_index"":2,""to_state"":-1,""cleanup_address"":""0x00000000""}]",R020
0x00655068,0x00668244,5d814220b4d7f38678727da2d5c3cb788d0e2aae44921b7c1241c6089a2c1a42,1,0x0066823C,2b72af39d266af524926c6e32a300be861fbcf1b83f2d260cf635b0fb6ac7777,0,0x00000000,"[{""owner_address"":""0x00412310"",""handler_push_site"":""0x412315""}]","[{""state_index"":0,""to_state"":-1,""cleanup_address"":""0x00655060""}]",R020
0x0065508B,0x00668268,beb28d7424ddd8b74531dfced2911197fd7bf627f3536bc0b2c1ef7d2da88825,1,0x00668260,f51000b85e3f1dfcab70fed318f71b8d4b99ad56ab32a414615a77c4cb78c4aa,0,0x00000000,"[{""owner_address"":""0x00412DD0"",""handler_push_site"":""0x412dd5""}]","[{""state_index"":0,""to_state"":-1,""cleanup_address"":""0x00655080""}]",R020
0x006550A0,0x0066828C,b76283ca6ad63a703bf7f43ad509eb885ce9a26761a3e1b1235a92adb58f47c9,1,0x00668284,70e96c6f5ac52d5091970e049aabe2b26ffe9d43911766f751fdee3d6bd3dfdb,0,0x00000000,"[{""owner_address"":""0x00412E50"",""handler_push_site"":""0x412e55""}]","[{""state_index"":0,""to_state"":-1,""cleanup_address"":""0x00655095""}]",R020
0x006550B5,0x006682B0,4d1c63b44ecc2f1e8114c3375f5923b838871e6414ae36354791c725298645e9,1,0x006682A8,88e390a29ffba5230fe8ca3426d7c305a12ad2b26d92ba5b23f7726b65917ad3,0,0x00000000,"[{""owner_address"":""0x00413460"",""handler_push_site"":""0x413465""}]","[{""state_index"":0,""to_state"":-1,""cleanup_address"":""0x006550AA""}]",R020
0x006550EA,0x006682E4,2ffa993f043c61e197adebbe9547f6b6ed921f61f8e85db8a154a8941a890494,3,0x006682CC,ddb3e4f5e24bb6bc8d49d5f0bd135d073b0d6072ce77562d566d33681d33e492,0,0x00000000,"[{""owner_address"":""0x00413650"",""handler_push_site"":""0x413655""}]","[{""state_index"":0,""to_state"":-1,""cleanup_address"":""0x006550C0""},{""state_index"":1,""to_state"":0,""cleanup_address"":""0x006550CE""},{""state_index"":2,""to_state"":1,""cleanup_address"":""0x006550DC""}]",R020
0x0065512C,0x00668320,482e04bfc5add089d0106ae6126635dd7ca42a2e0f2644b370fa870eb16be19a,4,0x00668300,d1da746ee493a9517883b371ffd55047f4058e84c9ead2951d1ee9b56442291c,0,0x00000000,"[{""owner_address"":""0x004136E0"",""handler_push_site"":""0x4136e5""}]","[{""state_index"":0,""to_state"":-1,""cleanup_address"":""0x006550F4""},{""state_index"":1,""to_state"":0,""cleanup_address"":""0x00655102""},{""state_index"":2,""to_state"":1,""cleanup_address"":""0x00655110""},{""state_index"":3,""to_state"":2,""cleanup_address"":""0x0065511E""}]",R020
0x00655148,0x00668344,e6963e1ac9fa9f9f2a33e89b24ece1919c6b39f38aa588ad8d9e2c40618d9999,1,0x0066833C,167b228bea6ee82a7239883b6ccb533a6b183be58fcf6be12dc9da79b079efd2,0,0x00000000,"[{""owner_address"":""0x00415970"",""handler_push_site"":""0x415975""}]","[{""state_index"":0,""to_state"":-1,""cleanup_address"":""0x00655140""}]",R020
0x00655168,0x00668368,8a6b0aa19b7fc2ce9e1205e0060722bc5651d228ed90d3ed059ee31499d588dc,1,0x00668360,cd290c988b1dcea1c98271e6bc910928f320175d3b69bdceece8317290d2f8c5,0,0x00000000,"[{""owner_address"":""0x00415B60"",""handler_push_site"":""0x415b65""}]","[{""state_index"":0,""to_state"":-1,""cleanup_address"":""0x00655160""}]",R020
0x00655188,0x0066838C,8cf0d2514c465ff7ef408827857b261182dda3ebaf1a187f145e415ae1d2f7cb,1,0x00668384,377a67ed70e24c8b7cd47a7d4d504eb64ed3123a3934d4be315dbe6517441a6e,0,0x00000000,"[{""owner_address"":""0x00415D50"",""handler_push_site"":""0x415d55""}]","[{""state_index"":0,""to_state"":-1,""cleanup_address"":""0x00655180""}]",R020
0x006551C1,0x006683C0,c1a5ca187c07d6cd9896fdf889ceabd3c94a29ce434294d79fe83b808d144d96,3,0x006683A8,a3b6353382d598b3877a2814e5a4fe8bc1b574ea1a7ae8d24018ceada06074be,0,0x00000000,"[{""owner_address"":""0x004175A0"",""handler_push_site"":""0x4175a5""}]","[{""state_index"":0,""to_state"":-1,""cleanup_address"":""0x006551A0""},{""state_index"":1,""to_state"":-1,""cleanup_address"":""0x006551AB""},{""state_index"":2,""to_state"":-1,""cleanup_address"":""0x006551B6""}]",R020
0x00655247,0x00668434,67c34e66f50e2b0a096d60f69a45e52e9be03d422922e3a3b4404f0e719442d0,11,0x006683DC,1e359aa0269c90c3c8c292125428f234556dabc54b45c306cec1a194b8380726,0,0x00000000,"[{""owner_address"":""0x004176F0"",""handler_push_site"":""0x4176f5""}]","[{""state_index"":0,""to_state"":-1,""cleanup_address"":""0x006551CB""},{""state_index"":1,""to_state"":-1,""cleanup_address"":""0x006551D6""},{""state_index"":2,""to_state"":-1,""cleanup_address"":""0x006551E1""},{""state_index"":3,""to_state"":-1,""cleanup_address"":""0x006551EC""},{""state_index"":4,""to_state"":-1,""cleanup_address"":""0x006551F7""},{""state_index"":5,""to_state"":-1,""cleanup_address"":""0x00655202""},{""state_index"":6,""to_state"":-1,""cleanup_address"":""0x0065520D""},{""state_index"":7,""to_state"":-1,""cleanup_address"":""0x00655218""},{""state_index"":8,""to_state"":-1,""cleanup_address"":""0x00655223""},{""state_index"":9,""to_state"":-1,""cleanup_address"":""0x0065522E""},{""state_index"":10,""to_state"":-1,""cleanup_address"":""0x00655239""}]",R020
0x00655422,0x00668570,a3030a01ba24963116ed6cee59f686435b5bfc689c016acbfbb9420a11ebee99,36,0x00668450,a2fb78d087f48b32b8006b5006aa024e2271b7214b6e62bf8ad0ff070b162e40,0,0x00000000,"[{""owner_address"":""0x004183D0"",""handler_push_site"":""0x4183d5""}]","[{""state_index"":0,""to_state"":-1,""cleanup_address"":""0x00655251""},{""state_index"":1,""to_state"":-1,""cleanup_address"":""0x0065525C""},{""state_index"":2,""to_state"":-1,""cleanup_address"":""0x00655267""},{""state_index"":3,""to_state"":-1,""cleanup_address"":""0x00655272""},{""state_index"":4,""to_state"":-1,""cleanup_address"":""0x0065527D""},{""state_index"":5,""to_state"":-1,""cleanup_address"":""0x00655288""},{""state_index"":6,""to_state"":-1,""cleanup_address"":""0x00655293""},{""state_index"":7,""to_state"":-1,""cleanup_address"":""0x0065529E""},{""state_index"":8,""to_state"":-1,""cleanup_address"":""0x006552A9""},{""state_index"":9,""to_state"":-1,""cleanup_address"":""0x006552B4""},{""state_index"":10,""to_state"":-1,""cleanup_address"":""0x006552BF""},{""state_index"":11,""to_state"":-1,""cleanup_address"":""0x006552CA""},{""state_index"":12,""to_state"":-1,""cleanup_address"":""0x006552D5""},{""state_index"":13,""to_state"":-1,""cleanup_address"":""0x006552E0""},{""state_index"":14,""to_state"":-1,""cleanup_address"":""0x006552EE""},{""state_index"":15,""to_state"":-1,""cleanup_address"":""0x006552FC""},{""state_index"":16,""to_state"":-1,""cleanup_address"":""0x0065530A""},{""state_index"":17,""to_state"":-1,""cleanup_address"":""0x00655318""},{""state_index"":18,""to_state"":-1,""cleanup_address"":""0x00655326""},{""state_index"":19,""to_state"":-1,""cleanup_address"":""0x00655334""},{""state_index"":20,""to_state"":-1,""cleanup_address"":""0x00655342""},{""state_index"":21,""to_state"":-1,""cleanup_address"":""0x00655350""},{""state_index"":22,""to_state"":-1,""cleanup_address"":""0x0065535E""},{""state_index"":23,""to_state"":-1,""cleanup_address"":""0x0065536C""},{""state_index"":24,""to_state"":-1,""cleanup_address"":""0x0065537A""},{""state_index"":25,""to_state"":-1,""cleanup_address"":""0x00655388""},{""state_index"":26,""to_state"":-1,""cleanup_address"":""0x00655396""},{""state_index"":27,""to_state"":-1,""cleanup_address"":""0x006553A4""},{""state_index"":28,""to_state"":-1,""cleanup_address"":""0x006553B2""},{""state_index"":29,""to_state"":-1,""cleanup_address"":""0x006553C0""},{""state_index"":30,""to_state"":-1,""cleanup_address"":""0x006553CE""},{""state_index"":31,""to_state"":-1,""cleanup_address"":""0x006553DC""},{""state_index"":32,""to_state"":-1,""cleanup_address"":""0x006553EA""},{""state_index"":33,""to_state"":-1,""cleanup_address"":""0x006553F8""},{""state_index"":34,""to_state"":-1,""cleanup_address"":""0x00655406""},{""state_index"":35,""to_state"":-1,""cleanup_address"":""0x00655414""}]",R020
0x0065543B,0x00668594,124eb15bde9f82f78c02f46019e7a30bf19bf86b9bda51124ee48e65ed306aa4,1,0x0066858C,e2ca231531ad26cbe5b555c0e3447e3f7cd46170a560ba7898402dcd06086b22,0,0x00000000,"[{""owner_address"":""0x0041CF80"",""handler_push_site"":""0x41cf85""}]","[{""state_index"":0,""to_state"":-1,""cleanup_address"":""0x00655430""}]",R020
0x00655450,0x006685B8,9f6409331579ab90d757d045d6466b279ff32c5e6f1b4a2b78ab30be7c52d322,1,0x006685B0,4072d5951fe1240c72de381c297d32da750bedd9c2608abd0130f8497c90e6da,0,0x00000000,"[{""owner_address"":""0x0041D190"",""handler_push_site"":""0x41d195""}]","[{""state_index"":0,""to_state"":-1,""cleanup_address"":""0x00655445""}]",R020
0x00655465,0x006685DC,928fdb01a7a92d234f51132806b888451ec64e6583dc8a9ef182923af82fc309,1,0x006685D4,39ea1c436d26c5f3649ece0ab4576252bcaf447b330040e664a1cf4e08a5e33c,0,0x00000000,"[{""owner_address"":""0x0041D1F0"",""handler_push_site"":""0x41d1f5""}]","[{""state_index"":0,""to_state"":-1,""cleanup_address"":""0x0065545A""}]",R020
0x00655470,0x0066862C,262e3e0896a9f4c8b77f60eef1e91bf40a1a0bfc412e368f249dae0cbe758efa,2,0x006685F8,3b11da84f00f0bd394c3f0bb8f50e0f6b173fd88e048d0894fe181366059c4ae,1,0x00668618,"[{""owner_address"":""0x0041E1A0"",""handler_push_site"":""0x41e1a5""}]","[{""state_index"":0,""to_state"":-1,""cleanup_address"":""0x00000000""},{""state_index"":1,""to_state"":-1,""cleanup_address"":""0x00000000""}]",R020
0x00655488,0x00668650,f7ae27b34ba907e6893d54a854ac2a690cf60cfb3b6889d2a039101fc9a90c5d,1,0x00668648,8439486177a792efcdffb4c7010d9a5acd3e26f489aa48ef5d5ecd46fd11fdad,0,0x00000000,"[{""owner_address"":""0x0041E490"",""handler_push_site"":""0x41e495""}]","[{""state_index"":0,""to_state"":-1,""cleanup_address"":""0x00655480""}]",R020
0x006554A8,0x00668674,4fe61e2efb6328c86184041e3e2374f4b890c7b66151cae5ca2b05681563eaab,1,0x0066866C,0821344d3bad23a6503ff2ef0cd1186d1cfccd9f170adaa1ec1b8699bfd59190,0,0x00000000,"[{""owner_address"":""0x0041E910"",""handler_push_site"":""0x41e915""}]","[{""state_index"":0,""to_state"":-1,""cleanup_address"":""0x006554A0""}]",R020
0x006554D1,0x006686CC,3ab72387b4294f38b0cc0cad1ea5b977eb2e8762fc4e3ae36df0df05457795c2,3,0x00668690,afb7803bc22917c1c88850360cc6fbe8554143ad5042279244af7c57e13ae44e,1,0x006686B8,"[{""owner_address"":""0x0041EF60"",""handler_push_site"":""0x41ef65""}]","[{""state_index"":0,""to_state"":-1,""cleanup_address"":""0x00000000""},{""state_index"":1,""to_state"":0,""cleanup_address"":""0x006554C0""},{""state_index"":2,""to_state"":-1,""cleanup_address"":""0x00000000""}]",R020
0x006554E8,0x006686F0,3a48980605837c0174d51e7b568d14953135dfa421a88983c4d25a83bbf15e08,1,0x006686E8,6fe71a51e6e0e360116a044db85bc89bba912be792c8e01a8235fbb129508a99,0,0x00000000,"[{""owner_address"":""0x0041F020"",""handler_push_site"":""0x41f025""}]","[{""state_index"":0,""to_state"":-1,""cleanup_address"":""0x006554E0""}]",R020
0x00655508,0x00668714,96330634e5eb4424df8aa332432f870b5ffc9428d6e29611f863111b2faa9aae,1,0x0066870C,a553b5c3e822207b8680d1e8c72cd9ba15c6668e1367970510ba021da3a69e62,0,0x00000000,"[{""owner_address"":""0x0041F2E0"",""handler_push_site"":""0x41f2e5""}]","[{""state_index"":0,""to_state"":-1,""cleanup_address"":""0x00655500""}]",R020
0x00655528,0x00668738,f00faa992c44a6559def7242e9cc01ebb496cbca5ba8bfd5059c2da74f3c9951,1,0x00668730,7e83775b7fe15a84d04f206488e58bd0b2c1b7758fb589ffde9449f21bc3ce0d,0,0x00000000,"[{""owner_address"":""0x0041F550"",""handler_push_site"":""0x41f555""}]","[{""state_index"":0,""to_state"":-1,""cleanup_address"":""0x00655520""}]",R020
0x0065554E,0x0066875C,3f513563236f0cfc1a8267509ab2dc1b14505bed1ba98d8b55fa4415d2e65d6b,1,0x00668754,2173753695eb6a75ed1f37b5bb2449ef373782639b255a8fda5adfb17894d602,0,0x00000000,"[{""owner_address"":""0x00420440"",""handler_push_site"":""0x420445""}]","[{""state_index"":0,""to_state"":-1,""cleanup_address"":""0x00655540""}]",R020
0x00655566,0x00668780,067b2bc88529275253cb1169fc4f8277f2e2066c22d357db538a62fbc1acf834,1,0x00668778,43c6bb6603c1feda52689b073cc71b8bc00ac57c1be3f06c7ea07df57c53b224,0,0x00000000,"[{""owner_address"":""0x004204D0"",""handler_push_site"":""0x4204d5""}]","[{""state_index"":0,""to_state"":-1,""cleanup_address"":""0x00655558""}]",R020
0x006555B8,0x006687E4,65ef6cda4be762a4edb0b5ea77b1bad2439e85c66c10ecf2b919b12b16733822,9,0x0066879C,1391cfc0959c9c60f5215d656eed54dc03f4a76ec1731c0ef6f344fef104d81b,0,0x00000000,"[{""owner_address"":""0x00420880"",""handler_push_site"":""0x420885""}]","[{""state_index"":0,""to_state"":-1,""cleanup_address"":""0x00655570""},{""state_index"":1,""to_state"":-1,""cleanup_address"":""0x00655578""},{""state_index"":2,""to_state"":-1,""cleanup_address"":""0x00655580""},{""state_index"":3,""to_state"":-1,""cleanup_address"":""0x00655588""},{""state_index"":4,""to_state"":-1,""cleanup_address"":""0x00655590""},{""state_index"":5,""to_state"":-1,""cleanup_address"":""0x00655598""},{""state_index"":6,""to_state"":-1,""cleanup_address"":""0x006555A0""},{""state_index"":7,""to_state"":-1,""cleanup_address"":""0x006555A8""},{""state_index"":8,""to_state"":-1,""cleanup_address"":""0x006555B0""}]",R020
0x006555D8,0x00668808,e5c83253b0f5c409bfdfb3fd50bffaf1f4bb2996d7882b8888b210c3b9c3806b,1,0x00668800,c88344887430f76e9bf01d624b43a0477933effe234afb29addc7185f78f3317,0,0x00000000,"[{""owner_address"":""0x00421250"",""handler_push_site"":""0x421255""}]","[{""state_index"":0,""to_state"":-1,""cleanup_address"":""0x006555D0""}]",R020
0x006555F8,0x0066882C,22842681ab93eb7b5f6b9efffe6502e5f2f23a3e4d6dd137a69f9df7ec2a09e8,1,0x00668824,594a517e7fbaece9508ff8c75be91eacf71358c7e0dd50c54d8e522c7afa6777,0,0x00000000,"[{""owner_address"":""0x004212A0"",""handler_push_site"":""0x4212a5""}]","[{""state_index"":0,""to_state"":-1,""cleanup_address"":""0x006555F0""}]",R020
0x00655618,0x00668850,e7e0df8d127a5db53cab8c1fe9441df2e2ac0f997b8dcc881e52fb239396280f,1,0x00668848,6cdeec634978738aa18efab6484eca4754764b4ef17108accb6f9cd4d04a4aeb,0,0x00000000,"[{""owner_address"":""0x00421750"",""handler_push_site"":""0x421755""}]","[{""state_index"":0,""to_state"":-1,""cleanup_address"":""0x00655610""}]",R020
0x00655638,0x00668874,3d2c5c1480c042133e8792a170a6ca1923d555578ee0aba04e545904f769c0fa,1,0x0066886C,912906308be9d09e9a3ae66bf46d0db2995578969b2ace09d9d87b91ce412f74,0,0x00000000,"[{""owner_address"":""0x00421B70"",""handler_push_site"":""0x421b75""}]","[{""state_index"":0,""to_state"":-1,""cleanup_address"":""0x00655630""}]",R020
0x00655658,0x00668898,38ed8ec88ad92d172f5126c6239d6527ae6854185b44b9218e168850ec519875,1,0x00668890,dd440f17bb50f3efe455af6694ef7eac57a1c6b95a308fdf9c6895ca900b7520,0,0x00000000,"[{""owner_address"":""0x00422140"",""handler_push_site"":""0x422145""}]","[{""state_index"":0,""to_state"":-1,""cleanup_address"":""0x00655650""}]",R020
0x00655678,0x006688BC,4e3cb8cefffcba1a24a52355efdec0f21b7297bb23f168ba86a816fd0beea787,1,0x006688B4,af996020aa59ec33a06a1c10cffc6a124a5f2ae3e2f177b4d38a19bbc2bdc72a,0,0x00000000,"[{""owner_address"":""0x00422330"",""handler_push_site"":""0x422335""}]","[{""state_index"":0,""to_state"":-1,""cleanup_address"":""0x00655670""}]",R020
0x006556A1,0x006688E0,fa1317d1f13189d58a9be5b14b706dba253ce175c31875189dd60c12a7227bb6,1,0x006688D8,986e985d6bc364630b5cee2679e12a81a9c2ead3418d916239664d7443ed9abe,0,0x00000000,"[{""owner_address"":""0x004228C0"",""handler_push_site"":""0x4228c5""}]","[{""state_index"":0,""to_state"":-1,""cleanup_address"":""0x00655690""}]",R020
0x006556B0,0x00668930,3d76b072115358504449a01aeec2362d4eba3bb5c7f97df53673edf579422ec8,2,0x006688FC,3b11da84f00f0bd394c3f0bb8f50e0f6b173fd88e048d0894fe181366059c4ae,1,0x0066891C,"[{""owner_address"":""0x00422A50"",""handler_push_site"":""0x422a55""}]","[{""state_index"":0,""to_state"":-1,""cleanup_address"":""0x00000000""},{""state_index"":1,""to_state"":-1,""cleanup_address"":""0x00000000""}]",R020
0x006556C0,0x006689B4,3e569af3cae79797c2d40d9ef6315369a6494a84ecebd826cd8bcab5901eeb01,4,0x0066894C,140b4dd25fba9a34726bc92b4c31e9d58d2b128837285f66a24c6c5982cf41b7,2,0x0066898C,"[{""owner_address"":""0x00422D70"",""handler_push_site"":""0x422d75""}]","[{""state_index"":0,""to_state"":-1,""cleanup_address"":""0x00000000""},{""state_index"":1,""to_state"":-1,""cleanup_address"":""0x00000000""},{""state_index"":2,""to_state"":-1,""cleanup_address"":""0x00000000""},{""state_index"":3,""to_state"":-1,""cleanup_address"":""0x00000000""}]",R020
0x006556D8,0x006689D8,3cf200a894d08c03bff9f27114c0e97f373b38336cc47bbdb35b8873f6921617,1,0x006689D0,c3355c2dfd1624635ec5fb03c071c445d4ae42237b1210a861dcb222839383a8,0,0x00000000,"[{""owner_address"":""0x00424110"",""handler_push_site"":""0x424115""}]","[{""state_index"":0,""to_state"":-1,""cleanup_address"":""0x006556D0""}]",R020
0x006556F8,0x006689FC,f0db0f4aa8d61540cc35eeedd3105da25c06fe603cfcaa4c27f5e4a965efd0e4,1,0x006689F4,233bca067163477b0225f71f290f0949b74c82e35fd1e79359a2a677ccc60c24,0,0x00000000,"[{""owner_address"":""0x00424760"",""handler_push_site"":""0x424765""}]","[{""state_index"":0,""to_state"":-1,""cleanup_address"":""0x006556F0""}]",R020
0x00655718,0x00668A20,e349cdde4f031204138ee65be17075b0550c186e80ddc8dfd723c2d62ccc0860,1,0x00668A18,3ca3d97d952d313997699c891e7e1651432343cf207320ed5668777727549801,0,0x00000000,"[{""owner_address"":""0x00424E00"",""handler_push_site"":""0x424e05""}]","[{""state_index"":0,""to_state"":-1,""cleanup_address"":""0x00655710""}]",R020
0x00655743,0x00668A4C,3507e5fdd5bcf362b503b432fd787bfacad7c8934424503fdbf41e794be45e42,2,0x00668A3C,5505ad18020c2dea8ad41a265d0a1980faca5f8be044a0ca3f208584d21945e0,0,0x00000000,"[{""owner_address"":""0x004251F0"",""handler_push_site"":""0x4251f5""}]","[{""state_index"":0,""to_state"":-1,""cleanup_address"":""0x00655730""},{""state_index"":1,""to_state"":0,""cleanup_address"":""0x00655738""}]",R020
0x00655755,0x00668A70,09f961d02dd6e4aca3af1880b814cbe2d692990b60fca3b80ee01257e561923e,1,0x00668A68,6dfdd3e39ecd81095810938f2a827bc24f5c20ddd0f88d75f52fe6bae1dde723,0,0x00000000,"[{""owner_address"":""0x004252B0"",""handler_push_site"":""0x4252b5""}]","[{""state_index"":0,""to_state"":-1,""cleanup_address"":""0x0065574D""}]",R020
0x00655773,0x00668A9C,ff09bb0ebbc0f03498cf8b2aa550abfb1b5e7fe09b087cdec6f4390dfe374588,2,0x00668A8C,4442814b6a1b546b03ccffc7706ed2b55ec8fad6951afbd6108d4e4692080a3f,0,0x00000000,"[{""owner_address"":""0x00425490"",""handler_push_site"":""0x425495""}]","[{""state_index"":0,""to_state"":-1,""cleanup_address"":""0x00655760""},{""state_index"":1,""to_state"":0,""cleanup_address"":""0x00655768""}]",R020
0x00655785,0x00668AC0,8dea0ea57603a98427431dad43df7e4216cab605692cdac3c785482c5e4c3bd5,1,0x00668AB8,9b55b634a5dc38d798eba93ae9d4f45cd6b8be0e44417341b872c0db600fa824,0,0x00000000,"[{""owner_address"":""0x00425550"",""handler_push_site"":""0x425555""}]","[{""state_index"":0,""to_state"":-1,""cleanup_address"":""0x0065577D""}]",R020
0x006557B9,0x00668AF4,f5e997b8d839d9a5b65736e82f0e99c2027d44100b805bb26a581ac64561b05f,3,0x00668ADC,f89ce751e8e660ceae28469ebef61e1b93e2649ebd0ec973617c83a68fdc9c9c,0,0x00000000,"[{""owner_address"":""0x00425750"",""handler_push_site"":""0x425755""}]","[{""state_index"":0,""to_state"":-1,""cleanup_address"":""0x00655790""},{""state_index"":1,""to_state"":0,""cleanup_address"":""0x00655798""},{""state_index"":2,""to_state"":1,""cleanup_address"":""0x006557AE""}]",R020
0x006557E1,0x00668B20,62a3536fd4cf158c8caef95bf1807a0b9cadf474dd92f079df9df4f997b77bc8,2,0x00668B10,26e67a8f67f43ca71a8da27adf94f73713a28a9cc03433237393c09f64321ce6,0,0x00000000,"[{""owner_address"":""0x004258D0"",""handler_push_site"":""0x4258d5""}]","[{""state_index"":0,""to_state"":-1,""cleanup_address"":""0x006557C3""},{""state_index"":1,""to_state"":0,""cleanup_address"":""0x006557CB""}]",R020
0x006557F9,0x00668B44,ab6ee46727f360839631ffb143aa5186474bfd9cbd1a17825a44f9b871b58da8,1,0x00668B3C,4dea73b0c04aeea5ed9ed6d1ccd789fe4268b60502679088daff475199e983f4,0,0x00000000,"[{""owner_address"":""0x00426670"",""handler_push_site"":""0x426675""}]","[{""state_index"":0,""to_state"":-1,""cleanup_address"":""0x006557EB""}]",R020
0x00655811,0x00668B68,768d5c242de32067c07ef80a54656af7c8b42b6662a2c4b2a72febad8f407d52,1,0x00668B60,1ea85902948430e59a629b9084f3b80af6243bb3a5a9610be1130835c4d19425,0,0x00000000,"[{""owner_address"":""0x004268A0"",""handler_push_site"":""0x4268a5""}]","[{""state_index"":0,""to_state"":-1,""cleanup_address"":""0x00655803""}]",R020
0x00655837,0x00668B94,8a04391793f85ab59813a44e4abbd09b7ff024c4adcbbf5aab7401aa8765d47b,2,0x00668B84,b71c143bc2de072e54b60ca2e3626ae020651836f5a79b527c069464dbfe6ee6,0,0x00000000,"[{""owner_address"":""0x00426A70"",""handler_push_site"":""0x426a75""}]","[{""state_index"":0,""to_state"":-1,""cleanup_address"":""0x0065581B""},{""state_index"":1,""to_state"":-1,""cleanup_address"":""0x00655829""}]",R020
0x00655863,0x00668BC0,0a6c1cb5c7ad4af483e93a14185289c27177b3c77bbc39a5f1947c3fbb211398,2,0x00668BB0,9fd132ac580761646d7edcfaf2874c175dde9838bbb464de84ce10c92670fad2,0,0x00000000,"[{""owner_address"":""0x004275D0"",""handler_push_site"":""0x4275d5""}]","[{""state_index"":0,""to_state"":-1,""cleanup_address"":""0x00655850""},{""state_index"":1,""to_state"":0,""cleanup_address"":""0x00655858""}]",R020
0x00655875,0x00668BE4,f42124a6a7ffe5c11328650dfa135d3fdd7237871df4ca95d18da824c7076f63,1,0x00668BDC,ec69d4698f36a2e00c5cad3e20891acee37350d1cd7bd3a8c4334988c591b379,0,0x00000000,"[{""owner_address"":""0x004276B0"",""handler_push_site"":""0x4276b5""}]","[{""state_index"":0,""to_state"":-1,""cleanup_address"":""0x0065586D""}]",R020
0x00655893,0x00668C10,65f4ea78c8349dde58c0028a4dd15fcfee23e7fc180b306cd91060e83863359d,2,0x00668C00,7501fdf449fce35c0525f0fecaa5713b08fa1b2b549dc9dc2f3a5d1069b87c97,0,0x00000000,"[{""owner_address"":""0x00428D60"",""handler_push_site"":""0x428d65""}]","[{""state_index"":0,""to_state"":-1,""cleanup_address"":""0x00655880""},{""state_index"":1,""to_state"":0,""cleanup_address"":""0x00655888""}]",R020
0x006558A5,0x00668C34,fa7c95225abec8ce3ef5e87c460950ae4ab8176e2444bcfa532a0810d8f1e9d9,1,0x00668C2C,6827ef75f025ccad2618ef4ae01a681464bc29a5c4cd0fa2334b1c3ca77b44da,0,0x00000000,"[{""owner_address"":""0x00428E60"",""handler_push_site"":""0x428e65""}]","[{""state_index"":0,""to_state"":-1,""cleanup_address"":""0x0065589D""}]",R020
0x006558BD,0x00668C58,714b52b1b9062490cf1770f6fbb365026c6211f4d0ff818128b892bd0bab5ebf,1,0x00668C50,fa425df9924342acbe9e3d30aa89d37a293e0e4d1888edcfb7db141fe1fac7a3,0,0x00000000,"[{""owner_address"":""0x00429F00"",""handler_push_site"":""0x429f05""}]","[{""state_index"":0,""to_state"":-1,""cleanup_address"":""0x006558AF""}]",R020
0x006558E3,0x00668C84,c79e3a14f8d525da4d6911bf49377646b121ed3428b93d55c65a64dcfd4b405a,2,0x00668C74,6870ea15288b5c72ac90e34996abc236adf69ed2f167f4403095925716e50f10,0,0x00000000,"[{""owner_address"":""0x0042A180"",""handler_push_site"":""0x42a185""}]","[{""state_index"":0,""to_state"":-1,""cleanup_address"":""0x006558D0""},{""state_index"":1,""to_state"":0,""cleanup_address"":""0x006558D8""}]",R020
0x006558F5,0x00668CA8,e23a0863688cd58315227782a02100bfb8e7ef7673cb9cf1be9cbd12e3040cce,1,0x00668CA0,236d5f503ce9ce8fd5e1483af032c12c918812270f572dec4ef6867cf980f5f2,0,0x00000000,"[{""owner_address"":""0x0042A2C0"",""handler_push_site"":""0x42a2c5""}]","[{""state_index"":0,""to_state"":-1,""cleanup_address"":""0x006558ED""}]",R020
0x00655913,0x00668CD4,3ea4d5f111e297738f250cda0f1773c49f1b89140cb22225ee84e0e5f46d9a04,2,0x00668CC4,c3e328b0955ee504b2eb972d0c8a3c0464fd24bad4851694d7459f4f38dd42c2,0,0x00000000,"[{""owner_address"":""0x0042B1F0"",""handler_push_site"":""0x42b1f5""}]","[{""state_index"":0,""to_state"":-1,""cleanup_address"":""0x00655900""},{""state_index"":1,""to_state"":0,""cleanup_address"":""0x00655908""}]",R020
0x00655925,0x00668CF8,1e5c18318e6f2746c72a5f8281a9426d369848bd551d57e8dd0cd45cb7b82d49,1,0x00668CF0,37844bc515d8da7e4564d15dd70b55d6b947f33840896b9843343e6490fac5e5,0,0x00000000,"[{""owner_address"":""0x0042B300"",""handler_push_site"":""0x42b305""}]","[{""state_index"":0,""to_state"":-1,""cleanup_address"":""0x0065591D""}]",R020
0x00655964,0x00668D3C,176714a2aa9d4275a561ec06431748a71dae8b3532ae74d5d0aebb2a8493401a,5,0x00668D14,45adfb32514d5f89582cfad436c3396daab872bcf86ecb3d212a40536a7fafa0,0,0x00000000,"[{""owner_address"":""0x0042C3D0"",""handler_push_site"":""0x42c3d5""}]","[{""state_index"":0,""to_state"":-1,""cleanup_address"":""0x00655930""},{""state_index"":1,""to_state"":0,""cleanup_address"":""0x00655938""},{""state_index"":2,""to_state"":1,""cleanup_address"":""0x00655943""},{""state_index"":3,""to_state"":2,""cleanup_address"":""0x0065594E""},{""state_index"":4,""to_state"":3,""cleanup_address"":""0x00655959""}]",R020
0x00655997,0x00668D78,906994ef0e1429125994ad979df787f3b7c65d1323750ff96109975deb0a4b8b,4,0x00668D58,b3becdaef70422d320b9be7900d169e6f8028466ab5fff56e4804aef67b26cb1,0,0x00000000,"[{""owner_address"":""0x0042C560"",""handler_push_site"":""0x42c565""}]","[{""state_index"":0,""to_state"":-1,""cleanup_address"":""0x0065596E""},{""state_index"":1,""to_state"":0,""cleanup_address"":""0x00655976""},{""state_index"":2,""to_state"":1,""cleanup_address"":""0x00655981""},{""state_index"":3,""to_state"":2,""cleanup_address"":""0x0065598C""}]",R020
0x006559B8,0x00668D9C,051d4bd99ac097e1bfff47e2abd00f691ba239f922b6154b3d204f972ec80daa,1,0x00668D94,fa52f146a6a491451b1c1a8338d11400e7b0370b7b6c12f1bafe958dcd2643ff,0,0x00000000,"[{""owner_address"":""0x0042E1C0"",""handler_push_site"":""0x42e1c5""}]","[{""state_index"":0,""to_state"":-1,""cleanup_address"":""0x006559B0""}]",R020
0x006559E3,0x00668DC8,edbab01ba968be1cc604c36f2271a49cae9af597d419c6c3c512682020a20f0c,2,0x00668DB8,6b228949804278cef6b31568308c00a416be0814dbe93bb31988b363df9445a9,0,0x00000000,"[{""owner_address"":""0x0042E640"",""handler_push_site"":""0x42e645""}]","[{""state_index"":0,""to_state"":-1,""cleanup_address"":""0x006559D0""},{""state_index"":1,""to_state"":0,""cleanup_address"":""0x006559D8""}]",R020
0x006559F5,0x00668DEC,af6f7dd02453e4bf6551935854b5a73f4cb862a987a3a60ef11e57e6bb0762bf,1,0x00668DE4,f914db288e8c3eb84192ce5de47dbaf5869ddf8b554de9cbc907fca70d88b346,0,0x00000000,"[{""owner_address"":""0x0042E870"",""handler_push_site"":""0x42e875""}]","[{""state_index"":0,""to_state"":-1,""cleanup_address"":""0x006559ED""}]",R020
0x00655A1E,0x00668E20,d7dc90fb8a8a7e5102a5d25e4a76fa232c53a0d965beb2a77127a1ebaa557bfc,3,0x00668E08,1a83ab881b1eb6d4fa09d38b5b143f7f54772da8ca10b2527e0c3f313e8a011d,0,0x00000000,"[{""owner_address"":""0x0042F710"",""handler_push_site"":""0x42f715""}]","[{""state_index"":0,""to_state"":-1,""cleanup_address"":""0x00655A00""},{""state_index"":1,""to_state"":0,""cleanup_address"":""0x00655A08""},{""state_index"":2,""to_state"":1,""cleanup_address"":""0x00655A13""}]",R020
0x00655A3B,0x00668E4C,c1ebc08c0d78fd09a5af4014ce8ee3a7f39ac23c3de76096b2943f752aa2debf,2,0x00668E3C,5061f4c19288645acc428be15018cf04086e0dcc76de91deefbc836b4bc61e86,0,0x00000000,"[{""owner_address"":""0x0042F880"",""handler_push_site"":""0x42f885""}]","[{""state_index"":0,""to_state"":-1,""cleanup_address"":""0x00655A28""},{""state_index"":1,""to_state"":0,""cleanup_address"":""0x00655A30""}]",R020
0x00655A53,0x00668E70,78f8d3da6bb3584a13e093e54d00c23e4b84ae3a26cb4b7854380e17f509a8f4,1,0x00668E68,4d2ed8dc56c536bfc297a5f575d7df9c048122964f5ce0af66e047dc89ccdb5d,0,0x00000000,"[{""owner_address"":""0x00430EE0"",""handler_push_site"":""0x430ee5""}]","[{""state_index"":0,""to_state"":-1,""cleanup_address"":""0x00655A45""}]",R020
0x00655A6B,0x00668E94,719669de5fefd38cf842662eddec1a5cba13cafac50a213122e7a9f9530680c3,1,0x00668E8C,9101ca705bc4100e784e0db1ffa661568d2dd8df8944707b2dd9d3b2f9b75e35,0,0x00000000,"[{""owner_address"":""0x00431070"",""handler_push_site"":""0x431075""}]","[{""state_index"":0,""to_state"":-1,""cleanup_address"":""0x00655A5D""}]",R020
0x00655A83,0x00668EB8,ee948d78de7cfec4d4231e4baac37cc1ca555db6a227a64215308e163d93626d,1,0x00668EB0,2bf4af1be0e51c6d2730034c2ee0ffd209302c3162bdd022b4bf9e40738868a9,0,0x00000000,"[{""owner_address"":""0x00431350"",""handler_push_site"":""0x431355""}]","[{""state_index"":0,""to_state"":-1,""cleanup_address"":""0x00655A75""}]",R020
0x00655AB9,0x00668EF4,cb0356176fafb8d1ae6e0ea7d40b96d19d8feb9a83c366e43cc353e606d7452a,4,0x00668ED4,23edaf34c21c30aae7bb21049726bf251291b9cc79207b1409b270ffec72e12c,0,0x00000000,"[{""owner_address"":""0x00432EA0"",""handler_push_site"":""0x432ea5""}]","[{""state_index"":0,""to_state"":-1,""cleanup_address"":""0x00655A90""},{""state_index"":1,""to_state"":0,""cleanup_address"":""0x00655A98""},{""state_index"":2,""to_state"":0,""cleanup_address"":""0x00655AA3""},{""state_index"":3,""to_state"":0,""cleanup_address"":""0x00655AAE""}]",R020
0x00655ACB,0x00668F18,8a2f0155c58179464f9dccfdc738330fb01ec586d99dcb37fcfd493ef9a0d861,1,0x00668F10,151cce558c09095c4d6cf87298125642871b1bc3a4f14e3d6678b8e79df7c522,0,0x00000000,"[{""owner_address"":""0x00433140"",""handler_push_site"":""0x433145""}]","[{""state_index"":0,""to_state"":-1,""cleanup_address"":""0x00655AC3""}]",R020
0x00655AF3,0x00668F44,868a32941591503c6b731e7e1155da6524971f168c28447b7119acb7b0f7169f,2,0x00668F34,54928ac5c6e9c48ceac9b98b360ae3a9c969d473878c723e5359747b7121c000,0,0x00000000,"[{""owner_address"":""0x00438AC0"",""handler_push_site"":""0x438ac5""}]","[{""state_index"":0,""to_state"":-1,""cleanup_address"":""0x00655AE0""},{""state_index"":1,""to_state"":0,""cleanup_address"":""0x00655AE8""}]",R020
0x00655B05,0x00668F68,a608f4da6887ee868d58ac1a01594b954a4c40884edd930fddc4b1148b8f4a21,1,0x00668F60,b8434efd2ac9e55f3164e96e5e7087e2a9d4790d7b48b16f027db443054db66f,0,0x00000000,"[{""owner_address"":""0x00438BA0"",""handler_push_site"":""0x438ba5""}]","[{""state_index"":0,""to_state"":-1,""cleanup_address"":""0x00655AFD""}]",R020
0x00655B23,0x00668F94,9ee24c3be13fd74f972065c854dfb044c38fbc43ad062750d65bd9ede632b3a4,2,0x00668F84,1ce95afb9a43c3840faf413ac9f28afb2af9dfc92a4f308b04a0101682509fea,0,0x00000000,"[{""owner_address"":""0x0043A020"",""handler_push_site"":""0x43a025""}]","[{""state_index"":0,""to_state"":-1,""cleanup_address"":""0x00655B10""},{""state_index"":1,""to_state"":0,""cleanup_address"":""0x00655B18""}]",R020
0x00655B35,0x00668FB8,385e98e4d8d515fcbb1906048bc600c487618aa49af4e0e9dfb8cb24ddc56c15,1,0x00668FB0,1549f0417a71e03f4ccd548dfb407e545eca3462037b8ed0e3c37fcec3e4daff,0,0x00000000,"[{""owner_address"":""0x0043A1E0"",""handler_push_site"":""0x43a1e5""}]","[{""state_index"":0,""to_state"":-1,""cleanup_address"":""0x00655B2D""}]",R020
0x00655B74,0x00668FFC,c00ad41ad38303a6c09a29bfb5c6959e8bbd9cfebcfe65c5b3b6e5efc335e89f,5,0x00668FD4,750e7a96175e2c415c7f4040b25519c8c39bc1bcfe42009efdb6884c29a873d5,0,0x00000000,"[{""owner_address"":""0x0043AD10"",""handler_push_site"":""0x43ad15""}]","[{""state_index"":0,""to_state"":-1,""cleanup_address"":""0x00655B40""},{""state_index"":1,""to_state"":0,""cleanup_address"":""0x00655B48""},{""state_index"":2,""to_state"":0,""cleanup_address"":""0x00655B53""},{""state_index"":3,""to_state"":0,""cleanup_address"":""0x00655B5E""},{""state_index"":4,""to_state"":0,""cleanup_address"":""0x00655B69""}]",R020
0x00655B86,0x00669020,133db7c246db737249cf3a9112dbc89d1be3c24c83fba200dac2212954d2ff7c,1,0x00669018,43876daeb1e658668d0ec90a5c7e0904e68e034a3ec0d91151fafa76b97fc5f0,0,0x00000000,"[{""owner_address"":""0x0043B0B0"",""handler_push_site"":""0x43b0b5""}]","[{""state_index"":0,""to_state"":-1,""cleanup_address"":""0x00655B7E""}]",R020
0x00655B98,0x00669044,dda6aa6ebc6edb8e9da4b2727e232a0eaad478f510211c1dd53314a7ee7ded3f,1,0x0066903C,bb47e660242385bc874d806371af5031145c6e689604b6cd0b0e14ee79ce2a1b,0,0x00000000,"[{""owner_address"":""0x00442160"",""handler_push_site"":""0x442165""}]","[{""state_index"":0,""to_state"":-1,""cleanup_address"":""0x00655B90""}]",R020
0x00655BB8,0x00669068,877ca69858d6a70333c1381279ee2b398e8800bdd413722c03287cedc68b3b2d,1,0x00669060,3f791d703e9e927d3ccd7f378b16f40537303511e7b4e9d28b9b40943ef9ee4e,0,0x00000000,"[{""owner_address"":""0x00442220"",""handler_push_site"":""0x442225""}]","[{""state_index"":0,""to_state"":-1,""cleanup_address"":""0x00655BB0""}]",R020
0x00655BD8,0x0066908C,49dd8bb12aae2895b15e5b3e458eaa6045422add80ffb0a2ad988b54867a6f13,1,0x00669084,0efd425a6bca6bfedf5181b93b1266672ecd81837175f315c0b22c7c5fb55abf,0,0x00000000,"[{""owner_address"":""0x00445490"",""handler_push_site"":""0x445495""}]","[{""state_index"":0,""to_state"":-1,""cleanup_address"":""0x00655BD0""}]",R020
0x00655BF8,0x006690B0,7cf1743f629aee1c2cb4c0ff8b1c7cfa8b7cac44ca13e456fe77be95bcbbcc7b,1,0x006690A8,d8806bc8b88e287f00cd3d171d03d3415544d22cab349897774d7f7b64d09fce,0,0x00000000,"[{""owner_address"":""0x00449AA0"",""handler_push_site"":""0x449aa5""}]","[{""state_index"":0,""to_state"":-1,""cleanup_address"":""0x00655BF0""}]",R020
0x00655C18,0x006690D4,c71adee4bb0ce54cb1025b9ab982f77a87623fd4ad00581687fa9cac3b5de7c4,1,0x006690CC,13a3172982ef4f3643461d076bde455b59d45a818f0881884ea6dc910f6ff44d,0,0x00000000,"[{""owner_address"":""0x00449E10"",""handler_push_site"":""0x449e15""}]","[{""state_index"":0,""to_state"":-1,""cleanup_address"":""0x00655C10""}]",R020
0x00655C38,0x006690F8,dcffd8a5e54725d62e7c2d2d85e56f32e32532db4e7224c0a0025379763fb907,1,0x006690F0,ffab201d9926cea535d4e9adbbf4f3d5cbb268ff3d3deef9af0ca570f4bdbb19,0,0x00000000,"[{""owner_address"":""0x0044A230"",""handler_push_site"":""0x44a235""}]","[{""state_index"":0,""to_state"":-1,""cleanup_address"":""0x00655C30""}]",R020
0x00655C58,0x0066911C,2db48df535286587efd2369753ebfc5351858c31f2b1fd456cba82439a823780,1,0x00669114,811deb6675c34b42cc54b076f4831fbca57d22fa73956b0f698d039d80a375d8,0,0x00000000,"[{""owner_address"":""0x0044A520"",""handler_push_site"":""0x44a525""}]","[{""state_index"":0,""to_state"":-1,""cleanup_address"":""0x00655C50""}]",R020
0x00655C78,0x00669140,26781db9bd5b82659333d445390a8e4a7b6ef12fe4d6de93bc6c8493ffbce24e,1,0x00669138,3aed21e36b50e24e6ca455b4775bb47594d213ca295046c983910ca63ddfc1f9,0,0x00000000,"[{""owner_address"":""0x0044A750"",""handler_push_site"":""0x44a755""}]","[{""state_index"":0,""to_state"":-1,""cleanup_address"":""0x00655C70""}]",R020
0x00655C98,0x00669164,73c865882fdcf70bb5fd6bc580d8b7c691f24c0f9d555f83971de288bf425283,1,0x0066915C,a8848936fe1ffd7c8d07f4d8fd6429d2fc5647f9759838dd7a4907e11582b324,0,0x00000000,"[{""owner_address"":""0x0044A980"",""handler_push_site"":""0x44a985""}]","[{""state_index"":0,""to_state"":-1,""cleanup_address"":""0x00655C90""}]",R020
0x00655CB8,0x00669188,148a2eb73948a5b8d8b6c813b4f099525ee3065250054d5e8532dbe73bce402d,1,0x00669180,0702409a22174be487ad1129909aee9753a2dd1019a12e44aec13e46d99c3bab,0,0x00000000,"[{""owner_address"":""0x0044ABB0"",""handler_push_site"":""0x44abb5""}]","[{""state_index"":0,""to_state"":-1,""cleanup_address"":""0x00655CB0""}]",R020
0x00655CD8,0x006691AC,c5b004662a90cea233d7945a6467abd2d2098262eb3758a3378f1898b9c798d6,1,0x006691A4,67dc67038f06cffc6be98c76317c61b83eaaded8c81295795afa7f4952da2c2f,0,0x00000000,"[{""owner_address"":""0x0044AE50"",""handler_push_site"":""0x44ae55""}]","[{""state_index"":0,""to_state"":-1,""cleanup_address"":""0x00655CD0""}]",R020
0x00655CF8,0x006691D0,cf2a297bb4ca4a128bd7e8b15c89548c0c2bf2fbe8c0eed6529031f8aa915c4e,1,0x006691C8,3fad3d850ec193df9805a3cb0e14647a5d055efb3dd9443fbe855b2d36b8f0ed,0,0x00000000,"[{""owner_address"":""0x0044B0F0"",""handler_push_site"":""0x44b0f5""}]","[{""state_index"":0,""to_state"":-1,""cleanup_address"":""0x00655CF0""}]",R020
0x00655D18,0x006691F4,faa3b398d16ed2256f2aef30b59cf4992ecd7569706d5a8ddc62a2867bfcadb5,1,0x006691EC,22303b51ac5152df3e2ebb858349dcfdb439150984260033657d7f8244b8828f,0,0x00000000,"[{""owner_address"":""0x0044B320"",""handler_push_site"":""0x44b325""}]","[{""state_index"":0,""to_state"":-1,""cleanup_address"":""0x00655D10""}]",R020
0x00655D38,0x00669218,49a0d89ab23d796a9b206db8d87f43637f763c2eb9b7743d88f23897a8a77d5b,1,0x00669210,a0e1d8f5250601980e87cf3232de701d2eb310d00c24f4ae9c6572da704e82b4,0,0x00000000,"[{""owner_address"":""0x0044B550"",""handler_push_site"":""0x44b555""}]","[{""state_index"":0,""to_state"":-1,""cleanup_address"":""0x00655D30""}]",R020
0x00655D58,0x0066923C,bcbee2b1f83a766e385241b7adf322f48a78331e2d4da669fdaf72ee4b9034df,1,0x00669234,3746ca43ebf270d0ba431959a89ab2b57aa1eb64a9cdaa3bdb3d67911ce5ff8e,0,0x00000000,"[{""owner_address"":""0x0044BA70"",""handler_push_site"":""0x44ba75""}]","[{""state_index"":0,""to_state"":-1,""cleanup_address"":""0x00655D50""}]",R020
0x00655D78,0x00669260,89b447b5cc72552286aa217851971da32d7c78a31822f7fc0929b52dffe4b719,1,0x00669258,bd032a83efd7eb5946f63758f8f0e74ab19824e906db5ce2b32f30f05acc6557,0,0x00000000,"[{""owner_address"":""0x0044BF90"",""handler_push_site"":""0x44bf95""}]","[{""state_index"":0,""to_state"":-1,""cleanup_address"":""0x00655D70""}]",R020
0x00655D98,0x00669284,533c66b151e71681831a41124cbef7a32a2665b7e227f9dc2661e0a86dc76703,1,0x0066927C,9a3a249392575bbdf5b48a70b41a8bd1ba98c762078b17185cbea91515637e1d,0,0x00000000,"[{""owner_address"":""0x0044C4B0"",""handler_push_site"":""0x44c4b5""}]","[{""state_index"":0,""to_state"":-1,""cleanup_address"":""0x00655D90""}]",R020
0x00655DB8,0x006692A8,5334bd38b47342ec1091dbad4021881fc88facd4e79d0b762b3a588d17bf5ed0,1,0x006692A0,862862e7f2c1c4ca39d771fe3a4abe9111f6a8907f084233dfb673448f2acaaf,0,0x00000000,"[{""owner_address"":""0x0044C6F0"",""handler_push_site"":""0x44c6f5""}]","[{""state_index"":0,""to_state"":-1,""cleanup_address"":""0x00655DB0""}]",R020
0x00655DD8,0x006692CC,1b9ab552e24781ef643f5b944ff376536c3db704123a291a59a026d08c30fac5,1,0x006692C4,d8e2e377b2f8c9872ef27c3353c882cdaece8a3d456a8812dcfa4d117c8cb79d,0,0x00000000,"[{""owner_address"":""0x0044C930"",""handler_push_site"":""0x44c935""}]","[{""state_index"":0,""to_state"":-1,""cleanup_address"":""0x00655DD0""}]",R020
0x00655DF8,0x006692F0,bda326f22e65a3252113239b052a54ab2146efafc52f9efe36d0e28fc633e907,1,0x006692E8,873156aab5f385ff5fdb940f1d3fff5b814a7984f449036a1eb49dba7f2fed4e,0,0x00000000,"[{""owner_address"":""0x0044CB70"",""handler_push_site"":""0x44cb75""}]","[{""state_index"":0,""to_state"":-1,""cleanup_address"":""0x00655DF0""}]",R020
0x00655E18,0x00669314,333479a460607e97f824efa857c0a2f50bd344e0a7f70a7bff80bbe2b12c8d53,1,0x0066930C,1bbbe2f4c44a416935d1afd84f630f4585e38e02eb006feed986bf441ae8fbb1,0,0x00000000,"[{""owner_address"":""0x0044CE10"",""handler_push_site"":""0x44ce15""}]","[{""state_index"":0,""to_state"":-1,""cleanup_address"":""0x00655E10""}]",R020
0x00655E38,0x00669338,72f64c8094a89be680000c49a364a54a22d8edc70712170880f3c0a1f17681b7,1,0x00669330,7e7054c9e2ce5aeaca07684c371764c0eadc04956b303388a21e513db4cc463d,0,0x00000000,"[{""owner_address"":""0x0044D0B0"",""handler_push_site"":""0x44d0b5""}]","[{""state_index"":0,""to_state"":-1,""cleanup_address"":""0x00655E30""}]",R020
0x00655E58,0x0066935C,6def4bd69704400d29e734810ae1bdcc9108115ccdd2fa422ccdd52b31663aa6,1,0x00669354,70b1686f7dfc3f3437af032b2b55ba94ab02b923d694d1096ecd23b344259b62,0,0x00000000,"[{""owner_address"":""0x0044D2F0"",""handler_push_site"":""0x44d2f5""}]","[{""state_index"":0,""to_state"":-1,""cleanup_address"":""0x00655E50""}]",R020
0x00655E78,0x00669380,622255cdc70fd99e5cbd8ab56d601d7b7fe60260fb2be1a6c4d7e010a340724e,1,0x00669378,ab711c75a89ddf9aa4dcc591bc0afafac3d590605bc2581eb2a1fcacf0446032,0,0x00000000,"[{""owner_address"":""0x0044D530"",""handler_push_site"":""0x44d535""}]","[{""state_index"":0,""to_state"":-1,""cleanup_address"":""0x00655E70""}]",R020
0x00655E98,0x006693A4,7a2d42b5770e23d32bb6c56a16e4ef57fee03bef9336794afef29cafe1e37f1d,1,0x0066939C,d39719e0995f470de7985b30a88e69e2494a3dd1f816902d80a2714cbecf5842,0,0x00000000,"[{""owner_address"":""0x0044D9C0"",""handler_push_site"":""0x44d9c5""}]","[{""state_index"":0,""to_state"":-1,""cleanup_address"":""0x00655E90""}]",R020
0x00655EB8,0x006693C8,5e0e7e9c538be6b5504c942f833ec5a8011bc9d6843e89e42881b14e2731c517,1,0x006693C0,9ab4b484f672d1d819b7b13089ae4a29276b69e86f3e097ca19df7edd8552253,0,0x00000000,"[{""owner_address"":""0x0044DE70"",""handler_push_site"":""0x44de75""}]","[{""state_index"":0,""to_state"":-1,""cleanup_address"":""0x00655EB0""}]",R020
0x00655ED8,0x006693EC,92f74cc21aee2505d91b7b542be5723a8fb8c71394acc4910e15ef0e436aff36,1,0x006693E4,86214d2cdf4d83aafd92c8506eb913391513414b881af88664ccb912fc83736d,0,0x00000000,"[{""owner_address"":""0x0044E0B0"",""handler_push_site"":""0x44e0b5""}]","[{""state_index"":0,""to_state"":-1,""cleanup_address"":""0x00655ED0""}]",R020
0x00655EF8,0x00669410,6e95f145eefe45554489902cdea646f308433e6f9331b388dea1ff50b71d8b47,1,0x00669408,50c846975d93af937dd94fb8fc23088f36653f9deb33a2afd7c3735d5f6f9e94,0,0x00000000,"[{""owner_address"":""0x0044E2F0"",""handler_push_site"":""0x44e2f5""}]","[{""state_index"":0,""to_state"":-1,""cleanup_address"":""0x00655EF0""}]",R020
0x00655F18,0x00669434,c73f3ea0e68513b094cba3e7b60b5b36a76a9bac6198d5d8588890cb9988e398,1,0x0066942C,54c8966e3431eef208617b4265ef2933235b93ccbdfd781a8d24e98089217c9e,0,0x00000000,"[{""owner_address"":""0x0044E810"",""handler_push_site"":""0x44e815""}]","[{""state_index"":0,""to_state"":-1,""cleanup_address"":""0x00655F10""}]",R020
0x00655F38,0x00669458,116a6c7a07380ae356e89bd5e156867bf3752db4037c23a3ee2e901b38a4a01a,1,0x00669450,77b2cc5a23aba6826ebcd410d418760e53ed0bc2b54c5a83d38d6827197833db,0,0x00000000,"[{""owner_address"":""0x0044F300"",""handler_push_site"":""0x44f305""}]","[{""state_index"":0,""to_state"":-1,""cleanup_address"":""0x00655F30""}]",R020
0x00655F58,0x0066947C,f400285e87c895d43aa3a07d472c257f31d602c7724feab1a0c54250ab65afc0,1,0x00669474,9bfd31920cf22a295ff1794f9a9e1a1f6005e88a5f0b1ff4606012dd6a516204,0,0x00000000,"[{""owner_address"":""0x0044F540"",""handler_push_site"":""0x44f545""}]","[{""state_index"":0,""to_state"":-1,""cleanup_address"":""0x00655F50""}]",R020
0x00655F78,0x006694A0,6e072fcba2cdaae4d093233cd7c99977a58df90ba6e3ae3dfd45b82a4fdefaf4,1,0x00669498,1e8194ed6911d63e56933f81733b5a3380f97f0068781788c391001b358814e6,0,0x00000000,"[{""owner_address"":""0x0044F780"",""handler_push_site"":""0x44f785""}]","[{""state_index"":0,""to_state"":-1,""cleanup_address"":""0x00655F70""}]",R020
0x00655F98,0x006694C4,7b209ee24f5cb1900de1517811d8ac32552ac563c9f721644ac9f061fb58bf8e,1,0x006694BC,95e4ccfb2ff844cea504522b83dfa09d748ee06d0a2973dff75931cbb2066c20,0,0x00000000,"[{""owner_address"":""0x004500F0"",""handler_push_site"":""0x4500f5""}]","[{""state_index"":0,""to_state"":-1,""cleanup_address"":""0x00655F90""}]",R020
0x00655FB8,0x006694E8,47958c760c35317a6303ed32402dea638ae64e91f45dd692109e1a4666a61772,1,0x006694E0,aa7be78405fb204bbe3ca987d98bce51ab063bfeee7baedaffe4b993359af29f,0,0x00000000,"[{""owner_address"":""0x00450330"",""handler_push_site"":""0x450335""}]","[{""state_index"":0,""to_state"":-1,""cleanup_address"":""0x00655FB0""}]",R020
0x00655FD8,0x0066950C,1ad8c207d3b26873e0f3f0b81c777ecd483342655c30242599f688e49145acb3,1,0x00669504,12a1eca06d44adf92b22dca986ab5fe28f540713409479b87668983bd24838bc,0,0x00000000,"[{""owner_address"":""0x004508E0"",""handler_push_site"":""0x4508e5""}]","[{""state_index"":0,""to_state"":-1,""cleanup_address"":""0x00655FD0""}]",R020
0x00655FF8,0x00669530,a230ebc8e8c7a5e68f7088a4c4859b2e134cb5877011338da64caa0ac85a412c,1,0x00669528,1199fbda562e9c4caeea3251bb05635b567635f681ff9650ed08851310950bb7,0,0x00000000,"[{""owner_address"":""0x00450B20"",""handler_push_site"":""0x450b25""}]","[{""state_index"":0,""to_state"":-1,""cleanup_address"":""0x00655FF0""}]",R020
0x00656018,0x00669554,66bdefa3114628c05781401676bf5a7950a55152c415e1c88dcdbeacef642165,1,0x0066954C,1521283ac8d11d260ed00336722e9d4bcd38dd3404f2361dd681afce67b26c2c,0,0x00000000,"[{""owner_address"":""0x00451130"",""handler_push_site"":""0x451135""}]","[{""state_index"":0,""to_state"":-1,""cleanup_address"":""0x00656010""}]",R020
0x00656038,0x00669578,7e73165644394a0c7d0d0f8fec6bb8e7fe46bb120dfe48aea8c32d698f837602,1,0x00669570,eff8e4ab9e28bd0446baa2b7c4d57e1b7dcd84abcb9af4c0e22db89f2677de41,0,0x00000000,"[{""owner_address"":""0x00451370"",""handler_push_site"":""0x451375""}]","[{""state_index"":0,""to_state"":-1,""cleanup_address"":""0x00656030""}]",R020
0x00656058,0x0066959C,77888a01dfcf2dea6b6ecac2df7789b6d2df8deffb635df8eedaf7acf3f43325,1,0x00669594,07c415e6035de324095138b09308e2a114ff8f0efc412652ed79560467df5eb3,0,0x00000000,"[{""owner_address"":""0x00451C70"",""handler_push_site"":""0x451c75""}]","[{""state_index"":0,""to_state"":-1,""cleanup_address"":""0x00656050""}]",R020
0x00656070,0x00669620,c7820e2c298e11fcc78509e80f7a609576d6446356e4d87f61ed968e3b8e0942,4,0x006695B8,140b4dd25fba9a34726bc92b4c31e9d58d2b128837285f66a24c6c5982cf41b7,2,0x006695F8,"[{""owner_address"":""0x00455E40"",""handler_push_site"":""0x455e45""}]","[{""state_index"":0,""to_state"":-1,""cleanup_address"":""0x00000000""},{""state_index"":1,""to_state"":-1,""cleanup_address"":""0x00000000""},{""state_index"":2,""to_state"":-1,""cleanup_address"":""0x00000000""},{""state_index"":3,""to_state"":-1,""cleanup_address"":""0x00000000""}]",R020
0x006560D1,0x0066966C,66bf20e2e3214a6fdb24da16e6a7cc6bea842106f4ebaec814bde21ea87b5f21,6,0x0066963C,d6206a5bd4b0d0fdfc1e05362ed03cee4f56402bf637e719cae62a786d06e717,0,0x00000000,"[{""owner_address"":""0x004567B0"",""handler_push_site"":""0x4567b5""}]","[{""state_index"":0,""to_state"":-1,""cleanup_address"":""0x00656080""},{""state_index"":1,""to_state"":0,""cleanup_address"":""0x0065608E""},{""state_index"":2,""to_state"":1,""cleanup_address"":""0x0065609C""},{""state_index"":3,""to_state"":2,""cleanup_address"":""0x006560AA""},{""state_index"":4,""to_state"":3,""cleanup_address"":""0x006560B8""},{""state_index"":5,""to_state"":4,""cleanup_address"":""0x006560C6""}]",R020
0x00656121,0x006696B0,f0370ff0292dcd78631216133c235fd435db11c44b56bdb7c360afd9dfc14753,5,0x00669688,4a7ba81ab69f3f75fdcea2052accf969299a0df5bca8789f99694111c3c2326a,0,0x00000000,"[{""owner_address"":""0x00456910"",""handler_push_site"":""0x456915""}]","[{""state_index"":0,""to_state"":-1,""cleanup_address"":""0x006560DB""},{""state_index"":1,""to_state"":0,""cleanup_address"":""0x006560E9""},{""state_index"":2,""to_state"":1,""cleanup_address"":""0x006560F7""},{""state_index"":3,""to_state"":2,""cleanup_address"":""0x00656105""},{""state_index"":4,""to_state"":3,""cleanup_address"":""0x00656113""}]",R020
0x00656155,0x006696E4,e9b0e2d4927d4c5a27c8d1247038742b90bb02fe0ae9fa8733a51e7168ff772a,3,0x006696CC,0e167ba21b14258b66ef5380e78625b416f371d38337f2481ab1230d39048652,0,0x00000000,"[{""owner_address"":""0x00456B60"",""handler_push_site"":""0x456b65""}]","[{""state_index"":0,""to_state"":-1,""cleanup_address"":""0x0065612B""},{""state_index"":1,""to_state"":-1,""cleanup_address"":""0x00656139""},{""state_index"":2,""to_state"":-1,""cleanup_address"":""0x00656147""}]",R020
0x00656178,0x00669710,6654d850d059e6c6f5837a4d7d43c222adbae0f4e72a4d1052736c42495985eb,2,0x00669700,a7494492d0669d2452ebf9f4688879181a709847a97d37fb243b08718a190696,0,0x00000000,"[{""owner_address"":""0x00457660"",""handler_push_site"":""0x457665""}]","[{""state_index"":0,""to_state"":-1,""cleanup_address"":""0x0065615F""},{""state_index"":1,""to_state"":0,""cleanup_address"":""0x0065616A""}]",R020
0x00656190,0x00669734,c85e7b6b40a4d40da8882ec4416587190231a7f8b08e3a86db7857876300afbc,1,0x0066972C,9b65582583b1bddb78d0e714ace13914f82219b5fe05cf2e55b37bb8906b46ab,0,0x00000000,"[{""owner_address"":""0x004584D0"",""handler_push_site"":""0x4584d5""}]","[{""state_index"":0,""to_state"":-1,""cleanup_address"":""0x00656182""}]",R020
0x006561A8,0x00669758,8caf5077e6304bc3a7da302ea2148c2a0d486ade13ab9acce655c25de8e27dcc,1,0x00669750,daba719787343c79aed2b1f6aa6b1bf9058492aa21d57dc9e81420b2788be862,0,0x00000000,"[{""owner_address"":""0x004586C0"",""handler_push_site"":""0x4586c5""}]","[{""state_index"":0,""to_state"":-1,""cleanup_address"":""0x006561A0""}]",R020
0x006561DE,0x0066978C,fa3f23c27379a1d5144230e807ff1f8633244f17c796723f742c7b1acb591a33,3,0x00669774,ba5b80c9ea20b7b705e9254d55a8e25051439b55fc30cb9bb797f28b235bfc72,0,0x00000000,"[{""owner_address"":""0x004587E0"",""handler_push_site"":""0x4587e5""}]","[{""state_index"":0,""to_state"":-1,""cleanup_address"":""0x006561C0""},{""state_index"":1,""to_state"":0,""cleanup_address"":""0x006561C8""},{""state_index"":2,""to_state"":1,""cleanup_address"":""0x006561D3""}]",R020
0x0065620E,0x006697C0,40d432cd5da3ca2449c4ed62762415865f0bbfb7f449d0d4a393aef31d778f1e,3,0x006697A8,bee7cf83ea63542841c064b7dbd597c4e2fbcabc592cdcfe96b3f107dfe9b36c,0,0x00000000,"[{""owner_address"":""0x004588E0"",""handler_push_site"":""0x4588e5""}]","[{""state_index"":0,""to_state"":-1,""cleanup_address"":""0x006561F0""},{""state_index"":1,""to_state"":0,""cleanup_address"":""0x006561F8""},{""state_index"":2,""to_state"":1,""cleanup_address"":""0x00656203""}]",R020
0x00656228,0x006697E4,3cc5f6583dddcce095a42cff253f92f409bda67ffac009f6eff59f06baf1e67e,1,0x006697DC,518d7d375ad3d44bf5bd1789147cb46aa98e1fd6d58f597ed04980de9828a0ec,0,0x00000000,"[{""owner_address"":""0x00458960"",""handler_push_site"":""0x458965""}]","[{""state_index"":0,""to_state"":-1,""cleanup_address"":""0x00656220""}]",R020
0x0065624B,0x00669808,2a3b008b00332527754813311eb0d41cfe2d4e780b24175393e1024251cc18ea,1,0x00669800,b189db080e3ffcb112fd48b32af64dcab9233544d79466d2a6f038415353e893,0,0x00000000,"[{""owner_address"":""0x00458E70"",""handler_push_site"":""0x458e75""}]","[{""state_index"":0,""to_state"":-1,""cleanup_address"":""0x00656240""}]",R020
0x00656273,0x00669834,94d3133fed92002a933b61d7e5a4f20c9f89d59ccacab2bb351d98ca8c408721,2,0x00669824,7b1772461c5568bc9be8e410aeac75fd75e6cd950127ecf1e4837134d9c69dcb,0,0x00000000,"[{""owner_address"":""0x004591E0"",""handler_push_site"":""0x4591e5""}]","[{""state_index"":0,""to_state"":-1,""cleanup_address"":""0x00656260""},{""state_index"":1,""to_state"":0,""cleanup_address"":""0x00656268""}]",R020
0x00656280,0x00669884,beecbc5416bfeb84b046461bba6c345b3cf2f9a93080b19f302c7e51749a32c7,2,0x00669850,3b11da84f00f0bd394c3f0bb8f50e0f6b173fd88e048d0894fe181366059c4ae,1,0x00669870,"[{""owner_address"":""0x00459390"",""handler_push_site"":""0x459395""}]","[{""state_index"":0,""to_state"":-1,""cleanup_address"":""0x00000000""},{""state_index"":1,""to_state"":-1,""cleanup_address"":""0x00000000""}]",R020
0x00656290,0x00669908,59e7768217d8fe02c7f60abee81f87106a3b748b3fc9ecefd64968d6f38e01bb,4,0x006698A0,140b4dd25fba9a34726bc92b4c31e9d58d2b128837285f66a24c6c5982cf41b7,2,0x006698E0,"[{""owner_address"":""0x004594B0"",""handler_push_site"":""0x4594b5""}]","[{""state_index"":0,""to_state"":-1,""cleanup_address"":""0x00000000""},{""state_index"":1,""to_state"":-1,""cleanup_address"":""0x00000000""},{""state_index"":2,""to_state"":-1,""cleanup_address"":""0x00000000""},{""state_index"":3,""to_state"":-1,""cleanup_address"":""0x00000000""}]",R020
0x006562A8,0x0066992C,3d816882cffbb320fe7109ba653fd58c7985e5cad41a1adbd82987159f269ab8,1,0x00669924,222c8735691d89dc3e62cebea25ccc67cea844254c11dc4c60ac1bff276c7745,0,0x00000000,"[{""owner_address"":""0x004597E0"",""handler_push_site"":""0x4597e5""}]","[{""state_index"":0,""to_state"":-1,""cleanup_address"":""0x006562A0""}]",R020
0x006562C8,0x00669950,9df7e0de741eb2ae43c624502f457abbfd1f16b60432458fdb9ced06caf1ecd2,1,0x00669948,1a3437d6214258cba801ddd2881bf43768ada0c6cc669797ad0d690de6468e87,0,0x00000000,"[{""owner_address"":""0x004599A0"",""handler_push_site"":""0x4599a5""}]","[{""state_index"":0,""to_state"":-1,""cleanup_address"":""0x006562C0""}]",R020
0x006562E8,0x00669974,8f9621bc81a7e71dc237f86813f06ab4d3916121e1cdc14bea2db51072932451,1,0x0066996C,ea7c38ed6efe83bbd0b0e6c2e4e60a98b85e8d2c9745f530fc6a86c55f210797,0,0x00000000,"[{""owner_address"":""0x00459B60"",""handler_push_site"":""0x459b65""}]","[{""state_index"":0,""to_state"":-1,""cleanup_address"":""0x006562E0""}]",R020
0x0065630B,0x00669A00,de5daf10a139d317ad7859f0e9d06ca2c2c9f0d2c2ce31edf9c0d73672657078,5,0x00669990,e2ffac945decf6f298ddaaac79f9c06d77cbd9a623521a3d1ef7acdd00ae69c1,2,0x006699D8,"[{""owner_address"":""0x00459CB0"",""handler_push_site"":""0x459cb5""}]","[{""state_index"":0,""to_state"":-1,""cleanup_address"":""0x00656300""},{""state_index"":1,""to_state"":0,""cleanup_address"":""0x00000000""},{""state_index"":2,""to_state"":0,""cleanup_address"":""0x00000000""},{""state_index"":3,""to_state"":0,""cleanup_address"":""0x00000000""},{""state_index"":4,""to_state"":0,""cleanup_address"":""0x00000000""}]",R020
0x00656320,0x00669A84,84d5df9e88d5266efa672472793fab0c77689fb2292c8002c04fcb13bbe1f393,4,0x00669A1C,140b4dd25fba9a34726bc92b4c31e9d58d2b128837285f66a24c6c5982cf41b7,2,0x00669A5C,"[{""owner_address"":""0x0045A130"",""handler_push_site"":""0x45a135""}]","[{""state_index"":0,""to_state"":-1,""cleanup_address"":""0x00000000""},{""state_index"":1,""to_state"":-1,""cleanup_address"":""0x00000000""},{""state_index"":2,""to_state"":-1,""cleanup_address"":""0x00000000""},{""state_index"":3,""to_state"":-1,""cleanup_address"":""0x00000000""}]",R020
0x00656330,0x00669AD4,4e15af9353d27a8e1c9404783ce3710edd88bb72f36bf566e7db95293cb6827c,2,0x00669AA0,3b11da84f00f0bd394c3f0bb8f50e0f6b173fd88e048d0894fe181366059c4ae,1,0x00669AC0,"[{""owner_address"":""0x0045AE10"",""handler_push_site"":""0x45ae15""}]","[{""state_index"":0,""to_state"":-1,""cleanup_address"":""0x00000000""},{""state_index"":1,""to_state"":-1,""cleanup_address"":""0x00000000""}]",R020
0x00656340,0x00669B24,bae9ba4bc09fefe786620f0a775bb5ad726534029d9b389cba975264869f8435,2,0x00669AF0,3b11da84f00f0bd394c3f0bb8f50e0f6b173fd88e048d0894fe181366059c4ae,1,0x00669B10,"[{""owner_address"":""0x0045B170"",""handler_push_site"":""0x45b175""}]","[{""state_index"":0,""to_state"":-1,""cleanup_address"":""0x00000000""},{""state_index"":1,""to_state"":-1,""cleanup_address"":""0x00000000""}]",R020
0x00656350,0x00669B74,522623a4bd8193123291c29888cbb1d12e6b511f017f107344c0ea0734e47ad1,2,0x00669B40,3b11da84f00f0bd394c3f0bb8f50e0f6b173fd88e048d0894fe181366059c4ae,1,0x00669B60,"[{""owner_address"":""0x0045B300"",""handler_push_site"":""0x45b305""}]","[{""state_index"":0,""to_state"":-1,""cleanup_address"":""0x00000000""},{""state_index"":1,""to_state"":-1,""cleanup_address"":""0x00000000""}]",R020
0x00656360,0x00669BC4,9e8810c26bb44f86fb9a12fee0bf127cdfaa0e01511ff419fa8728ba657084e0,2,0x00669B90,3b11da84f00f0bd394c3f0bb8f50e0f6b173fd88e048d0894fe181366059c4ae,1,0x00669BB0,"[{""owner_address"":""0x0045B3C0"",""handler_push_site"":""0x45b3c5""}]","[{""state_index"":0,""to_state"":-1,""cleanup_address"":""0x00000000""},{""state_index"":1,""to_state"":-1,""cleanup_address"":""0x00000000""}]",R020
0x00656370,0x00669C14,a1516e5e61b321565cb981d3c92aadf5606049e1e916ed085d7feb187921dd1f,2,0x00669BE0,3b11da84f00f0bd394c3f0bb8f50e0f6b173fd88e048d0894fe181366059c4ae,1,0x00669C00,"[{""owner_address"":""0x0045B470"",""handler_push_site"":""0x45b475""}]","[{""state_index"":0,""to_state"":-1,""cleanup_address"":""0x00000000""},{""state_index"":1,""to_state"":-1,""cleanup_address"":""0x00000000""}]",R020
0x00656391,0x00669C38,b149ce08f18c5e034f45a423d197f2b4921c9afc8c2afed760db15be62af27b3,1,0x00669C30,4551bd36591a1755cd4c87d1f5ed9607a66edeb8a0cad503e6291449cbe4f6b6,0,0x00000000,"[{""owner_address"":""0x0045B640"",""handler_push_site"":""0x45b645""}]","[{""state_index"":0,""to_state"":-1,""cleanup_address"":""0x00656380""}]",R020
0x006563B6,0x00669C5C,f372be9ccf148a0a59f44ad19d42497d557ace68730022122aec4074bd73aa71,1,0x00669C54,df81db6c538119e1d202c8d773e33b9a309ffff7f61d422bce4e3752cafdbeb9,0,0x00000000,"[{""owner_address"":""0x0045B920"",""handler_push_site"":""0x45b925""}]","[{""state_index"":0,""to_state"":-1,""cleanup_address"":""0x006563A0""}]",R020
0x006563D6,0x00669C80,37ddba85461cdaecbd338d67eb40d4e9ce8e903e121b82d4d9930dbb86d4de35,1,0x00669C78,7f83f2553a4debbe8e39b76e7d544653159dee699849c9ed482b5041a5a91fd8,0,0x00000000,"[{""owner_address"":""0x0045B9B0"",""handler_push_site"":""0x45b9b5""}]","[{""state_index"":0,""to_state"":-1,""cleanup_address"":""0x006563C0""}]",R020
0x006563E8,0x00669CA4,98e38571937e1f884587bd356d1daec6900a9dcd92494fde62e5be0e2c2444fd,1,0x00669C9C,3497f415656323bc4a6b2496fc35a99707d2f8a3245fb151c497c016e85c3099,0,0x00000000,"[{""owner_address"":""0x0045C210"",""handler_push_site"":""0x45c215""}]","[{""state_index"":0,""to_state"":-1,""cleanup_address"":""0x006563E0""}]",R020
0x00656408,0x00669CC8,5c3d305ea0ae9cb68c16a6d63ec8be904aeed9491efed9c162705805a988aa3a,1,0x00669CC0,767acfa0141b34deb76ce8f5136d381298d7737d342d0f2e3971b7b2a7ee0533,0,0x00000000,"[{""owner_address"":""0x0045C7A0"",""handler_push_site"":""0x45c7a5""}]","[{""state_index"":0,""to_state"":-1,""cleanup_address"":""0x00656400""}]",R020
0x0065642B,0x00669CEC,1d97dc9bd7cc1cb14f367df9d1f6a66fd4ee5440bcf4eaa90b05562302ad413e,1,0x00669CE4,7a96dab569476ac7cab39cfd377b383aaa1ce4dc2e50f5b5c92a3548bda0db8d,0,0x00000000,"[{""owner_address"":""0x0046D160"",""handler_push_site"":""0x46d165""}]","[{""state_index"":0,""to_state"":-1,""cleanup_address"":""0x00656420""}]",R020
0x0065644B,0x00669D10,be64bed1192e16b7005a6796800340f68de5c5c53c879154c003cb7f10d099af,1,0x00669D08,678be1b41de4a2bca85f5de0329c9a27af376199c490be9bb3a94ed79f16bda3,0,0x00000000,"[{""owner_address"":""0x004930B0"",""handler_push_site"":""0x4930b5""}]","[{""state_index"":0,""to_state"":-1,""cleanup_address"":""0x00656440""}]",R020
0x0065646B,0x00669D34,45192234d88af26caf987f92a7c146370d8402a30a49cdb45f80eb981523e575,1,0x00669D2C,d89034b334dce83683920b23683951017a3774bd3338aa3351acbf7b6c79538d,0,0x00000000,"[{""owner_address"":""0x004C0920"",""handler_push_site"":""0x4c0925""}]","[{""state_index"":0,""to_state"":-1,""cleanup_address"":""0x00656460""}]",R020
0x0065648B,0x00669D58,a8331af4505108a9d1afdf77fbe5fd22214b7f8a7a5160f86645dd3df4000fa6,1,0x00669D50,0e40f6da3b021514cde5f0a608f0a957d79766b15f83891b3ea2819c37829c77,0,0x00000000,"[{""owner_address"":""0x004E2D90"",""handler_push_site"":""0x4e2d95""}]","[{""state_index"":0,""to_state"":-1,""cleanup_address"":""0x00656480""}]",R020
0x006564AB,0x00669D7C,17f5d562091e46026da690bea3952fa2ecfa0e6db48eb1bffe27d1adb03a9db2,1,0x00669D74,2fb1775f494f7b840652766683591c512f739c5a54cf265462d673377f629f35,0,0x00000000,"[{""owner_address"":""0x005022C0"",""handler_push_site"":""0x5022c5""}]","[{""state_index"":0,""to_state"":-1,""cleanup_address"":""0x006564A0""}]",R020
0x006564C8,0x00669DA0,99f84f1a548601f460bc79399aefa23610334f1bd35763bad3d938c238d79540,1,0x00669D98,fe32496b045289458846849636e1b69294fcbb29073b31b9efab2961d554a1f4,0,0x00000000,"[{""owner_address"":""0x0052CEE0"",""handler_push_site"":""0x52cee5""}]","[{""state_index"":0,""to_state"":-1,""cleanup_address"":""0x006564C0""}]",R020
0x006564E8,0x00669DCC,60f5a2a60726796ffc30498da0b59382aaf5a14928687bdc86699d30f9b4f1b0,2,0x00669DBC,168ea944be78d0d6af61961fd85277e35a741e92f4d7e0128a1d9dc5f7d39bf2,0,0x00000000,"[{""owner_address"":""0x0052D020"",""handler_push_site"":""0x52d025""}]","[{""state_index"":0,""to_state"":-1,""cleanup_address"":""0x006564D2""},{""state_index"":1,""to_state"":0,""cleanup_address"":""0x006564DA""}]",R020
0x006564FD,0x00669DF0,14c03bd75234afab7127cbfde51a242edd5930839b9635caeedcc4a8d89ae154,1,0x00669DE8,ea4362ee5da85ca08c0c80feeaf28fd3737f2bf38217d2243f1c838aa313b65e,0,0x00000000,"[{""owner_address"":""0x0052D090"",""handler_push_site"":""0x52d095""}]","[{""state_index"":0,""to_state"":-1,""cleanup_address"":""0x006564F2""}]",R020
0x00656510,0x00669E40,bc2a7bd15aba13f76e4701725c613e368eb0df3f18baee2aa83eccea692f9057,2,0x00669E0C,3b11da84f00f0bd394c3f0bb8f50e0f6b173fd88e048d0894fe181366059c4ae,1,0x00669E2C,"[{""owner_address"":""0x00531F30"",""handler_push_site"":""0x531f35""}]","[{""state_index"":0,""to_state"":-1,""cleanup_address"":""0x00000000""},{""state_index"":1,""to_state"":-1,""cleanup_address"":""0x00000000""}]",R020
0x00656531,0x00669E98,e0a5f886d9e122caea43c5cceaa74684b7df1f8f6f54ba0a04992d141f26d736,3,0x00669E5C,887930cfdccbf8ca6c38146ec1f00813dcfb891e1bcda8716bca7a13173adf51,1,0x00669E84,"[{""owner_address"":""0x00532110"",""handler_push_site"":""0x532115""}]","[{""state_index"":0,""to_state"":-1,""cleanup_address"":""0x00000000""},{""state_index"":1,""to_state"":0,""cleanup_address"":""0x00656520""},{""state_index"":2,""to_state"":-1,""cleanup_address"":""0x00000000""}]",R020
0x00656548,0x00669EBC,aa3e312745950266161ea9f740bee672d91523868e56edd8c216aa4cecaf9fc6,1,0x00669EB4,4923309c1be7796b6257a364f83bba52e204b66061f6987e6070a7a11e86d804,0,0x00000000,"[{""owner_address"":""0x005321D0"",""handler_push_site"":""0x5321d5""}]","[{""state_index"":0,""to_state"":-1,""cleanup_address"":""0x00656540""}]",R020
0x0065656B,0x00669EE0,e07d9dff4953dd47c08fbe68666d38066afe4b8697136c9e1f9fbba9dd7a3386,1,0x00669ED8,d8d16ff77195edfbefaf469cc74c1a64d632eca3bbb67756ada8968cd49cce70,0,0x00000000,"[{""owner_address"":""0x00551AA0"",""handler_push_site"":""0x551aa5""}]","[{""state_index"":0,""to_state"":-1,""cleanup_address"":""0x00656560""}]",R020
0x0065658B,0x00669F04,46dfc4774690ece048a0f4a5482902a3beec6eb16888035e3cd16fb70c42f33d,1,0x00669EFC,6d41def1edbaaec5864b08aa8abbbb6cd0bda4ba336a985d4932ca6f3238d70c,0,0x00000000,"[{""owner_address"":""0x00574210"",""handler_push_site"":""0x574215""}]","[{""state_index"":0,""to_state"":-1,""cleanup_address"":""0x00656580""}]",R020
0x006565AB,0x00669F28,a557228c972749ee8092d42976bedbd73d8de8367474071b4165ab59c7723907,1,0x00669F20,04979d9e5c473f22fe22d46c543d7cc7a9c21f5d87a43ceeeac81515e6259969,0,0x00000000,"[{""owner_address"":""0x00597480"",""handler_push_site"":""0x597485""}]","[{""state_index"":0,""to_state"":-1,""cleanup_address"":""0x006565A0""}]",R020
0x006565CB,0x00669F4C,b7b6614ec77d156f88d2d099c5871a638a64e5fc8940064b48eda70b8d7354b0,1,0x00669F44,c3a379b633d26cec0bdd681f1ed127371210ff8e9c8d7782d7201d0468a04342,0,0x00000000,"[{""owner_address"":""0x005C0BB0"",""handler_push_site"":""0x5c0bb5""}]","[{""state_index"":0,""to_state"":-1,""cleanup_address"":""0x006565C0""}]",R020
0x006565EB,0x00669F70,37b0813508be3dfe8ec88c21ff0d1625963e282e4b1c0354374a5a112df212b9,1,0x00669F68,014f7ce383cc05bad0a2e0898ae4a4188e1565921399151f84efc90687e9635c,0,0x00000000,"[{""owner_address"":""0x005E2170"",""handler_push_site"":""0x5e2175""}]","[{""state_index"":0,""to_state"":-1,""cleanup_address"":""0x006565E0""}]",R020
0x00656629,0x00669FA4,c7532c5a970b7f933b941365f88a0e1c4238adc2e531c741f4f7d721c27e8ad1,3,0x00669F8C,49be053eea2067906c9907393dcfdfdf730b738bb986dd22babb27bb7f842ff8,0,0x00000000,"[{""owner_address"":""0x005F6F60"",""handler_push_site"":""0x5f6f65""}]","[{""state_index"":0,""to_state"":-1,""cleanup_address"":""0x00656600""},{""state_index"":1,""to_state"":0,""cleanup_address"":""0x00656613""},{""state_index"":2,""to_state"":1,""cleanup_address"":""0x0065661E""}]",R020
0x0065665C,0x00669FD8,2a28fd7b96699f7ea89327f3f70e79e9d01668dbc49b1fd604eb028e992214b2,3,0x00669FC0,238dc9f03bef45279c21da8bdcea11dd53e05f240a7b5479f9b3a83f82729ded,0,0x00000000,"[{""owner_address"":""0x005F6FF0"",""handler_push_site"":""0x5f6ff5""}]","[{""state_index"":0,""to_state"":-1,""cleanup_address"":""0x00656633""},{""state_index"":1,""to_state"":0,""cleanup_address"":""0x00656646""},{""state_index"":2,""to_state"":1,""cleanup_address"":""0x00656651""}]",R020
0x00656679,0x0066A004,9a4f8cb62ffa9493196a8fa3d9be51c563f01ce7fd913a1477200af9fc4ccb7d,2,0x00669FF4,e9b0078142ddc350b896f55cb11824b7c95e90f91a64183dd4f2b72879237e04,0,0x00000000,"[{""owner_address"":""0x005F71F0"",""handler_push_site"":""0x5f71f5""}]","[{""state_index"":0,""to_state"":-1,""cleanup_address"":""0x00656666""},{""state_index"":1,""to_state"":0,""cleanup_address"":""0x0065666E""}]",R020
0x0065668E,0x0066A028,c68c40bdb59c4a325bd43eb4ea74d7f2dd16f1ecb60cca33bdf92d1fe4e9a862,1,0x0066A020,85c8e8d0eee8566aba16b97274c0ffacac4674307434df73cd0caed5b76ec5ee,0,0x00000000,"[{""owner_address"":""0x005F78B0"",""handler_push_site"":""0x5f78b5""}]","[{""state_index"":0,""to_state"":-1,""cleanup_address"":""0x00656683""}]",R020
0x006566A3,0x0066A04C,420fcc8e38347c0281dd2dfb70720afb43ed4bb65ae599bfab75264863f759f1,1,0x0066A044,fbbd30eb9bfb8107b73762775c22c49af6eb33380e9378896dd4f06144e82a41,0,0x00000000,"[{""owner_address"":""0x005F7AA0"",""handler_push_site"":""0x5f7aa5""}]","[{""state_index"":0,""to_state"":-1,""cleanup_address"":""0x00656698""}]",R020
0x006566B8,0x0066A070,697b0acb4e54b5ef76a604e3c6b8eef1d4d96d15509c80de0fad80df8c8bbcf3,1,0x0066A068,eef7f85b8b8eece3c284f7c9897c7e00e5556aafb8732146218583172f17e760,0,0x00000000,"[{""owner_address"":""0x005F7ED0"",""handler_push_site"":""0x5f7ed5""}]","[{""state_index"":0,""to_state"":-1,""cleanup_address"":""0x006566B0""}]",R020
0x006566D8,0x0066A094,48d7cdceb46a72ab9745e06c9cac6f28e02e1ac110c33807c2aacfebf99d16c9,1,0x0066A08C,233ddc787e4a079e79a458235679032dd81e137032c2ed07753bf5c7dd9e7672,0,0x00000000,"[{""owner_address"":""0x005F7F20"",""handler_push_site"":""0x5f7f25""}]","[{""state_index"":0,""to_state"":-1,""cleanup_address"":""0x006566D0""}]",R020
0x006566F8,0x0066A0B8,0a59ee2f98bc79884f7ad038f5eddc6f71409ca11d10bc8c8e128f9b1d03680b,1,0x0066A0B0,6d249f92fa2fb7fb1334f8113e9582a92a2e13e191c02abe6d28a6151d2caeee,0,0x00000000,"[{""owner_address"":""0x005F84B0"",""handler_push_site"":""0x5f84b5""}]","[{""state_index"":0,""to_state"":-1,""cleanup_address"":""0x006566F0""}]",R020
0x00656718,0x0066A0DC,8fc2d6f100609e46d2ce710dd566906450c3e4b0c4c543ec8f0b5486176f6ad0,1,0x0066A0D4,5c409ab4deb29bf6f95ecce342e859b7307a67a093baae93c3186646e4c9bcd5,0,0x00000000,"[{""owner_address"":""0x005F8790"",""handler_push_site"":""0x5f8795""}]","[{""state_index"":0,""to_state"":-1,""cleanup_address"":""0x00656710""}]",R020
0x00656738,0x0066A100,3a0477e464e43ff4d5cef9df757be84b86d5bbb7dc834a7ea4ce2e51ec4b1570,1,0x0066A0F8,d7b66e42df82bf41723adc3a7a788296858c8d6415e74f02e028cf16a6777a35,0,0x00000000,"[{""owner_address"":""0x005F9000"",""handler_push_site"":""0x5f9005""}]","[{""state_index"":0,""to_state"":-1,""cleanup_address"":""0x00656730""}]",R020
0x00656758,0x0066A124,c72519f6e69d2ba1e9083571b7382033522b16662934733a66b9dc9367211ba7,1,0x0066A11C,f93496e6bd69246755d7a1b5beab75d87fe8ca509c5b84cce3515403eaa0575e,0,0x00000000,"[{""owner_address"":""0x005F9240"",""handler_push_site"":""0x5f9245""}]","[{""state_index"":0,""to_state"":-1,""cleanup_address"":""0x00656750""}]",R020
0x00656778,0x0066A148,e69abfbf33b3373df6e90ba315042b8196a55b04e43576d4026451e89b94da58,1,0x0066A140,8f38c3da15f494491d5848f044e7169d591994d1e643be339acdf83c45efbd50,0,0x00000000,"[{""owner_address"":""0x005F9460"",""handler_push_site"":""0x5f9465""}]","[{""state_index"":0,""to_state"":-1,""cleanup_address"":""0x00656770""}]",R020
0x00656798,0x0066A1D4,57d5400b3b369c7f11eb7615ef948dd710ff0c02097b786f6970f307e3898409,5,0x0066A164,27570ce89df0f6ba99ae4d00a3d0ff04a02ff31b51e770ff5d5da3651a8e8a9a,2,0x0066A1AC,"[{""owner_address"":""0x005F9650"",""handler_push_site"":""0x5f9655""}]","[{""state_index"":0,""to_state"":-1,""cleanup_address"":""0x00656790""},{""state_index"":1,""to_state"":0,""cleanup_address"":""0x00000000""},{""state_index"":2,""to_state"":0,""cleanup_address"":""0x00000000""},{""state_index"":3,""to_state"":0,""cleanup_address"":""0x00000000""},{""state_index"":4,""to_state"":0,""cleanup_address"":""0x00000000""}]",R020
0x006567B0,0x0066A258,1d1e747c894f0980998abe092830435753f474db1a1f4a051459c8b2dea8936a,4,0x0066A1F0,140b4dd25fba9a34726bc92b4c31e9d58d2b128837285f66a24c6c5982cf41b7,2,0x0066A230,"[{""owner_address"":""0x005F9A10"",""handler_push_site"":""0x5f9a15""}]","[{""state_index"":0,""to_state"":-1,""cleanup_address"":""0x00000000""},{""state_index"":1,""to_state"":-1,""cleanup_address"":""0x00000000""},{""state_index"":2,""to_state"":-1,""cleanup_address"":""0x00000000""},{""state_index"":3,""to_state"":-1,""cleanup_address"":""0x00000000""}]",R020
0x006567C0,0x0066A2A8,8f4535a19054dd1523f9f59e8a040d5bd82dab9ff69729c56ebef8eb9fedcfb4,2,0x0066A274,3b11da84f00f0bd394c3f0bb8f50e0f6b173fd88e048d0894fe181366059c4ae,1,0x0066A294,"[{""owner_address"":""0x005FA810"",""handler_push_site"":""0x5fa815""}]","[{""state_index"":0,""to_state"":-1,""cleanup_address"":""0x00000000""},{""state_index"":1,""to_state"":-1,""cleanup_address"":""0x00000000""}]",R020
0x006567D0,0x0066A2F8,4e7bc903cb28c1fcae67a9cb987fe054bfe8bc757b1218c8c90e5e5a9b486821,2,0x0066A2C4,3b11da84f00f0bd394c3f0bb8f50e0f6b173fd88e048d0894fe181366059c4ae,1,0x0066A2E4,"[{""owner_address"":""0x005FA960"",""handler_push_site"":""0x5fa965""}]","[{""state_index"":0,""to_state"":-1,""cleanup_address"":""0x00000000""},{""state_index"":1,""to_state"":-1,""cleanup_address"":""0x00000000""}]",R020
0x006567E8,0x0066A31C,ba85879d683a23a295fb026005766322854a56858f22276719bc626c86019884,1,0x0066A314,958b3b1a2b4d6d2d10d131ed0e286e00428458e7f3752fdc9a2459b8ecfb760e,0,0x00000000,"[{""owner_address"":""0x005FAD70"",""handler_push_site"":""0x5fad75""}]","[{""state_index"":0,""to_state"":-1,""cleanup_address"":""0x006567E0""}]",R020
0x00656808,0x0066A340,9f1b72885c45dc6c3575b4de8806306d44dcbf94a013f2c40bd1ee1786625416,1,0x0066A338,84eb5fe0497aa09123008a9c49ddf63eb0848eb24aac6eab68a55bed87dbe210,0,0x00000000,"[{""owner_address"":""0x005FADD0"",""handler_push_site"":""0x5fadd5""}]","[{""state_index"":0,""to_state"":-1,""cleanup_address"":""0x00656800""}]",R020
0x00656822,0x0066A36C,d54c6a9aa946b643c85573164d0e0f8358084afab250b10aa16ad3d17ef37dc8,2,0x0066A35C,34789503b21c99df318f56642877716aba708c172f97434462741713443d01a7,0,0x00000000,"[{""owner_address"":""0x006054EF"",""handler_load_site"":""0x006054EF"",""registration_kind"":""external-prolog""}]","[{""state_index"":0,""to_state"":-1,""cleanup_address"":""0x00656812""},{""state_index"":1,""to_state"":0,""cleanup_address"":""0x0065681A""}]",R022
0x0065683C,0x0066A398,c3ac54295d1b259a3900fdc08d7d67e7d19e3a64f909ca9661d97681cb77862d,2,0x0066A388,3ee6756ad1aa4970d3b13d9a6a601642b72998b069bde95ca9d0eba6f8c49535,0,0x00000000,"[{""owner_address"":""0x006056CE"",""handler_load_site"":""0x006056CE"",""registration_kind"":""external-prolog""}]","[{""state_index"":0,""to_state"":-1,""cleanup_address"":""0x0065682C""},{""state_index"":1,""to_state"":0,""cleanup_address"":""0x00656834""}]",R022
0x00656879,0x0066A3DC,f6d668d441590dbcbe21c093d518f7e3b470817991f8b0643c907fbaeaf84d33,5,0x0066A3B4,dd9208e6933e0d6dc570a9f2402aa2284eeaa00d2c45a5516f3c146161988ed7,0,0x00000000,"[{""owner_address"":""0x006073A5"",""handler_load_site"":""0x006073A5"",""registration_kind"":""external-prolog""}]","[{""state_index"":0,""to_state"":-1,""cleanup_address"":""0x00656846""},{""state_index"":1,""to_state"":0,""cleanup_address"":""0x00656851""},{""state_index"":2,""to_state"":0,""cleanup_address"":""0x00656865""},{""state_index"":3,""to_state"":0,""cleanup_address"":""0x0065685B""},{""state_index"":4,""to_state"":0,""cleanup_address"":""0x0065686F""}]",R022
0x0065688E,0x0066A400,4efc51e2a97bbcada966ff6c995b9bb9c04ccf58eb1109f818d73bdca63952d7,1,0x0066A3F8,68969e44aefd51a40b72791850aa60b1bbdf2b6cc6d9b719ec09cf6a552d1e00,0,0x00000000,"[{""owner_address"":""0x00607F32"",""handler_load_site"":""0x00607F32"",""registration_kind"":""external-prolog""}]","[{""state_index"":0,""to_state"":-1,""cleanup_address"":""0x00656883""}]",R022
0x006568ED,0x0066A45C,ed8034ea953e4ef6715f00a122fae7d3375d39458d7d64a027a86640fec6ebc1,8,0x0066A41C,854a28d7c1abeeb7ae86e596b345c20fbfb58f3ba27ce06e8359d1236c6f2407,0,0x00000000,"[{""owner_address"":""0x0060C12B"",""handler_load_site"":""0x0060C12B"",""registration_kind"":""external-prolog""}]","[{""state_index"":0,""to_state"":-1,""cleanup_address"":""0x00656898""},{""state_index"":1,""to_state"":0,""cleanup_address"":""0x006568A0""},{""state_index"":2,""to_state"":1,""cleanup_address"":""0x006568AB""},{""state_index"":3,""to_state"":2,""cleanup_address"":""0x006568B6""},{""state_index"":4,""to_state"":3,""cleanup_address"":""0x006568C1""},{""state_index"":5,""to_state"":4,""cleanup_address"":""0x006568CC""},{""state_index"":6,""to_state"":5,""cleanup_address"":""0x006568D7""},{""state_index"":7,""to_state"":6,""cleanup_address"":""0x006568E2""}]",R022
0x0065694C,0x0066A4B8,29bacc157655683fc298c65dc73e122347f11eaf3f6b1216c4ca994a27703934,8,0x0066A478,b4d863fa763da44fa77eeff28fa32dbb863f580dfd16152c6cb9564d609b811a,0,0x00000000,"[{""owner_address"":""0x0060C1D4"",""handler_load_site"":""0x0060C1D4"",""registration_kind"":""external-prolog""}]","[{""state_index"":0,""to_state"":-1,""cleanup_address"":""0x006568F7""},{""state_index"":1,""to_state"":0,""cleanup_address"":""0x006568FF""},{""state_index"":2,""to_state"":1,""cleanup_address"":""0x0065690A""},{""state_index"":3,""to_state"":2,""cleanup_address"":""0x00656915""},{""state_index"":4,""to_state"":3,""cleanup_address"":""0x00656920""},{""state_index"":5,""to_state"":4,""cleanup_address"":""0x0065692B""},{""state_index"":6,""to_state"":5,""cleanup_address"":""0x00656936""},{""state_index"":7,""to_state"":6,""cleanup_address"":""0x00656941""}]",R022
0x0065696A,0x0066A4E4,a016c5e3fa8a2831eecf4fbe1162dd0e18058ef80c7dbf7408381718a3a429c0,2,0x0066A4D4,1e3525bd61d2cc1697d5aefdca967b8c490111f51795a7660d3188ae91a6bc20,0,0x00000000,"[{""owner_address"":""0x0060E599"",""handler_load_site"":""0x0060E599"",""registration_kind"":""external-prolog""}]","[{""state_index"":0,""to_state"":-1,""cleanup_address"":""0x00656956""},{""state_index"":1,""to_state"":-1,""cleanup_address"":""0x00656960""}]",R022
0x00656984,0x0066A510,25c4ffe4278d5c7ff2ca781e35e0a8157280f757e7cfbd01095a3647a4ff7d40,2,0x0066A500,3a1dd4496049bfb817d1d6b0304f6f7d263e96b13fa69adbd5436d3d0704ab8b,0,0x00000000,"[{""owner_address"":""0x00610CCD"",""handler_load_site"":""0x00610CCD"",""registration_kind"":""external-prolog""}]","[{""state_index"":0,""to_state"":-1,""cleanup_address"":""0x00656974""},{""state_index"":1,""to_state"":0,""cleanup_address"":""0x0065697C""}]",R022
0x006569AC,0x0066A544,bf9a51ce622752395fb62688942e20d809fca56a96126ffe283b69c31e6d37a8,3,0x0066A52C,3f6fad42a7b091dfb8e9316865b76152b6a9b444194a1a4247dba85457b8dc97,0,0x00000000,"[{""owner_address"":""0x006114F3"",""handler_load_site"":""0x006114F3"",""registration_kind"":""external-prolog""}]","[{""state_index"":0,""to_state"":-1,""cleanup_address"":""0x0065698E""},{""state_index"":1,""to_state"":-1,""cleanup_address"":""0x00656998""},{""state_index"":2,""to_state"":-1,""cleanup_address"":""0x006569A2""}]",R022
0x006569C0,0x0066A568,1fa6e5c7e503683cab0d11fe06bd11ec7b2cd678beb250d8dcc00a9a6800482c,1,0x0066A560,ce89d60820c813161320df871654de48a7d8908bc87544f3d3ea1118f941e694,0,0x00000000,"[{""owner_address"":""0x00612CCE"",""handler_load_site"":""0x00612CCE"",""registration_kind"":""external-prolog""}]","[{""state_index"":0,""to_state"":-1,""cleanup_address"":""0x006569B6""}]",R022
0x006569DE,0x0066A594,459f9766defc09bc1425948ee3a335497096b5e651d4877d5e9cb7deeb322860,2,0x0066A584,8e92d5c312ae07544562af1dd004e8c1feca6a56cb8daa03a430b206a4b98213,0,0x00000000,"[{""owner_address"":""0x00612DBF"",""handler_load_site"":""0x00612DBF"",""registration_kind"":""external-prolog""}]","[{""state_index"":0,""to_state"":-1,""cleanup_address"":""0x006569CA""},{""state_index"":1,""to_state"":-1,""cleanup_address"":""0x006569D4""}]",R022
0x006569FC,0x0066A5C0,52b03fe77261d745f48806f725a670c9b3e2decad21e30c137f680e43e73adcb,2,0x0066A5B0,abcf749690f28319fa5079ce45bb1b1382bb0d9bfc05633b84e45ec006fe4a08,0,0x00000000,"[{""owner_address"":""0x00612FC1"",""handler_load_site"":""0x00612FC1"",""registration_kind"":""external-prolog""}]","[{""state_index"":0,""to_state"":-1,""cleanup_address"":""0x006569E8""},{""state_index"":1,""to_state"":-1,""cleanup_address"":""0x006569F2""}]",R022
0x00656A24,0x0066A5F4,008beb2b70ab9736c1a2d78972366ba46ff8b3cd58345960faa2d013aae79ffb,3,0x0066A5DC,24fce4c8313c83062529b3cc2b9622679f05c9f7ca8ea1a7c967b9bb527eaaca,0,0x00000000,"[{""owner_address"":""0x006131C5"",""handler_load_site"":""0x006131C5"",""registration_kind"":""external-prolog""}]","[{""state_index"":0,""to_state"":-1,""cleanup_address"":""0x00656A06""},{""state_index"":1,""to_state"":-1,""cleanup_address"":""0x00656A10""},{""state_index"":2,""to_state"":-1,""cleanup_address"":""0x00656A1A""}]",R022
0x00656A4C,0x0066A628,b67f995f0db72eee054742701e7dd2391fc0a37cdf9c8de4b386fa7967c16117,3,0x0066A610,7964b7545a90293a99e811e29f85425b637cc6a00eec41ee7ab2b20ffc567268,0,0x00000000,"[{""owner_address"":""0x006135E8"",""handler_load_site"":""0x006135E8"",""registration_kind"":""external-prolog""}]","[{""state_index"":0,""to_state"":-1,""cleanup_address"":""0x00656A2E""},{""state_index"":1,""to_state"":-1,""cleanup_address"":""0x00656A38""},{""state_index"":2,""to_state"":-1,""cleanup_address"":""0x00656A42""}]",R022
0x00656A6A,0x0066A654,5d0bc69ab266aae9867893e7f2d57a8d953a0eeecb8c0ccadbf1a1a0f684a99a,2,0x0066A644,a1cb946a02c1914a5d3123e588a6eaf514c1d78834cc907a5714fa1b930885a1,0,0x00000000,"[{""owner_address"":""0x00613B7A"",""handler_load_site"":""0x00613B7A"",""registration_kind"":""external-prolog""}]","[{""state_index"":0,""to_state"":-1,""cleanup_address"":""0x00656A56""},{""state_index"":1,""to_state"":-1,""cleanup_address"":""0x00656A60""}]",R022
0x00656A88,0x0066A680,52b57c385f2a8adceac21772f48cb521f3b28a8ab5ff54556dbb88863ce1b73d,2,0x0066A670,65e64855a01052abbd9ad8c32c918d61d1a29777a69379ae8a6c7677520590a3,0,0x00000000,"[{""owner_address"":""0x00613F60"",""handler_load_site"":""0x00613F60"",""registration_kind"":""external-prolog""}]","[{""state_index"":0,""to_state"":-1,""cleanup_address"":""0x00656A74""},{""state_index"":1,""to_state"":-1,""cleanup_address"":""0x00656A7E""}]",R022
0x00656AB0,0x0066A6B4,22ac51721df91ae9c584144dc92768a91f3f01403c12d407e75d2c46c020b0ad,3,0x0066A69C,593b9752df8b72566d7bb4a9d1e8684768819bfed78a081d685fb0d9ee7d4e3a,0,0x00000000,"[{""owner_address"":""0x00614691"",""handler_load_site"":""0x00614691"",""registration_kind"":""external-prolog""}]","[{""state_index"":0,""to_state"":-1,""cleanup_address"":""0x00656A92""},{""state_index"":1,""to_state"":-1,""cleanup_address"":""0x00656A9C""},{""state_index"":2,""to_state"":-1,""cleanup_address"":""0x00656AA6""}]",R022
0x00656AC2,0x0066A6D8,165d52cfcc09dbf008ec70598747a07d94f4a059d5a2e3b3557b1ecfec6e1548,1,0x0066A6D0,47467c91af2fc50f36d58c26df5f48db9fc7d4e4322babb75ebc9d0ff012ab06,0,0x00000000,"[{""owner_address"":""0x0061572C"",""handler_load_site"":""0x0061572C"",""registration_kind"":""external-prolog""}]","[{""state_index"":0,""to_state"":-1,""cleanup_address"":""0x00656ABA""}]",R022
0x00656AD6,0x0066A6FC,778e09ab3cd73658d8356f7267ea640337fa406981e0014b5b341fece7bbcd8c,1,0x0066A6F4,485a195177bb348eb681bb29cbc86d9d46449363fa27724b37b99dd7a0d33b7e,0,0x00000000,"[{""owner_address"":""0x006157CC"",""handler_load_site"":""0x006157CC"",""registration_kind"":""external-prolog""}]","[{""state_index"":0,""to_state"":-1,""cleanup_address"":""0x00656ACC""}]",R022
0x00656AEA,0x0066A720,7d056b6ed1bfb33db700760f96a5d6c21ead25fdee49cc8c7ad8dd06ea81a7cf,1,0x0066A718,b746c1188238a3442ba0d3e20d342234c6b85e8e0f32886772d1a763c713f978,0,0x00000000,"[{""owner_address"":""0x00615E70"",""handler_load_site"":""0x00615E70"",""registration_kind"":""external-prolog""}]","[{""state_index"":0,""to_state"":-1,""cleanup_address"":""0x00656AE0""}]",R022
0x00656B06,0x0066A74C,4b11e4dfc5fb11f09970fd9f3ec1b41fd578ebf308abdade308335a73fdce352,2,0x0066A73C,cf477f0fb43ee7b4a16ed73676f7b1f73f353284e6a54d922e0e4c2a57f75ebb,0,0x00000000,"[{""owner_address"":""0x00618FC3"",""handler_load_site"":""0x00618FC3"",""registration_kind"":""external-prolog""}]","[{""state_index"":0,""to_state"":-1,""cleanup_address"":""0x00656AF4""},{""state_index"":1,""to_state"":0,""cleanup_address"":""0x00656AFC""}]",R022
0x00656B1A,0x0066A770,5ab290d8f76e90aeb9b04fc4f49c372bcfd870412a00722e494c0537121be300,1,0x0066A768,7ee1c284c36e407ad621e596b56a9b5007693c4f1a2c825922ce335f1b9ec090,0,0x00000000,"[{""owner_address"":""0x00619FD6"",""handler_load_site"":""0x00619FD6"",""registration_kind"":""external-prolog""}]","[{""state_index"":0,""to_state"":-1,""cleanup_address"":""0x00656B10""}]",R022
0x00656B2C,0x0066A794,87adcf44f45bc008744b1f485fea448bdd9996b1b289a854bc9cd307a65c674e,1,0x0066A78C,29747779a4d663a7ab4860c40d8e3c1765d45f1028ed9753be2d270e5d1dd747,0,0x00000000,"[{""owner_address"":""0x0061A453"",""handler_load_site"":""0x0061A453"",""registration_kind"":""external-prolog""}]","[{""state_index"":0,""to_state"":-1,""cleanup_address"":""0x00656B24""}]",R022
0x00656CA8,0x0066A8D8,440b7791ca32a98ddf2bd7c8c9b9724b878a3a8e6354c512fce2d55395f35f6a,37,0x0066A7B0,e86278a1c86621a4bb98f979574b287808698942e547980d825d7289a3e78e64,0,0x00000000,"[{""owner_address"":""0x0061A4CC"",""handler_load_site"":""0x0061A4CC"",""registration_kind"":""external-prolog""}]","[{""state_index"":0,""to_state"":-1,""cleanup_address"":""0x00656B36""},{""state_index"":1,""to_state"":-1,""cleanup_address"":""0x00656B40""},{""state_index"":2,""to_state"":-1,""cleanup_address"":""0x00656B4A""},{""state_index"":3,""to_state"":-1,""cleanup_address"":""0x00656B54""},{""state_index"":4,""to_state"":-1,""cleanup_address"":""0x00656B5E""},{""state_index"":5,""to_state"":-1,""cleanup_address"":""0x00656B68""},{""state_index"":6,""to_state"":-1,""cleanup_address"":""0x00656B72""},{""state_index"":7,""to_state"":-1,""cleanup_address"":""0x00656B7C""},{""state_index"":8,""to_state"":-1,""cleanup_address"":""0x00656B86""},{""state_index"":9,""to_state"":-1,""cleanup_address"":""0x00656B90""},{""state_index"":10,""to_state"":-1,""cleanup_address"":""0x00656B9A""},{""state_index"":11,""to_state"":-1,""cleanup_address"":""0x00656BA4""},{""state_index"":12,""to_state"":-1,""cleanup_address"":""0x00656BAE""},{""state_index"":13,""to_state"":-1,""cleanup_address"":""0x00656BB8""},{""state_index"":14,""to_state"":-1,""cleanup_address"":""0x00656BF4""},{""state_index"":15,""to_state"":-1,""cleanup_address"":""0x00656BEA""},{""state_index"":16,""to_state"":-1,""cleanup_address"":""0x00656BE0""},{""state_index"":17,""to_state"":-1,""cleanup_address"":""0x00656BD6""},{""state_index"":18,""to_state"":-1,""cleanup_address"":""0x00656BCC""},{""state_index"":19,""to_state"":-1,""cleanup_address"":""0x00656BC2""},{""state_index"":20,""to_state"":-1,""cleanup_address"":""0x00656BFE""},{""state_index"":21,""to_state"":-1,""cleanup_address"":""0x00656C30""},{""state_index"":22,""to_state"":-1,""cleanup_address"":""0x00656C26""},{""state_index"":23,""to_state"":-1,""cleanup_address"":""0x00656C1C""},{""state_index"":24,""to_state"":-1,""cleanup_address"":""0x00656C12""},{""state_index"":25,""to_state"":-1,""cleanup_address"":""0x00656C08""},{""state_index"":26,""to_state"":-1,""cleanup_address"":""0x00656C76""},{""state_index"":27,""to_state"":-1,""cleanup_address"":""0x00656C9E""},{""state_index"":28,""to_state"":-1,""cleanup_address"":""0x00656C94""},{""state_index"":29,""to_state"":-1,""cleanup_address"":""0x00656C8A""},{""state_index"":30,""to_state"":-1,""cleanup_address"":""0x00656C80""},{""state_index"":31,""to_state"":-1,""cleanup_address"":""0x00656C62""},{""state_index"":32,""to_state"":-1,""cleanup_address"":""0x00656C3A""},{""state_index"":33,""to_state"":-1,""cleanup_address"":""0x00656C6C""},{""state_index"":34,""to_state"":-1,""cleanup_address"":""0x00656C58""},{""state_index"":35,""to_state"":-1,""cleanup_address"":""0x00656C4E""},{""state_index"":36,""to_state"":-1,""cleanup_address"":""0x00656C44""}]",R022
0x00656CBC,0x0066A8FC,33a3a2ad74b7d678c2c8aa6299f548502d8d5fb4e2902d785a95497f12c727b5,1,0x0066A8F4,d843edd79e31f966406dc46dc037829c56e35a8da0c6af4b8d329863e433c839,0,0x00000000,"[{""owner_address"":""0x0061FD22"",""handler_load_site"":""0x0061FD22"",""registration_kind"":""external-prolog""}]","[{""state_index"":0,""to_state"":-1,""cleanup_address"":""0x00656CB2""}]",R022
0x00656CC6,0x0066A94C,7b3b635d03163224b47bf5e9e058c0b93a55a11500ef645807efec5b5fc808ca,2,0x0066A918,3b11da84f00f0bd394c3f0bb8f50e0f6b173fd88e048d0894fe181366059c4ae,1,0x0066A938,"[{""owner_address"":""0x00620B41"",""handler_load_site"":""0x00620B41"",""registration_kind"":""external-prolog""}]","[{""state_index"":0,""to_state"":-1,""cleanup_address"":""0x00000000""},{""state_index"":1,""to_state"":-1,""cleanup_address"":""0x00000000""}]",R022
0x00656CD8,0x0066A970,e110b675ec1b218f2fd5a64d23e1d63361e123e12d9b68a69344031d59d93e92,1,0x0066A968,95e70b92a54938ce39f32b48ccb0f66cfdce572ee6970de62ce74314841df314,0,0x00000000,"[{""owner_address"":""0x00654ACE"",""handler_load_site"":""0x00654ACE"",""registration_kind"":""external-prolog""}]","[{""state_index"":0,""to_state"":-1,""cleanup_address"":""0x00656CD0""}]",R022
0x00656CEA,0x0066A994,8afde453c5f286690e1b9e587fc732ecdb2c5ac2e17870dd7fa05614c2aa2076,1,0x0066A98C,b5ee6bd962581f7a73625cd3b3c1dbc046c683adca80ee513f7af632765853d5,0,0x00000000,"[{""owner_address"":""0x00654B0E"",""handler_load_site"":""0x00654B0E"",""registration_kind"":""external-prolog""}]","[{""state_index"":0,""to_state"":-1,""cleanup_address"":""0x00656CE2""}]",R022
