address,size,body_sha256,inferred_role,template_kind,callee_address,frame_references,evidence_id
0x00654D00,8,d32a68d48113fadf51ef02bfdac2f84ad3aaa4e5b2823d9a1e7d1347e93a0cb1,VC7EH::Unwind_local_object_00654D00,local-object,0x00404CF0,"[{""handler_address"":""0x00654D08"",""funcinfo_address"":""0x00667A50"",""state_index"":0}]",R020
0x00654D20,8,677d91f576531d37bb017fe152c71ff55842c4ee009e0c3b93a36b33aca46328,VC7EH::Unwind_frame_object_00654D20,frame-object,0x00640CE4,"[{""handler_address"":""0x00654D28"",""funcinfo_address"":""0x00667A74"",""state_index"":0}]",R020
0x00654D40,8,b10b5a8ca19b527fdd306bb484834f62f61e17e8bd2786c3678255678931e796,VC7EH::Unwind_frame_object_00654D40,frame-object,0x00640CE4,"[{""handler_address"":""0x00654D48"",""funcinfo_address"":""0x00667A98"",""state_index"":0}]",R020
0x00654D60,8,77fc497a4a3ac6a0c1f9088f6072c44db4a964ff4d341bd3577365ac417e3b59,VC7EH::Unwind_frame_object_00654D60,frame-object,0x00640CE4,"[{""handler_address"":""0x00654D68"",""funcinfo_address"":""0x00667ABC"",""state_index"":0}]",R020
0x00654DA0,8,5c89767e329b32ac779c2d65368ee5ef9b5bf72949753d7c6de3e04b8472efed,VC7EH::Unwind_local_object_00654DA0,local-object,0x00404CF0,"[{""handler_address"":""0x00654DA8"",""funcinfo_address"":""0x00667BE8"",""state_index"":0}]",R020
0x00654DE0,8,ee6c967e530a1e1a8e4e8ac7011c5dc4053e373e8fb2e00ec2cb2a89e58805d4,VC7EH::Unwind_frame_object_00654DE0,frame-object,0x00409380,"[{""handler_address"":""0x00654DE8"",""funcinfo_address"":""0x00667CAC"",""state_index"":0}]",R020
0x00654DF2,8,6f70a585c785b826c3f06cf95b4652e07bd8551b58f27f4f76e4a4b492e93929,VC7EH::Unwind_frame_object_00654DF2,frame-object,0x00409380,"[{""handler_address"":""0x00654DFA"",""funcinfo_address"":""0x00667CD0"",""state_index"":0}]",R020
0x00654E04,8,3a30687ad7ea7ca752a9ea7b8668f757701243e0b0690338512b285a0bb409c5,VC7EH::Unwind_local_object_00654E04,local-object,0x004092F0,"[{""handler_address"":""0x00654E0C"",""funcinfo_address"":""0x00667CF4"",""state_index"":0}]",R020
0x00654E16,8,ccaea08c2bbc4f0691f2db0c339acc272d9d58f37e03f120d09580b84de0807a,VC7EH::Unwind_local_object_00654E16,local-object,0x004092F0,"[{""handler_address"":""0x00654E1E"",""funcinfo_address"":""0x00667D18"",""state_index"":0}]",R020
0x00654E30,8,1976eb2aa254196d1d958e99d42e21ac8788f9213d3e212c8fa8c803f963d0a5,VC7EH::Unwind_local_object_00654E30,local-object,0x00404CF0,"[{""handler_address"":""0x00654E38"",""funcinfo_address"":""0x00667D78"",""state_index"":0}]",R020
0x00654E50,8,d7fa38b32d576c12e6dd1ad3942c0197dce0a0d4fe16b53ba97eda65a9e5cf73,VC7EH::Unwind_local_object_00654E50,local-object,0x00404CF0,"[{""handler_address"":""0x00654E58"",""funcinfo_address"":""0x00667D9C"",""state_index"":0}]",R020
0x00654E70,8,044722d003e7bc2a03420b7d53ee0d9469554b4940412dd1a82c1997305cdeb6,VC7EH::Unwind_local_object_00654E70,local-object,0x00404CF0,"[{""handler_address"":""0x00654E78"",""funcinfo_address"":""0x00667DC0"",""state_index"":0}]",R020
0x00654EA0,8,a76fa5b61a202215f4d87210c0c289372d2e7cd1afb2e636748a39d42c92d4d9,VC7EH::Unwind_frame_object_00654EA0,frame-object,0x00401020,"[{""handler_address"":""0x00654ED4"",""funcinfo_address"":""0x00667E88"",""state_index"":0}]",R020
0x00654EA8,11,96298f10a9d756b5ea7d0a852b4dbe43d383a331777554b8f8a0cdedfde9f02b,VC7EH::Unwind_member_object_00654EA8,member-object,0x0040DCC0,"[{""handler_address"":""0x00654ED4"",""funcinfo_address"":""0x00667E88"",""state_index"":1}]",R020
0x00654EB3,11,059ed2cc25f9143598bf7864a2290647e542833a4db93a8194058a3f554f3653,VC7EH::Unwind_member_object_00654EB3,member-object,0x0040DE80,"[{""handler_address"":""0x00654ED4"",""funcinfo_address"":""0x00667E88"",""state_index"":2}]",R020
0x00654EBE,11,77984f480d9d0ff419a40c1c52d4fda1b2029f1906cabdee3522681fa8723828,VC7EH::Unwind_member_object_00654EBE,member-object,0x0040DE80,"[{""handler_address"":""0x00654ED4"",""funcinfo_address"":""0x00667E88"",""state_index"":3}]",R020
0x00654EC9,11,946da183a912065da9e8ab5dcec7f36b82643aa73ee855724af388709e5d646e,VC7EH::Unwind_member_object_00654EC9,member-object,0x0040DFB0,"[{""handler_address"":""0x00654ED4"",""funcinfo_address"":""0x00667E88"",""state_index"":4}]",R020
0x00654EDE,8,f98e215ed2635d8c0c92c30c6d5098eaf8f6f868da8d8d2e2738c4ca52f2ffef,VC7EH::Unwind_frame_object_00654EDE,frame-object,0x00401020,"[{""handler_address"":""0x00654F12"",""funcinfo_address"":""0x00667ECC"",""state_index"":0}]",R020
0x00654EE6,11,77ed7688d0f29b3531611f51783e67a045e298433781f8e9f28bee23a0b2dd46,VC7EH::Unwind_member_object_00654EE6,member-object,0x0040DCC0,"[{""handler_address"":""0x00654F12"",""funcinfo_address"":""0x00667ECC"",""state_index"":1}]",R020
0x00654EF1,11,afad1a08f88ec1d34b5dc12ba3305aeceedfa98391a056ca249e594bb022e21d,VC7EH::Unwind_member_object_00654EF1,member-object,0x0040DE80,"[{""handler_address"":""0x00654F12"",""funcinfo_address"":""0x00667ECC"",""state_index"":2}]",R020
0x00654EFC,11,3618bb60ff326293fd3482035a4e7ecb87dc6a24e550b2cd26c3a4db76b4f1fa,VC7EH::Unwind_member_object_00654EFC,member-object,0x0040DE80,"[{""handler_address"":""0x00654F12"",""funcinfo_address"":""0x00667ECC"",""state_index"":3}]",R020
0x00654F07,11,463a196e343400f3daf2bf6e181955d9d1e028770cfb34ad012589d935703242,VC7EH::Unwind_member_object_00654F07,member-object,0x0040DFB0,"[{""handler_address"":""0x00654F12"",""funcinfo_address"":""0x00667ECC"",""state_index"":4}]",R020
0x00654F1C,8,d5b7e62706e136a4babd9e961d5d5af37fec01cc90d6f86df18418e361a9c5ae,VC7EH::Unwind_local_object_00654F1C,local-object,0x0040D8E0,"[{""handler_address"":""0x00654F24"",""funcinfo_address"":""0x00667EF0"",""state_index"":0}]",R020
0x00654F2E,8,db8edfcaab0d185e3bfd553f2d3321e70ae3e677bfae48f3fcaa3147d0f42d92,VC7EH::Unwind_local_object_00654F2E,local-object,0x0040D8E0,"[{""handler_address"":""0x00654F36"",""funcinfo_address"":""0x00667F14"",""state_index"":0}]",R020
0x00654F40,8,c66449e2397e6e8efe2f68f8052f65a712da5acf724fe5a3507c16d3a756c71b,VC7EH::Unwind_local_object_00654F40,local-object,0x0040D8E0,"[{""handler_address"":""0x00654F48"",""funcinfo_address"":""0x00667F38"",""state_index"":0}]",R020
0x00654F60,8,9533cce1f48bc3acc7f661ad91d2321c15e8f8d59cfb63b31bfaac286cdfdba8,VC7EH::Unwind_local_object_00654F60,local-object,0x0040D8E0,"[{""handler_address"":""0x00654F68"",""funcinfo_address"":""0x00667F5C"",""state_index"":0}]",R020
0x00654F80,8,f49e48800df6b83583b312d498c935170415c432d3e12af436727bec7532e9bc,VC7EH::Unwind_local_object_00654F80,local-object,0x00404CF0,"[{""handler_address"":""0x00654F88"",""funcinfo_address"":""0x00667F80"",""state_index"":0}]",R020
0x00654FA0,8,1f8043c20b18ac766d1f55bec69744f5a17f4e3a4839a05a471b843126ac85ff,VC7EH::Unwind_local_object_00654FA0,local-object,0x00404CF0,"[{""handler_address"":""0x00654FA8"",""funcinfo_address"":""0x00667FA4"",""state_index"":0}]",R020
0x00654FC0,8,5f38113a9f4cf4922347e69576d3512eb287f4da26363107c17bd36aa06fe364,VC7EH::Unwind_local_object_00654FC0,local-object,0x0040D8E0,"[{""handler_address"":""0x00654FC8"",""funcinfo_address"":""0x00668030"",""state_index"":0}]",R020
0x00655010,11,2e371d6f5db8d1eeb4a646465ebc143caf7e12a4ae37200badf85568b35ffc21,VC7EH::Unwind_member_object_00655010,member-object,0x00411C70,"[{""handler_address"":""0x0065501B"",""funcinfo_address"":""0x00668178"",""state_index"":0}]",R020
0x00655040,17,e967ab86853ecd75401519e164877c1e6ebbc3eb35e0879f970e246139023196,VC7EH::Unwind_placement_allocation_00655040,placement-allocation,0x00412300,"[{""handler_address"":""0x00655051"",""funcinfo_address"":""0x00668220"",""state_index"":1}]",R020
0x00655060,8,d0b568d19fb7c668053cd1d88b0e6918123c3032a5c76413822d1f03f7f3a69f,VC7EH::Unwind_local_object_00655060,local-object,0x00404CF0,"[{""handler_address"":""0x00655068"",""funcinfo_address"":""0x00668244"",""state_index"":0}]",R020
0x00655080,11,4a6f54deef79d8e69c3ef74389d259f6107c110e64073e006398d587c94ab953,VC7EH::Unwind_member_object_00655080,member-object,0x0040AE40,"[{""handler_address"":""0x0065508B"",""funcinfo_address"":""0x00668268"",""state_index"":0}]",R020
0x00655095,11,2a933fa8d31ab9368e3de3f2a722b13df05fb9052b05e56dee3e835388892bf2,VC7EH::Unwind_member_object_00655095,member-object,0x0040AE40,"[{""handler_address"":""0x006550A0"",""funcinfo_address"":""0x0066828C"",""state_index"":0}]",R020
0x006550AA,11,e184036c1df81735eb4630013461c4b288ef9a439587af2a639346d3004090c3,VC7EH::Unwind_allocation_006550AA,allocation,0x00640F15,"[{""handler_address"":""0x006550B5"",""funcinfo_address"":""0x006682B0"",""state_index"":0}]",R020
0x006550C0,14,72d9b0d921ec5ae935bc43bd804f7921b1d17ff9ea11eb58bd16ddc67018c11c,VC7EH::Unwind_member_object_006550C0,member-object,0x004143B0,"[{""handler_address"":""0x006550EA"",""funcinfo_address"":""0x006682E4"",""state_index"":0}]",R020
0x006550CE,14,88b30992d338b46610eba09073fc91b123766724440f7dafa900a09a4f8eab4c,VC7EH::Unwind_member_object_006550CE,member-object,0x004145A0,"[{""handler_address"":""0x006550EA"",""funcinfo_address"":""0x006682E4"",""state_index"":1}]",R020
0x006550DC,14,6f8da90fc069e0256e25127dcd22dedb80591a4c4ff886eebbdb3b5913fb4ea3,VC7EH::Unwind_member_object_006550DC,member-object,0x004143B0,"[{""handler_address"":""0x006550EA"",""funcinfo_address"":""0x006682E4"",""state_index"":2}]",R020
0x006550F4,14,1eb489bba8fb77d0b3fc918c5bd62b3475c271e589ab8cb9b5b856d69a2b2aa8,VC7EH::Unwind_member_object_006550F4,member-object,0x004143B0,"[{""handler_address"":""0x0065512C"",""funcinfo_address"":""0x00668320"",""state_index"":0}]",R020
0x00655102,14,58ad845a2da98b6d8d7e703c56aeff3fd3a74d6f3e44c96ee84cb6e1c8cf39ef,VC7EH::Unwind_member_object_00655102,member-object,0x004145A0,"[{""handler_address"":""0x0065512C"",""funcinfo_address"":""0x00668320"",""state_index"":1}]",R020
0x00655110,14,ad820b0774eadd3aa6bb546d94771759d9b55ef9c51d763ede82981adb8ff49a,VC7EH::Unwind_member_object_00655110,member-object,0x004143B0,"[{""handler_address"":""0x0065512C"",""funcinfo_address"":""0x00668320"",""state_index"":2}]",R020
0x0065511E,14,9da4a82efa2597b91e6c438cf2ee62555608d3a0e205ab2feb249aeae08f97e5,VC7EH::Unwind_member_object_0065511E,member-object,0x00414790,"[{""handler_address"":""0x0065512C"",""funcinfo_address"":""0x00668320"",""state_index"":3}]",R020
0x00655140,8,b1dcdd8552dd9b618e1ee8d9bfcc30e9134251d6f70a4159b998fe5f93071e23,VC7EH::Unwind_local_object_00655140,local-object,0x00404CF0,"[{""handler_address"":""0x00655148"",""funcinfo_address"":""0x00668344"",""state_index"":0}]",R020
0x00655160,8,a9ede0bd8621c9d85cb625f3e5909810fcb830284c3696ee23ddc9a9f6335581,VC7EH::Unwind_local_object_00655160,local-object,0x00404CF0,"[{""handler_address"":""0x00655168"",""funcinfo_address"":""0x00668368"",""state_index"":0}]",R020
0x00655180,8,709474b5726b46fe619cfa1e33ceb9853090eadd8dcdfdd196ca0a269c323522,VC7EH::Unwind_local_object_00655180,local-object,0x00404CF0,"[{""handler_address"":""0x00655188"",""funcinfo_address"":""0x0066838C"",""state_index"":0}]",R020
0x006551A0,11,d5487cf798eab1e9eb55f7e065576b29cb69b084fc99a696ccd002ba04268906,VC7EH::Unwind_allocation_006551A0,allocation,0x00640F15,"[{""handler_address"":""0x006551C1"",""funcinfo_address"":""0x006683C0"",""state_index"":0}]",R020
0x006551AB,11,e8520b5bf58b30b9ebe1f7d9b04247fcca451b5a60b0ca57d5eeeb4a5de93762,VC7EH::Unwind_allocation_006551AB,allocation,0x00640F15,"[{""handler_address"":""0x006551C1"",""funcinfo_address"":""0x006683C0"",""state_index"":1}]",R020
0x006551B6,11,01e65ff17f3acaf4c7c941dd5e579e28ad09cd1c87c49f3d0545c924a8c31057,VC7EH::Unwind_allocation_006551B6,allocation,0x00640F15,"[{""handler_address"":""0x006551C1"",""funcinfo_address"":""0x006683C0"",""state_index"":2}]",R020
0x006551CB,11,8c07dd9b8d5ba818249d377715a9dc61a1db371850ebf14f16d475a31044d702,VC7EH::Unwind_allocation_006551CB,allocation,0x00640F15,"[{""handler_address"":""0x00655247"",""funcinfo_address"":""0x00668434"",""state_index"":0}]",R020
0x006551D6,11,0b2d56ccb6dc04e8dc2c791061cc4a33a267f782cd8aa36d03d45c99c7844666,VC7EH::Unwind_allocation_006551D6,allocation,0x00640F15,"[{""handler_address"":""0x00655247"",""funcinfo_address"":""0x00668434"",""state_index"":1}]",R020
0x006551E1,11,d19e9fbf21e3c8624dacb676fe56495c3122453f61adacceea848806585f4628,VC7EH::Unwind_allocation_006551E1,allocation,0x00640F15,"[{""handler_address"":""0x00655247"",""funcinfo_address"":""0x00668434"",""state_index"":2}]",R020
0x006551EC,11,097588361e503982217b3d52d6ae4fdcd387bdca1c22a8a1d0365cc4ea4034f1,VC7EH::Unwind_allocation_006551EC,allocation,0x00640F15,"[{""handler_address"":""0x00655247"",""funcinfo_address"":""0x00668434"",""state_index"":3}]",R020
0x006551F7,11,f2e08aebadad0ddcf0ac6215de8f4118e22ccdcff056050ea49464effb9b3b45,VC7EH::Unwind_allocation_006551F7,allocation,0x00640F15,"[{""handler_address"":""0x00655247"",""funcinfo_address"":""0x00668434"",""state_index"":4}]",R020
0x00655202,11,c4d7eb4b55401563fb5de776f274342d1300dd3f94fd03888015a92eae25636b,VC7EH::Unwind_allocation_00655202,allocation,0x00640F15,"[{""handler_address"":""0x00655247"",""funcinfo_address"":""0x00668434"",""state_index"":5}]",R020
0x0065520D,11,f2c8963eedae9e11752eb53c7b1e45ab958ae947fdfa84fbb78ff87e6235c923,VC7EH::Unwind_allocation_0065520D,allocation,0x00640F15,"[{""handler_address"":""0x00655247"",""funcinfo_address"":""0x00668434"",""state_index"":6}]",R020
0x00655218,11,7eb62ff19d49c1638ef3365b56a7e3f7983d32169f682bd138af4d6c1cd2f48d,VC7EH::Unwind_allocation_00655218,allocation,0x00640F15,"[{""handler_address"":""0x00655247"",""funcinfo_address"":""0x00668434"",""state_index"":7}]",R020
0x00655223,11,f44c25009cf149fc02360feefbee27656998769285373546742a64090fe7b68b,VC7EH::Unwind_allocation_00655223,allocation,0x00640F15,"[{""handler_address"":""0x00655247"",""funcinfo_address"":""0x00668434"",""state_index"":8}]",R020
0x0065522E,11,84336f84d3f65be04f590441c22cdf69f5e92a08531ae2740935b36b3a7080f0,VC7EH::Unwind_allocation_0065522E,allocation,0x00640F15,"[{""handler_address"":""0x00655247"",""funcinfo_address"":""0x00668434"",""state_index"":9}]",R020
0x00655239,14,55988ab4ede907aad2febc21087e81e5080cd6afef08695cb5e723176908f883,VC7EH::Unwind_allocation_00655239,allocation,0x00640F15,"[{""handler_address"":""0x00655247"",""funcinfo_address"":""0x00668434"",""state_index"":10}]",R020
0x00655251,11,c9cf4080227f95c400f3fb692cc29a2d0ac4300b62b1fd25543aa2ee6c863194,VC7EH::Unwind_allocation_00655251,allocation,0x00640F15,"[{""handler_address"":""0x00655422"",""funcinfo_address"":""0x00668570"",""state_index"":0}]",R020
0x0065525C,11,34dc711de865debb7ad068cb4012efa3a17861130740e0fd0c0f5c84eb216c6b,VC7EH::Unwind_allocation_0065525C,allocation,0x00640F15,"[{""handler_address"":""0x00655422"",""funcinfo_address"":""0x00668570"",""state_index"":1}]",R020
0x00655267,11,93f5149c7d36dbd58c989bccf6e395d9846495c3b47225be905ac335465d7c1a,VC7EH::Unwind_allocation_00655267,allocation,0x00640F15,"[{""handler_address"":""0x00655422"",""funcinfo_address"":""0x00668570"",""state_index"":2}]",R020
0x00655272,11,f4107406021794f40265d44182c9176aea8bcc1cb483e8e81f39947973cfaf2c,VC7EH::Unwind_allocation_00655272,allocation,0x00640F15,"[{""handler_address"":""0x00655422"",""funcinfo_address"":""0x00668570"",""state_index"":3}]",R020
0x0065527D,11,3a13d721e0e56057323405d308221b153d055be36322c02497b4088c19d77fb3,VC7EH::Unwind_allocation_0065527D,allocation,0x00640F15,"[{""handler_address"":""0x00655422"",""funcinfo_address"":""0x00668570"",""state_index"":4}]",R020
0x00655288,11,2822c002d79fcb9d5a766fd2299208295fbf780a83b092f5914d3c3a451236a5,VC7EH::Unwind_allocation_00655288,allocation,0x00640F15,"[{""handler_address"":""0x00655422"",""funcinfo_address"":""0x00668570"",""state_index"":5}]",R020
0x00655293,11,d2a3223ad24ffe1b8fca42f929b8f34a85702e09a1f9fe31f37029015f559ff0,VC7EH::Unwind_allocation_00655293,allocation,0x00640F15,"[{""handler_address"":""0x00655422"",""funcinfo_address"":""0x00668570"",""state_index"":6}]",R020
0x0065529E,11,f1a18cf7632fb174d5da333ec636687bc7b62fb84da0b8b4db4c80ee93bbdc28,VC7EH::Unwind_allocation_0065529E,allocation,0x00640F15,"[{""handler_address"":""0x00655422"",""funcinfo_address"":""0x00668570"",""state_index"":7}]",R020
0x006552A9,11,cfd6784467bbc714c3332e33fbbef4607e61963f0c195c1ac572500342015035,VC7EH::Unwind_allocation_006552A9,allocation,0x00640F15,"[{""handler_address"":""0x00655422"",""funcinfo_address"":""0x00668570"",""state_index"":8}]",R020
0x006552B4,11,44e3bdd6cb2adf9d07bb534065d6953459cdbb432a425c630b5a6d3cf029e5fe,VC7EH::Unwind_allocation_006552B4,allocation,0x00640F15,"[{""handler_address"":""0x00655422"",""funcinfo_address"":""0x00668570"",""state_index"":9}]",R020
0x006552BF,11,088f1bf64eba3df9f2ccd551ac7b3b949808d7c7f76cfb8ea4f9da688db5080f,VC7EH::Unwind_allocation_006552BF,allocation,0x00640F15,"[{""handler_address"":""0x00655422"",""funcinfo_address"":""0x00668570"",""state_index"":10}]",R020
0x006552CA,11,e172c75ef1680652df79be0b77671e84e02db7db822f9e1b257db8b8de1a4451,VC7EH::Unwind_allocation_006552CA,allocation,0x00640F15,"[{""handler_address"":""0x00655422"",""funcinfo_address"":""0x00668570"",""state_index"":11}]",R020
0x006552D5,11,2943902587f0b02a7d927520c7e5f49bae25e8e25cb5f5ce79a6c79eb2e5fe5c,VC7EH::Unwind_allocation_006552D5,allocation,0x00640F15,"[{""handler_address"":""0x00655422"",""funcinfo_address"":""0x00668570"",""state_index"":12}]",R020
0x006552E0,14,31977591bb4a6057195020d9bc40f8682d77a6bf10afd520a54ec7c529ac5a5e,VC7EH::Unwind_allocation_006552E0,allocation,0x00640F15,"[{""handler_address"":""0x00655422"",""funcinfo_address"":""0x00668570"",""state_index"":13}]",R020
0x006552EE,14,7a78fa5b483b5ffdf6317276ace90fd6e21b10272e6a021f8309429da2e5b2ef,VC7EH::Unwind_allocation_006552EE,allocation,0x00640F15,"[{""handler_address"":""0x00655422"",""funcinfo_address"":""0x00668570"",""state_index"":14}]",R020
0x006552FC,14,fb6eeab5c879ebbdfe9b4973fca4f62c0ce78b32a8c54203416bcc356d788fdf,VC7EH::Unwind_allocation_006552FC,allocation,0x00640F15,"[{""handler_address"":""0x00655422"",""funcinfo_address"":""0x00668570"",""state_index"":15}]",R020
0x0065530A,14,86f29e6885e099d4dac00745bf72c823e6ff6c27517cc49f2692c2ed36b8a0e7,VC7EH::Unwind_allocation_0065530A,allocation,0x00640F15,"[{""handler_address"":""0x00655422"",""funcinfo_address"":""0x00668570"",""state_index"":16}]",R020
0x00655318,14,3e8d052508a73ac3fc0646ff75f83bbe2de3d9d25d600e40af2400166dc1b304,VC7EH::Unwind_allocation_00655318,allocation,0x00640F15,"[{""handler_address"":""0x00655422"",""funcinfo_address"":""0x00668570"",""state_index"":17}]",R020
0x00655326,14,82b38462f5238dfe26b24b4235d1c47d0257782d7648fcfc81e02fecfb8ef410,VC7EH::Unwind_allocation_00655326,allocation,0x00640F15,"[{""handler_address"":""0x00655422"",""funcinfo_address"":""0x00668570"",""state_index"":18}]",R020
0x00655334,14,f8a19eba618b841fb610dd46d509de43f103e3f87eaf074f7be9b99aa12c13ce,VC7EH::Unwind_allocation_00655334,allocation,0x00640F15,"[{""handler_address"":""0x00655422"",""funcinfo_address"":""0x00668570"",""state_index"":19}]",R020
0x00655342,14,ba85a77fb5bb57783e67853ebddf6b72612e32e974eede511069ddc92335f0d9,VC7EH::Unwind_allocation_00655342,allocation,0x00640F15,"[{""handler_address"":""0x00655422"",""funcinfo_address"":""0x00668570"",""state_index"":20}]",R020
0x00655350,14,4370454f79df01a6cda4e66e2adb8fccffd8cd977a0aea18b21dc1d547afd54e,VC7EH::Unwind_allocation_00655350,allocation,0x00640F15,"[{""handler_address"":""0x00655422"",""funcinfo_address"":""0x00668570"",""state_index"":21}]",R020
0x0065535E,14,a1e43476dd863fd2eebb3a028cec87f13582501e00b68a535c3e02ffa9993023,VC7EH::Unwind_allocation_0065535E,allocation,0x00640F15,"[{""handler_address"":""0x00655422"",""funcinfo_address"":""0x00668570"",""state_index"":22}]",R020
0x0065536C,14,b97e3937d3ef7424bd0e8b888db8e8113ecc005c978f122fd246126d06abcc3f,VC7EH::Unwind_allocation_0065536C,allocation,0x00640F15,"[{""handler_address"":""0x00655422"",""funcinfo_address"":""0x00668570"",""state_index"":23}]",R020
0x0065537A,14,dd350ee584c4e9809f3b8a8951e2f92d8a8d99768a4d1d8f8719e74b99f6d2d0,VC7EH::Unwind_allocation_0065537A,allocation,0x00640F15,"[{""handler_address"":""0x00655422"",""funcinfo_address"":""0x00668570"",""state_index"":24}]",R020
0x00655388,14,d08c9da4547027ce2750acb3a29f30c0b871d89d37748dd6f401caf14a5d0045,VC7EH::Unwind_allocation_00655388,allocation,0x00640F15,"[{""handler_address"":""0x00655422"",""funcinfo_address"":""0x00668570"",""state_index"":25}]",R020
0x00655396,14,8d9311aa8796e8c698013c29f6af3971a8ebff646d1aeb655e688a7443a55b34,VC7EH::Unwind_allocation_00655396,allocation,0x00640F15,"[{""handler_address"":""0x00655422"",""funcinfo_address"":""0x00668570"",""state_index"":26}]",R020
0x006553A4,14,02a5cedeb6a5c5603f892a1d5ca84d4e7f48c35ad0cee5870279684d82d49566,VC7EH::Unwind_allocation_006553A4,allocation,0x00640F15,"[{""handler_address"":""0x00655422"",""funcinfo_address"":""0x00668570"",""state_index"":27}]",R020
0x006553B2,14,c17d80d76d789d850b3917b4e0019a9a2c7e5bfdbc54d424c24941e656f3a63d,VC7EH::Unwind_allocation_006553B2,allocation,0x00640F15,"[{""handler_address"":""0x00655422"",""funcinfo_address"":""0x00668570"",""state_index"":28}]",R020
0x006553C0,14,bc90a155d15f194bba6f7ef83fa30191f407a87c16a182677f695ba7575b98a5,VC7EH::Unwind_allocation_006553C0,allocation,0x00640F15,"[{""handler_address"":""0x00655422"",""funcinfo_address"":""0x00668570"",""state_index"":29}]",R020
0x006553CE,14,b71b48bd4859888007c107fa674316ec0c33d56fd743f42e134ee56e00b1205d,VC7EH::Unwind_allocation_006553CE,allocation,0x00640F15,"[{""handler_address"":""0x00655422"",""funcinfo_address"":""0x00668570"",""state_index"":30}]",R020
0x006553DC,14,d281af5871e347dfbcc62b4d1995883434b72d06a2f334c4eb80ce50d26a2742,VC7EH::Unwind_allocation_006553DC,allocation,0x00640F15,"[{""handler_address"":""0x00655422"",""funcinfo_address"":""0x00668570"",""state_index"":31}]",R020
0x006553EA,14,141713a397143b4ea1a3b0e9d93ba2677aaacc70396b049c08959f18ae4e61d5,VC7EH::Unwind_allocation_006553EA,allocation,0x00640F15,"[{""handler_address"":""0x00655422"",""funcinfo_address"":""0x00668570"",""state_index"":32}]",R020
0x006553F8,14,88f79baebcc3a4bf1c23f85ea131afa4429966566d78321ace52399ccef5f87b,VC7EH::Unwind_allocation_006553F8,allocation,0x00640F15,"[{""handler_address"":""0x00655422"",""funcinfo_address"":""0x00668570"",""state_index"":33}]",R020
0x00655406,14,c1360690bb0179ef155a98db308f5f1d835abe8d6256a4c8167cbdc8fe25a6ef,VC7EH::Unwind_allocation_00655406,allocation,0x00640F15,"[{""handler_address"":""0x00655422"",""funcinfo_address"":""0x00668570"",""state_index"":34}]",R020
0x00655414,14,1e8ed6f0a39349f114bbb5c94c229632ef8f13f7d291fc404be663c5b2da0f65,VC7EH::Unwind_allocation_00655414,allocation,0x00640F15,"[{""handler_address"":""0x00655422"",""funcinfo_address"":""0x00668570"",""state_index"":35}]",R020
0x00655430,11,0ae2beacb72822be249713d68a0e0f230d7086fc5bb36a4f018ab73f2530e865,VC7EH::Unwind_allocation_00655430,allocation,0x00640F15,"[{""handler_address"":""0x0065543B"",""funcinfo_address"":""0x00668594"",""state_index"":0}]",R020
0x00655445,11,f5cc52214185bafe12d8bbadfec60c99b3775f9124c0d7e6f9afc5da2ae10c02,VC7EH::Unwind_member_object_00655445,member-object,0x0041D930,"[{""handler_address"":""0x00655450"",""funcinfo_address"":""0x006685B8"",""state_index"":0}]",R020
0x0065545A,11,37478b9b6c71b6284919c71819de1488d9ce724067060a1a4fd9927dcaeb407c,VC7EH::Unwind_member_object_0065545A,member-object,0x0041D930,"[{""handler_address"":""0x00655465"",""funcinfo_address"":""0x006685DC"",""state_index"":0}]",R020
0x00655480,8,833d2725dcf1cb1fce9623e844b7fbb429f83e4eedab2e10947490c0c152a6bc,VC7EH::Unwind_local_object_00655480,local-object,0x00404CF0,"[{""handler_address"":""0x00655488"",""funcinfo_address"":""0x00668650"",""state_index"":0}]",R020
0x006554A0,8,21fa9e45b79961fe60c394c91d613c72924c490e92546241267782642fe53d45,VC7EH::Unwind_local_object_006554A0,local-object,0x00404CF0,"[{""handler_address"":""0x006554A8"",""funcinfo_address"":""0x00668674"",""state_index"":0}]",R020
0x006554C0,17,8f07a18b0340d14787402069bc94a75159b1caf87f0a7b9f94e495c6c5a44fcd,VC7EH::Unwind_placement_allocation_006554C0,placement-allocation,0x00412300,"[{""handler_address"":""0x006554D1"",""funcinfo_address"":""0x006686CC"",""state_index"":1}]",R020
0x006554E0,8,8c707f6a1bccecf9183443041e054a0ea12457759d1a7e4a2858b6af9a57ef1a,VC7EH::Unwind_local_object_006554E0,local-object,0x00404CF0,"[{""handler_address"":""0x006554E8"",""funcinfo_address"":""0x006686F0"",""state_index"":0}]",R020
0x00655500,8,846d1356fd4f4b9170740ad638e9b3c8fdceb5012db843340c71b785839beb38,VC7EH::Unwind_local_object_00655500,local-object,0x00404CF0,"[{""handler_address"":""0x00655508"",""funcinfo_address"":""0x00668714"",""state_index"":0}]",R020
0x00655520,8,2f62330a60fa06b4adcbae7ccb3d3ba9594dab4296fb6d988838723ddd381457,VC7EH::Unwind_local_object_00655520,local-object,0x00404CF0,"[{""handler_address"":""0x00655528"",""funcinfo_address"":""0x00668738"",""state_index"":0}]",R020
0x00655540,14,bd7c107472bde0803ca8411431439e9d009f6b1ffe76f87b1149183d28dadc93,VC7EH::Unwind_member_object_00655540,member-object,0x00421530,"[{""handler_address"":""0x0065554E"",""funcinfo_address"":""0x0066875C"",""state_index"":0}]",R020
0x00655558,14,30aa5dc04063f67dc7ea6dbd16742262a194ef314a5ef135bd37afb53808f24c,VC7EH::Unwind_member_object_00655558,member-object,0x00421530,"[{""handler_address"":""0x00655566"",""funcinfo_address"":""0x00668780"",""state_index"":0}]",R020
0x00655570,8,fbefc9064c9b200372c233f5638108a2fe43021faf6f08fbde7b9ca4f4ccb927,VC7EH::Unwind_local_object_00655570,local-object,0x00421220,"[{""handler_address"":""0x006555B8"",""funcinfo_address"":""0x006687E4"",""state_index"":0}]",R020
0x00655578,8,10b946873cc375f03e8c714cbda1fc80bb86313d62f7afce430856680a4d3d3c,VC7EH::Unwind_local_object_00655578,local-object,0x00421220,"[{""handler_address"":""0x006555B8"",""funcinfo_address"":""0x006687E4"",""state_index"":1}]",R020
0x00655580,8,367e940fd7d9e61a514faa2007c8d14114a39bb45d159af841e67b7d0d5178b7,VC7EH::Unwind_local_object_00655580,local-object,0x00421220,"[{""handler_address"":""0x006555B8"",""funcinfo_address"":""0x006687E4"",""state_index"":2}]",R020
0x00655588,8,5ca2fce309054550bb2ac7c99de237935a2a2746f2b562384eb952d794df8ddc,VC7EH::Unwind_local_object_00655588,local-object,0x00421220,"[{""handler_address"":""0x006555B8"",""funcinfo_address"":""0x006687E4"",""state_index"":3}]",R020
0x00655590,8,7288d440c91ddc613e2e9cd6d6b986c00caeb7b9d32e42b0734c9f316eb00d39,VC7EH::Unwind_local_object_00655590,local-object,0x00421220,"[{""handler_address"":""0x006555B8"",""funcinfo_address"":""0x006687E4"",""state_index"":4}]",R020
0x00655598,8,e0a5b5191747a2cd089a506a76af387cb2c1e9d0c53c6484dd1b28ac768faade,VC7EH::Unwind_local_object_00655598,local-object,0x00421220,"[{""handler_address"":""0x006555B8"",""funcinfo_address"":""0x006687E4"",""state_index"":5}]",R020
0x006555A0,8,99ca8e530c259665331f0bd421e81215d0f8e20656277adc97e9f2b3576355d7,VC7EH::Unwind_local_object_006555A0,local-object,0x00421220,"[{""handler_address"":""0x006555B8"",""funcinfo_address"":""0x006687E4"",""state_index"":6}]",R020
0x006555A8,8,925075aa88ed4005212f84f355aa66016949a949008d181b011465e6a170c7ec,VC7EH::Unwind_local_object_006555A8,local-object,0x00421220,"[{""handler_address"":""0x006555B8"",""funcinfo_address"":""0x006687E4"",""state_index"":7}]",R020
0x006555B0,8,938569b13daf9a336aa756cbfbe2edb9e47c14cb9b3784d1892d75a0011cfafe,VC7EH::Unwind_local_object_006555B0,local-object,0x004212A0,"[{""handler_address"":""0x006555B8"",""funcinfo_address"":""0x006687E4"",""state_index"":8}]",R020
0x006555D0,8,1c9131cd0a72620087cc32184bef7a062458d3f992656d76c7f77a2fecbb72fe,VC7EH::Unwind_frame_object_006555D0,frame-object,0x00421340,"[{""handler_address"":""0x006555D8"",""funcinfo_address"":""0x00668808"",""state_index"":0}]",R020
0x006555F0,8,0b64afe634355d32de1b1384ace0b8ec0b6c015a9ab80af8be02a87dcf927c53,VC7EH::Unwind_frame_object_006555F0,frame-object,0x00421340,"[{""handler_address"":""0x006555F8"",""funcinfo_address"":""0x0066882C"",""state_index"":0}]",R020
0x00655610,8,981416ea55c2c3f7061fee88bdf2c3318232c2aef81a40a9c5c6b7cd4bb0db09,VC7EH::Unwind_local_object_00655610,local-object,0x00404CF0,"[{""handler_address"":""0x00655618"",""funcinfo_address"":""0x00668850"",""state_index"":0}]",R020
0x00655630,8,c956d34399d128e3ff2f5c71e2b3f11253eb556e758098b9a3bf55ad418505c9,VC7EH::Unwind_local_object_00655630,local-object,0x00404CF0,"[{""handler_address"":""0x00655638"",""funcinfo_address"":""0x00668874"",""state_index"":0}]",R020
0x00655650,8,600df28c7d0d07a241185c0c4e6105fedb8abda840a6fa00d450b800aa1de683,VC7EH::Unwind_local_object_00655650,local-object,0x00404CF0,"[{""handler_address"":""0x00655658"",""funcinfo_address"":""0x00668898"",""state_index"":0}]",R020
0x00655670,8,da3cdf85a235db97312876ed0777a50ea2796793a1aae6573f30054ef5897743,VC7EH::Unwind_local_object_00655670,local-object,0x00404CF0,"[{""handler_address"":""0x00655678"",""funcinfo_address"":""0x006688BC"",""state_index"":0}]",R020
0x00655690,17,f0b5ebe28b29eb32c3fec2fe435382e12d02c12b8eaf495c4c655db5e82e0033,VC7EH::Unwind_placement_allocation_00655690,placement-allocation,0x00412300,"[{""handler_address"":""0x006556A1"",""funcinfo_address"":""0x006688E0"",""state_index"":0}]",R020
0x006556D0,8,d1d961e065cd0b0cf0dab546a60cba2fa8b01423325756dfcca5c4157f2ce88f,VC7EH::Unwind_local_object_006556D0,local-object,0x00404CF0,"[{""handler_address"":""0x006556D8"",""funcinfo_address"":""0x006689D8"",""state_index"":0}]",R020
0x006556F0,8,c645cd79bc162da50b0dc15d351e2315e19db8dda8571157da15ce6519190d1d,VC7EH::Unwind_local_object_006556F0,local-object,0x00404CF0,"[{""handler_address"":""0x006556F8"",""funcinfo_address"":""0x006689FC"",""state_index"":0}]",R020
0x00655710,8,3efc5fbb9ca29e4e10070403b4c8bf27538347cb43bafdf1de0979c8f80fdcef,VC7EH::Unwind_frame_object_00655710,frame-object,0x00431F40,"[{""handler_address"":""0x00655718"",""funcinfo_address"":""0x00668A20"",""state_index"":0}]",R020
0x00655730,8,01f694c434c230981386e35de1c6f28ed62007d4ae845dd6de243f2e68574f26,VC7EH::Unwind_frame_object_00655730,frame-object,0x00431F40,"[{""handler_address"":""0x00655743"",""funcinfo_address"":""0x00668A4C"",""state_index"":0}]",R020
0x00655738,11,8035174808e3571d70989b87327d5aebc42ee0953c4366cc61866f02ea79bdcc,VC7EH::Unwind_allocation_00655738,allocation,0x00640F15,"[{""handler_address"":""0x00655743"",""funcinfo_address"":""0x00668A4C"",""state_index"":1}]",R020
0x0065574D,8,31e5752c92c3cde16ada55c99dcb23e4723f0832014114941a88aa3e4afa9e58,VC7EH::Unwind_frame_object_0065574D,frame-object,0x00431F40,"[{""handler_address"":""0x00655755"",""funcinfo_address"":""0x00668A70"",""state_index"":0}]",R020
0x00655760,8,32e9defc33cf60b2ba1f82059f7cbac9d2bf4f3fdf302ae5eb686c47a4e829f3,VC7EH::Unwind_frame_object_00655760,frame-object,0x00431F40,"[{""handler_address"":""0x00655773"",""funcinfo_address"":""0x00668A9C"",""state_index"":0}]",R020
0x00655768,11,09827ae1dccb2befacafbda1ef92b7df60a4bde82366d81f9463051bbbb52e4f,VC7EH::Unwind_allocation_00655768,allocation,0x00640F15,"[{""handler_address"":""0x00655773"",""funcinfo_address"":""0x00668A9C"",""state_index"":1}]",R020
0x0065577D,8,c528384851554d077f675f2256768dafe916368f6917caf77782853f93d297da,VC7EH::Unwind_frame_object_0065577D,frame-object,0x00431F40,"[{""handler_address"":""0x00655785"",""funcinfo_address"":""0x00668AC0"",""state_index"":0}]",R020
0x00655790,8,aae71d603a8e471821700de5a5d9c70a86ecf9d4a7737a0d845ac920b361df04,VC7EH::Unwind_frame_object_00655790,frame-object,0x00431F40,"[{""handler_address"":""0x006557B9"",""funcinfo_address"":""0x00668AF4"",""state_index"":0}]",R020
0x00655798,22,f4f7f2c91e051cfe63923ed8b6a6b0a8c94d7b5bb9b61bcd6c390fce75a7c0d5,VC7EH::Unwind_array_object_00655798,array-object,0x00641D4A,"[{""handler_address"":""0x006557B9"",""funcinfo_address"":""0x00668AF4"",""state_index"":1}]",R020
0x006557AE,11,b380bdd33f7a1569126e2cda9601ec4f244e7f473676f341e25422015547e6a9,VC7EH::Unwind_allocation_006557AE,allocation,0x00640F15,"[{""handler_address"":""0x006557B9"",""funcinfo_address"":""0x00668AF4"",""state_index"":2}]",R020
0x006557C3,8,e403071d9ad0697ff6124d0116435cf8c6967ed235073ff2e35675a37ea0b0c3,VC7EH::Unwind_frame_object_006557C3,frame-object,0x00431F40,"[{""handler_address"":""0x006557E1"",""funcinfo_address"":""0x00668B20"",""state_index"":0}]",R020
0x006557CB,22,544a908b4f2bb210b04edb935ebf5749ee362717548e0f440622c3caf8768f6f,VC7EH::Unwind_array_object_006557CB,array-object,0x00641D4A,"[{""handler_address"":""0x006557E1"",""funcinfo_address"":""0x00668B20"",""state_index"":1}]",R020
0x006557EB,14,2928e2f5bf9cb466185da68a6533686b90d54f714f01b9abf02c4f97efa7e04a,VC7EH::Unwind_allocation_006557EB,allocation,0x00640F15,"[{""handler_address"":""0x006557F9"",""funcinfo_address"":""0x00668B44"",""state_index"":0}]",R020
0x00655803,14,72952bbd77562807c00d8d60bdead4423864eb656122df26702c9a46a81b5d11,VC7EH::Unwind_allocation_00655803,allocation,0x00640F15,"[{""handler_address"":""0x00655811"",""funcinfo_address"":""0x00668B68"",""state_index"":0}]",R020
0x0065581B,14,f10a61b9931aa9d5843ecc0fd750f0d14277d591879626438f6ce8958b3d6e77,VC7EH::Unwind_allocation_0065581B,allocation,0x00640F15,"[{""handler_address"":""0x00655837"",""funcinfo_address"":""0x00668B94"",""state_index"":0}]",R020
0x00655829,14,ec27b50f971e6bdef3e2ee6f3c5d7ecfe68120c6a3a17f52b53e448f43f5e8ca,VC7EH::Unwind_allocation_00655829,allocation,0x00640F15,"[{""handler_address"":""0x00655837"",""funcinfo_address"":""0x00668B94"",""state_index"":1}]",R020
0x00655850,8,04316aef8b1395fb7192abda86e10fda45e249f4c02e611568720ba17758df58,VC7EH::Unwind_frame_object_00655850,frame-object,0x00431F40,"[{""handler_address"":""0x00655863"",""funcinfo_address"":""0x00668BC0"",""state_index"":0}]",R020
0x00655858,11,9116af7f713bc1991d4647843a8df20301a3eadcc21186c61d68d573c6b6048b,VC7EH::Unwind_allocation_00655858,allocation,0x00640F15,"[{""handler_address"":""0x00655863"",""funcinfo_address"":""0x00668BC0"",""state_index"":1}]",R020
0x0065586D,8,e2e225f2eb0b325bf8da00de2e4158dfcddd8db9e2c2eac9b7629a4d4b8ceb59,VC7EH::Unwind_frame_object_0065586D,frame-object,0x00431F40,"[{""handler_address"":""0x00655875"",""funcinfo_address"":""0x00668BE4"",""state_index"":0}]",R020
0x00655880,8,b683e5badd8b6b0e5cdf32cdfc8c4677ef7aee53785d3707ddeafcfadcf78dc7,VC7EH::Unwind_frame_object_00655880,frame-object,0x00431F40,"[{""handler_address"":""0x00655893"",""funcinfo_address"":""0x00668C10"",""state_index"":0}]",R020
0x00655888,11,17eff552fb8f6bf74b413e2fb76661049a9d298be3942d8bb4bd813be1b4f5f2,VC7EH::Unwind_allocation_00655888,allocation,0x00640F15,"[{""handler_address"":""0x00655893"",""funcinfo_address"":""0x00668C10"",""state_index"":1}]",R020
0x0065589D,8,8eedb66344f26b9b9a150b4d93352433ba1f09c87a2016757dc4daf13fc7911c,VC7EH::Unwind_frame_object_0065589D,frame-object,0x00431F40,"[{""handler_address"":""0x006558A5"",""funcinfo_address"":""0x00668C34"",""state_index"":0}]",R020
0x006558AF,14,71fade710d4bc59692fe18add021eafb2f43c5fe2b067218eb6b34502a1513f3,VC7EH::Unwind_allocation_006558AF,allocation,0x00640F15,"[{""handler_address"":""0x006558BD"",""funcinfo_address"":""0x00668C58"",""state_index"":0}]",R020
0x006558D0,8,04152218e88491d30e67f420ff09cc859b54513a4646e388594c8c6e220e5a82,VC7EH::Unwind_frame_object_006558D0,frame-object,0x00431F40,"[{""handler_address"":""0x006558E3"",""funcinfo_address"":""0x00668C84"",""state_index"":0}]",R020
0x006558D8,11,7fc1809cd514543a8840fc56d5df9d31ce8850b5fa968b91302cef5c0fa30ea3,VC7EH::Unwind_allocation_006558D8,allocation,0x00640F15,"[{""handler_address"":""0x006558E3"",""funcinfo_address"":""0x00668C84"",""state_index"":1}]",R020
0x006558ED,8,8daf3a7ece975281a9f8f98f4b463d20ee51cbd7a063017020e23e6cb4fa340f,VC7EH::Unwind_frame_object_006558ED,frame-object,0x00431F40,"[{""handler_address"":""0x006558F5"",""funcinfo_address"":""0x00668CA8"",""state_index"":0}]",R020
0x00655900,8,6a19a8df0038c2eae2b1b086a8c624e49d851712534ff0bfa90f35a7f005178d,VC7EH::Unwind_frame_object_00655900,frame-object,0x00431F40,"[{""handler_address"":""0x00655913"",""funcinfo_address"":""0x00668CD4"",""state_index"":0}]",R020
0x00655908,11,774570b63b11759bf04f86cc8785998276a22cc11774ccb5bca8b80dc9ee1da9,VC7EH::Unwind_allocation_00655908,allocation,0x00640F15,"[{""handler_address"":""0x00655913"",""funcinfo_address"":""0x00668CD4"",""state_index"":1}]",R020
0x0065591D,8,c5dd0bb562716c1874c56ef0d95dbbc52d18e865f4aee8a25bc4678657b9ea90,VC7EH::Unwind_frame_object_0065591D,frame-object,0x00431F40,"[{""handler_address"":""0x00655925"",""funcinfo_address"":""0x00668CF8"",""state_index"":0}]",R020
0x00655930,8,b8e42e4632cb28c9a2f896a452d40878bd763fbb94266c8be3af8e64bdf52b30,VC7EH::Unwind_frame_object_00655930,frame-object,0x00431F40,"[{""handler_address"":""0x00655964"",""funcinfo_address"":""0x00668D3C"",""state_index"":0}]",R020
0x00655938,11,cf881837b68a1ff9f0ccd19f9af1b91760586a6ea348c52640734c90c0f4ffbc,VC7EH::Unwind_member_object_00655938,member-object,0x00420420,"[{""handler_address"":""0x00655964"",""funcinfo_address"":""0x00668D3C"",""state_index"":1}]",R020
0x00655943,11,cf8984abe16ced8a7cacfb6b133f516f3ecdd7ab4e6ac28a9412b4591abb714d,VC7EH::Unwind_member_object_00655943,member-object,0x0042DB80,"[{""handler_address"":""0x00655964"",""funcinfo_address"":""0x00668D3C"",""state_index"":2}]",R020
0x0065594E,11,fccb349c4b1358c4c33ece3a023993957add798421a87cb50f95b25ed490693f,VC7EH::Unwind_member_object_0065594E,member-object,0x004143B0,"[{""handler_address"":""0x00655964"",""funcinfo_address"":""0x00668D3C"",""state_index"":3}]",R020
0x00655959,11,2275b45a187f4669ba597beb6d2985037e5352955188b3c1e1001a5e99422d55,VC7EH::Unwind_allocation_00655959,allocation,0x00640F15,"[{""handler_address"":""0x00655964"",""funcinfo_address"":""0x00668D3C"",""state_index"":4}]",R020
0x0065596E,8,b40e1f6d8058cb2b58c8bbdd82da562e8c90a6f2133b6854873c83e6558802fb,VC7EH::Unwind_frame_object_0065596E,frame-object,0x00431F40,"[{""handler_address"":""0x00655997"",""funcinfo_address"":""0x00668D78"",""state_index"":0}]",R020
0x00655976,11,8435e6297936959876976be056df585943d3b74ec0cc4add9ac54a017e50d792,VC7EH::Unwind_member_object_00655976,member-object,0x00420420,"[{""handler_address"":""0x00655997"",""funcinfo_address"":""0x00668D78"",""state_index"":1}]",R020
0x00655981,11,68d2677b3a80c8d2bc4c74b92b8411ab1fda3909d9461f6419a5aee9812f8be1,VC7EH::Unwind_member_object_00655981,member-object,0x0042DB80,"[{""handler_address"":""0x00655997"",""funcinfo_address"":""0x00668D78"",""state_index"":2}]",R020
0x0065598C,11,3f66fb2d87d85723825ba45c809cbf03a3e021281edcfdd58152aa1ef07a2aec,VC7EH::Unwind_member_object_0065598C,member-object,0x004143B0,"[{""handler_address"":""0x00655997"",""funcinfo_address"":""0x00668D78"",""state_index"":3}]",R020
0x006559B0,8,21ab680ac0aad2b04a27da2eed4d23b9c9ea4c94e79f788e255d7d7bd843baa6,VC7EH::Unwind_local_object_006559B0,local-object,0x00404CF0,"[{""handler_address"":""0x006559B8"",""funcinfo_address"":""0x00668D9C"",""state_index"":0}]",R020
0x006559D0,8,df6b1a0bb4a8deb1d647cbe1586b49ee3189f4e4a9935112ee9da9d0224deb40,VC7EH::Unwind_frame_object_006559D0,frame-object,0x00431F40,"[{""handler_address"":""0x006559E3"",""funcinfo_address"":""0x00668DC8"",""state_index"":0}]",R020
0x006559D8,11,a68bec152e9a52e47ba828b5c2ff9819bc2b23ff208c2ba041bd8de53da6cf1e,VC7EH::Unwind_allocation_006559D8,allocation,0x00640F15,"[{""handler_address"":""0x006559E3"",""funcinfo_address"":""0x00668DC8"",""state_index"":1}]",R020
0x006559ED,8,4782ced032228aa43db8318ac7410e0d5c9830aabefba3154d907235a087c547,VC7EH::Unwind_frame_object_006559ED,frame-object,0x00431F40,"[{""handler_address"":""0x006559F5"",""funcinfo_address"":""0x00668DEC"",""state_index"":0}]",R020
0x00655A00,8,01ad6cd3670b9331753aeeba203f77db172d1cf01044c8f20f2a6f0d45d1d5f2,VC7EH::Unwind_frame_object_00655A00,frame-object,0x00431F40,"[{""handler_address"":""0x00655A1E"",""funcinfo_address"":""0x00668E20"",""state_index"":0}]",R020
0x00655A08,11,25f51f09019789a7e992b9effff68f5e9bd28a96c1e08072861e186480f15804,VC7EH::Unwind_member_object_00655A08,member-object,0x00420420,"[{""handler_address"":""0x00655A1E"",""funcinfo_address"":""0x00668E20"",""state_index"":1}]",R020
0x00655A13,11,8ca9f1b47ae6f0601103b7e346fe3e821bd179cdd4c2f00d5c13bf907144436a,VC7EH::Unwind_allocation_00655A13,allocation,0x00640F15,"[{""handler_address"":""0x00655A1E"",""funcinfo_address"":""0x00668E20"",""state_index"":2}]",R020
0x00655A28,8,459b947845cfe45214483f36ad88a7b91a70437c752493df75e9e5e21bcd0ad1,VC7EH::Unwind_frame_object_00655A28,frame-object,0x00431F40,"[{""handler_address"":""0x00655A3B"",""funcinfo_address"":""0x00668E4C"",""state_index"":0}]",R020
0x00655A30,11,998e348853f5f2e1cb45ea447d7b8c43d17815f889fe0418f6a5081d41fa536c,VC7EH::Unwind_member_object_00655A30,member-object,0x00420420,"[{""handler_address"":""0x00655A3B"",""funcinfo_address"":""0x00668E4C"",""state_index"":1}]",R020
0x00655A45,14,d0eda54ec1883529ef3376fed0ab4c78c10ba41721167e1ccda6622441181c10,VC7EH::Unwind_allocation_00655A45,allocation,0x00640F15,"[{""handler_address"":""0x00655A53"",""funcinfo_address"":""0x00668E70"",""state_index"":0}]",R020
0x00655A5D,14,33df4597426bbb04cd0e4eaa7e6ec96202ace6fdc0dc4fad25eb2d2ad9bdb599,VC7EH::Unwind_allocation_00655A5D,allocation,0x00640F15,"[{""handler_address"":""0x00655A6B"",""funcinfo_address"":""0x00668E94"",""state_index"":0}]",R020
0x00655A75,14,0b896edef5ac43d45956dcda4c48d2414be6076c2f221813018866ad1f7d0d7b,VC7EH::Unwind_allocation_00655A75,allocation,0x00640F15,"[{""handler_address"":""0x00655A83"",""funcinfo_address"":""0x00668EB8"",""state_index"":0}]",R020
0x00655A90,8,c2dace277fb596fef5d3fdb11ac8dda41c75266a67c00c3a18c2cde436e38640,VC7EH::Unwind_frame_object_00655A90,frame-object,0x00431F40,"[{""handler_address"":""0x00655AB9"",""funcinfo_address"":""0x00668EF4"",""state_index"":0}]",R020
0x00655A98,11,1e20dedea7083f1d21fa2336fa85a8162610a6d70b7dc77ca23e1d141d355d6b,VC7EH::Unwind_allocation_00655A98,allocation,0x00640F15,"[{""handler_address"":""0x00655AB9"",""funcinfo_address"":""0x00668EF4"",""state_index"":1}]",R020
0x00655AA3,11,da1c59bfc01bc07024a82b12fcb0b4013a45c0ac09bfc41e650b19fb829d3b89,VC7EH::Unwind_allocation_00655AA3,allocation,0x00640F15,"[{""handler_address"":""0x00655AB9"",""funcinfo_address"":""0x00668EF4"",""state_index"":2}]",R020
0x00655AAE,11,0f12b4682071186ba5dbb78c816cd5c490b4c86f55c4511d4e5f206ef134e81d,VC7EH::Unwind_allocation_00655AAE,allocation,0x00640F15,"[{""handler_address"":""0x00655AB9"",""funcinfo_address"":""0x00668EF4"",""state_index"":3}]",R020
0x00655AC3,8,215fd25ef3b859e1b8456a7cef1c782208bdca9e41493263c04549d39a378cfb,VC7EH::Unwind_frame_object_00655AC3,frame-object,0x00431F40,"[{""handler_address"":""0x00655ACB"",""funcinfo_address"":""0x00668F18"",""state_index"":0}]",R020
0x00655AE0,8,a7e8e314250c742379b993292532c033acc23e1de8fe31f439055b89ee302710,VC7EH::Unwind_frame_object_00655AE0,frame-object,0x00431F40,"[{""handler_address"":""0x00655AF3"",""funcinfo_address"":""0x00668F44"",""state_index"":0}]",R020
0x00655AE8,11,cc5a1146cca5a372113ebd5243f99a3bdd5bd864f8d8911abf8df7175852355d,VC7EH::Unwind_allocation_00655AE8,allocation,0x00640F15,"[{""handler_address"":""0x00655AF3"",""funcinfo_address"":""0x00668F44"",""state_index"":1}]",R020
0x00655AFD,8,ca09f8ad82c1e5988c998ec76e3aefb7c1ec177f01444c0bde3b84b5b888c83b,VC7EH::Unwind_frame_object_00655AFD,frame-object,0x00431F40,"[{""handler_address"":""0x00655B05"",""funcinfo_address"":""0x00668F68"",""state_index"":0}]",R020
0x00655B10,8,64fa1aaffa81d74511ca9183ab83bcf8d5b40840647c94389b7bdf23d9a7b6d1,VC7EH::Unwind_frame_object_00655B10,frame-object,0x00431F40,"[{""handler_address"":""0x00655B23"",""funcinfo_address"":""0x00668F94"",""state_index"":0}]",R020
0x00655B18,11,db4358b2234a7508851fb51c0e427a3c724c41e4bf225e2251e56af9385ed172,VC7EH::Unwind_allocation_00655B18,allocation,0x00640F15,"[{""handler_address"":""0x00655B23"",""funcinfo_address"":""0x00668F94"",""state_index"":1}]",R020
0x00655B2D,8,592c259c19529e42d68c7d50e290d9e05ec97dfc544212e065f20fb8b31e6452,VC7EH::Unwind_frame_object_00655B2D,frame-object,0x00431F40,"[{""handler_address"":""0x00655B35"",""funcinfo_address"":""0x00668FB8"",""state_index"":0}]",R020
0x00655B40,8,66efebfa516ff3a58ba47b69a9b69b65631568864b3a8091f7a94675638a21d4,VC7EH::Unwind_frame_object_00655B40,frame-object,0x00431F40,"[{""handler_address"":""0x00655B74"",""funcinfo_address"":""0x00668FFC"",""state_index"":0}]",R020
0x00655B48,11,76eab5f4dce879d9e9a092eb45ef1ff450ab06e2da4df1d9115b0d1bb5812533,VC7EH::Unwind_allocation_00655B48,allocation,0x00640F15,"[{""handler_address"":""0x00655B74"",""funcinfo_address"":""0x00668FFC"",""state_index"":1}]",R020
0x00655B53,11,912bd9870776a901c6b532e83a9cc7a5bfff502e1d6fb58f5f9f4b3eafa9de38,VC7EH::Unwind_allocation_00655B53,allocation,0x00640F15,"[{""handler_address"":""0x00655B74"",""funcinfo_address"":""0x00668FFC"",""state_index"":2}]",R020
0x00655B5E,11,6f99ebbc546a2c9829fef476ef107eccb8c10cd90f05f58e9e841c3435f01528,VC7EH::Unwind_allocation_00655B5E,allocation,0x00640F15,"[{""handler_address"":""0x00655B74"",""funcinfo_address"":""0x00668FFC"",""state_index"":3}]",R020
0x00655B69,11,85bbc4c3b12b5e7f510db4683123a37cdf2dffc7f19564eef1eba4eee68dd340,VC7EH::Unwind_allocation_00655B69,allocation,0x00640F15,"[{""handler_address"":""0x00655B74"",""funcinfo_address"":""0x00668FFC"",""state_index"":4}]",R020
0x00655B7E,8,32a2419a67208bf8b49998525c8cfb7399b798be9f7e63ce9a8d0f5796e87f98,VC7EH::Unwind_frame_object_00655B7E,frame-object,0x00431F40,"[{""handler_address"":""0x00655B86"",""funcinfo_address"":""0x00669020"",""state_index"":0}]",R020
0x00655B90,8,9d628253226c441ac41fdbab4f4c483d9973dc25ba467c4d66d50a0b8a6a30c2,VC7EH::Unwind_local_object_00655B90,local-object,0x00404CF0,"[{""handler_address"":""0x00655B98"",""funcinfo_address"":""0x00669044"",""state_index"":0}]",R020
0x00655BB0,8,2272547fc1ab185068b95c73b3c75f3cabf1f6d100521cd00af034ccfb303371,VC7EH::Unwind_local_object_00655BB0,local-object,0x00404CF0,"[{""handler_address"":""0x00655BB8"",""funcinfo_address"":""0x00669068"",""state_index"":0}]",R020
0x00655BD0,8,6a3a099b3f09a62f2a0c8d8c4c2a27af6ade7de375e3456727e4cd7cb1c3d1bf,VC7EH::Unwind_local_object_00655BD0,local-object,0x00404CF0,"[{""handler_address"":""0x00655BD8"",""funcinfo_address"":""0x0066908C"",""state_index"":0}]",R020
0x00655BF0,8,19f3477c891c180c79d5c90361685a0e8348a8a7d08f1c43844778d0c1ee9682,VC7EH::Unwind_frame_object_00655BF0,frame-object,0x00449D40,"[{""handler_address"":""0x00655BF8"",""funcinfo_address"":""0x006690B0"",""state_index"":0}]",R020
0x00655C10,8,8cd6e24e74e70936e82d6a032e9e36c42c295e280e06216faff8c5fde5839f6f,VC7EH::Unwind_frame_object_00655C10,frame-object,0x00449D40,"[{""handler_address"":""0x00655C18"",""funcinfo_address"":""0x006690D4"",""state_index"":0}]",R020
0x00655C30,8,29539e9347a8b7664e78d2f804661e6984524b4ef3c9c85848e8aa9b127fe098,VC7EH::Unwind_frame_object_00655C30,frame-object,0x00449D40,"[{""handler_address"":""0x00655C38"",""funcinfo_address"":""0x006690F8"",""state_index"":0}]",R020
0x00655C50,8,85375c1ad06a474526005f8b210275f6bd7f4e8627c687bc28dce5b32aa2e6e6,VC7EH::Unwind_frame_object_00655C50,frame-object,0x00449D40,"[{""handler_address"":""0x00655C58"",""funcinfo_address"":""0x0066911C"",""state_index"":0}]",R020
0x00655C70,8,1c55b1f47450ac67d05a4bfd097449cd29e348db46d4441ff7d73577b55fb8c6,VC7EH::Unwind_frame_object_00655C70,frame-object,0x00449D40,"[{""handler_address"":""0x00655C78"",""funcinfo_address"":""0x00669140"",""state_index"":0}]",R020
0x00655C90,8,438de5505dd7ab272e0219a242722ad5f9a10fb9e8fe1b00f42d660c58412f61,VC7EH::Unwind_frame_object_00655C90,frame-object,0x00449D40,"[{""handler_address"":""0x00655C98"",""funcinfo_address"":""0x00669164"",""state_index"":0}]",R020
0x00655CB0,8,ffeab95b5abe48367424e60f9add4b31d9ae1cac9ced6ef7d1f959c7c572422f,VC7EH::Unwind_frame_object_00655CB0,frame-object,0x00449D40,"[{""handler_address"":""0x00655CB8"",""funcinfo_address"":""0x00669188"",""state_index"":0}]",R020
0x00655CD0,8,4f8ca88f5b7ef1d637a5140d3d64f46302117025d4e5c7f21ad2fb483d0c59c6,VC7EH::Unwind_frame_object_00655CD0,frame-object,0x00449D40,"[{""handler_address"":""0x00655CD8"",""funcinfo_address"":""0x006691AC"",""state_index"":0}]",R020
0x00655CF0,8,bb0d56bf5d400f90b145d268e789cd38e1e1213a7ed264fddaefc47d03df1df6,VC7EH::Unwind_frame_object_00655CF0,frame-object,0x00449D40,"[{""handler_address"":""0x00655CF8"",""funcinfo_address"":""0x006691D0"",""state_index"":0}]",R020
0x00655D10,8,d900fbf6bad794b33b5c9c8def0eb4f19c518d0d6122c0c0c5fd176cfc761d20,VC7EH::Unwind_frame_object_00655D10,frame-object,0x00449D40,"[{""handler_address"":""0x00655D18"",""funcinfo_address"":""0x006691F4"",""state_index"":0}]",R020
0x00655D30,8,8345aa35c711868f539d246e2dbcf90fe05ca778c1174745b8ad6cffe1ccd814,VC7EH::Unwind_frame_object_00655D30,frame-object,0x00449D40,"[{""handler_address"":""0x00655D38"",""funcinfo_address"":""0x00669218"",""state_index"":0}]",R020
0x00655D50,8,7243e638cf467f697fa60a181114c64c227d21d70e7ed18b5818cb22748f4cf3,VC7EH::Unwind_frame_object_00655D50,frame-object,0x00449D40,"[{""handler_address"":""0x00655D58"",""funcinfo_address"":""0x0066923C"",""state_index"":0}]",R020
0x00655D70,8,f8c533c1bde0a974b08026cb77d3af84612b0ed58e88cd0b695090e8e6b92047,VC7EH::Unwind_frame_object_00655D70,frame-object,0x00449D40,"[{""handler_address"":""0x00655D78"",""funcinfo_address"":""0x00669260"",""state_index"":0}]",R020
0x00655D90,8,e89c7dabfe37961125149540e5a81c38226390f80180b18ceb10e20f8140ff0f,VC7EH::Unwind_frame_object_00655D90,frame-object,0x00449D40,"[{""handler_address"":""0x00655D98"",""funcinfo_address"":""0x00669284"",""state_index"":0}]",R020
0x00655DB0,8,e27e29f63786933b31940ca3f9666f507ab4f208a8d498a13ae6f11455ac545d,VC7EH::Unwind_frame_object_00655DB0,frame-object,0x00449D40,"[{""handler_address"":""0x00655DB8"",""funcinfo_address"":""0x006692A8"",""state_index"":0}]",R020
0x00655DD0,8,816a1dfa5a737fc60a40c90291b496da8222a73fe86484aefac12a7236309ca7,VC7EH::Unwind_frame_object_00655DD0,frame-object,0x00449D40,"[{""handler_address"":""0x00655DD8"",""funcinfo_address"":""0x006692CC"",""state_index"":0}]",R020
0x00655DF0,8,591e081c243bffde75bbf4ccc7a3f10cefcd4043a9c930ea7867cd4308945626,VC7EH::Unwind_frame_object_00655DF0,frame-object,0x00449D40,"[{""handler_address"":""0x00655DF8"",""funcinfo_address"":""0x006692F0"",""state_index"":0}]",R020
0x00655E10,8,abea8a93f3087f6b25d789ed324f50b4af319f608c01f7b6895bf4ed3ed890db,VC7EH::Unwind_frame_object_00655E10,frame-object,0x00449D40,"[{""handler_address"":""0x00655E18"",""funcinfo_address"":""0x00669314"",""state_index"":0}]",R020
0x00655E30,8,8f31faeb8c21c1097c2dd04ce809ad3e577ab1f47e8ee16c75693cd1dd10d2c2,VC7EH::Unwind_frame_object_00655E30,frame-object,0x00449D40,"[{""handler_address"":""0x00655E38"",""funcinfo_address"":""0x00669338"",""state_index"":0}]",R020
0x00655E50,8,abc8495531fb749c4db1440d876a039d4883473913407d6c9c2f4f57f298ab5f,VC7EH::Unwind_frame_object_00655E50,frame-object,0x00449D40,"[{""handler_address"":""0x00655E58"",""funcinfo_address"":""0x0066935C"",""state_index"":0}]",R020
0x00655E70,8,3a46894fd30dec32c98d8f11e90819b0996d7b03f20008df0c4929f2e8c3aac9,VC7EH::Unwind_frame_object_00655E70,frame-object,0x00449D40,"[{""handler_address"":""0x00655E78"",""funcinfo_address"":""0x00669380"",""state_index"":0}]",R020
0x00655E90,8,e389ddb7108dfa06d4276ac1eac7bf3e3e510a17c2920733224b1e0f03dfa4ba,VC7EH::Unwind_frame_object_00655E90,frame-object,0x00449D40,"[{""handler_address"":""0x00655E98"",""funcinfo_address"":""0x006693A4"",""state_index"":0}]",R020
0x00655EB0,8,ac29c4803f353f3e94f402e18398bee884a401f5a57db32908b5508a7905c3c4,VC7EH::Unwind_frame_object_00655EB0,frame-object,0x00449D40,"[{""handler_address"":""0x00655EB8"",""funcinfo_address"":""0x006693C8"",""state_index"":0}]",R020
0x00655ED0,8,b5f7298ef7c79e336fba68453ce737466d3694beca98168fea090b7a194a80f4,VC7EH::Unwind_frame_object_00655ED0,frame-object,0x00449D40,"[{""handler_address"":""0x00655ED8"",""funcinfo_address"":""0x006693EC"",""state_index"":0}]",R020
0x00655EF0,8,a7c65e25a0f427c11ffc378f0060699018ce772e92fc19e66ae1d959dc6c28b1,VC7EH::Unwind_frame_object_00655EF0,frame-object,0x00449D40,"[{""handler_address"":""0x00655EF8"",""funcinfo_address"":""0x00669410"",""state_index"":0}]",R020
0x00655F10,8,d22f70b877b1239afc9f2ae12160b91c376b32f887f75c37a2e030ee52d0d570,VC7EH::Unwind_frame_object_00655F10,frame-object,0x00449D40,"[{""handler_address"":""0x00655F18"",""funcinfo_address"":""0x00669434"",""state_index"":0}]",R020
0x00655F30,8,78964adf4a74f6371decd2c59e01ed181018f8401b8c8988c8ede2da9a5fa3ac,VC7EH::Unwind_frame_object_00655F30,frame-object,0x00449D40,"[{""handler_address"":""0x00655F38"",""funcinfo_address"":""0x00669458"",""state_index"":0}]",R020
0x00655F50,8,fa386f9a5a5bbe2655bdc99bb063090edb602246c5d5cece520725eb507c894f,VC7EH::Unwind_frame_object_00655F50,frame-object,0x00449D40,"[{""handler_address"":""0x00655F58"",""funcinfo_address"":""0x0066947C"",""state_index"":0}]",R020
0x00655F70,8,7a3b471cacd9aba32258bbadc8e1a474211d91d61b31513f83efa1e655ea25cd,VC7EH::Unwind_frame_object_00655F70,frame-object,0x00449D40,"[{""handler_address"":""0x00655F78"",""funcinfo_address"":""0x006694A0"",""state_index"":0}]",R020
0x00655F90,8,98664fb78149b71ec13dbf5bd3f10dea30124135a02e63948f5a9577f2b3fbf1,VC7EH::Unwind_frame_object_00655F90,frame-object,0x00449D40,"[{""handler_address"":""0x00655F98"",""funcinfo_address"":""0x006694C4"",""state_index"":0}]",R020
0x00655FB0,8,da2e367403e8db2069e0f1efd652193c3e380dc3b383ae0adcb0fa012603a47f,VC7EH::Unwind_frame_object_00655FB0,frame-object,0x00449D40,"[{""handler_address"":""0x00655FB8"",""funcinfo_address"":""0x006694E8"",""state_index"":0}]",R020
0x00655FD0,8,8f9932673586a866e3acc0245115549dee348fd24c0fef456235bc43dc3aa128,VC7EH::Unwind_frame_object_00655FD0,frame-object,0x00449D40,"[{""handler_address"":""0x00655FD8"",""funcinfo_address"":""0x0066950C"",""state_index"":0}]",R020
0x00655FF0,8,f76064843086cf2fc4e1bedeba548cffa4c725ccca8adf1b7a39d13aef05b782,VC7EH::Unwind_frame_object_00655FF0,frame-object,0x00449D40,"[{""handler_address"":""0x00655FF8"",""funcinfo_address"":""0x00669530"",""state_index"":0}]",R020
0x00656010,8,d0fe4e197093792597edf03388c1f5eafb99752538017b0983d3f69dce22f17d,VC7EH::Unwind_frame_object_00656010,frame-object,0x00449D40,"[{""handler_address"":""0x00656018"",""funcinfo_address"":""0x00669554"",""state_index"":0}]",R020
0x00656030,8,6b066a286a7815131a83d518f611884a76857330812b12322921d4d792141372,VC7EH::Unwind_frame_object_00656030,frame-object,0x00449D40,"[{""handler_address"":""0x00656038"",""funcinfo_address"":""0x00669578"",""state_index"":0}]",R020
0x00656050,8,a21a46acb7af7fa63fd91708520224feace03cbc1627ba84545e0ac1de2a4b54,VC7EH::Unwind_frame_object_00656050,frame-object,0x00449D40,"[{""handler_address"":""0x00656058"",""funcinfo_address"":""0x0066959C"",""state_index"":0}]",R020
0x00656080,14,e88568d0cde16ef18173da8de38ab6e3714e7fdc121bfcd7cb06a45f740020de,VC7EH::Unwind_member_object_00656080,member-object,0x00458BA0,"[{""handler_address"":""0x006560D1"",""funcinfo_address"":""0x0066966C"",""state_index"":0}]",R020
0x0065608E,14,6bfa60e78efb143e11e6491b5005f5caf7e83acbdca4cd262f748cfd457b36ff,VC7EH::Unwind_member_object_0065608E,member-object,0x00406DF0,"[{""handler_address"":""0x006560D1"",""funcinfo_address"":""0x0066966C"",""state_index"":1}]",R020
0x0065609C,14,b8cc8584d236f56f97a44213d83fb6b75457d08bd91d0d40be2e2f7e4ab82903,VC7EH::Unwind_member_object_0065609C,member-object,0x004143B0,"[{""handler_address"":""0x006560D1"",""funcinfo_address"":""0x0066966C"",""state_index"":2}]",R020
0x006560AA,14,a70b924f0f1061255e8bb7f0aca42da824404a0c185c3d7a8838e772dfe67c16,VC7EH::Unwind_member_object_006560AA,member-object,0x00407270,"[{""handler_address"":""0x006560D1"",""funcinfo_address"":""0x0066966C"",""state_index"":3}]",R020
0x006560B8,14,9473a9bc7772d6cecf37867c7a9330d748fb20be9043e99947ca23d01546b404,VC7EH::Unwind_member_object_006560B8,member-object,0x004204D0,"[{""handler_address"":""0x006560D1"",""funcinfo_address"":""0x0066966C"",""state_index"":4}]",R020
0x006560C6,11,701ceedb9afd6172dd164b7cf180c5591a52ebe7b9624fdd666f64191b18c3e0,VC7EH::Unwind_allocation_006560C6,allocation,0x00640F15,"[{""handler_address"":""0x006560D1"",""funcinfo_address"":""0x0066966C"",""state_index"":5}]",R020
0x006560DB,14,6b24214bc49cb75c4be8c114d3d069f3cd5662e73f9b24604e9bdd65bb92e922,VC7EH::Unwind_member_object_006560DB,member-object,0x00458BA0,"[{""handler_address"":""0x00656121"",""funcinfo_address"":""0x006696B0"",""state_index"":0}]",R020
0x006560E9,14,6869b72672eabc3d5cd62a3482bec1ad737b8b75008fd6c36d01c90a1d3361e5,VC7EH::Unwind_member_object_006560E9,member-object,0x00406DF0,"[{""handler_address"":""0x00656121"",""funcinfo_address"":""0x006696B0"",""state_index"":1}]",R020
0x006560F7,14,0e0009cf9b4dc38ea006dd5a00b33ba78c4bc6f0cf7d7abfc8ea06813fce851c,VC7EH::Unwind_member_object_006560F7,member-object,0x004143B0,"[{""handler_address"":""0x00656121"",""funcinfo_address"":""0x006696B0"",""state_index"":2}]",R020
0x00656105,14,0a6b0b3bb49821a33e183f19be7bbde26fcf9133d782af07f6aff18c57b4f6c8,VC7EH::Unwind_member_object_00656105,member-object,0x00407270,"[{""handler_address"":""0x00656121"",""funcinfo_address"":""0x006696B0"",""state_index"":3}]",R020
0x00656113,14,6046fb018083e595016428cca2a0f224fefe60b58919c1e1a37358b87a7b2a3c,VC7EH::Unwind_member_object_00656113,member-object,0x004204D0,"[{""handler_address"":""0x00656121"",""funcinfo_address"":""0x006696B0"",""state_index"":4}]",R020
0x0065612B,14,183a11c734a8faf6fd03638cc5c0386c6fec341ee0f8c5aa30c512598d16812e,VC7EH::Unwind_allocation_0065612B,allocation,0x00640F15,"[{""handler_address"":""0x00656155"",""funcinfo_address"":""0x006696E4"",""state_index"":0}]",R020
0x00656139,14,9741cc934e34eada183fccb71c8e433e7480118b4dedab52c3db62496128e756,VC7EH::Unwind_allocation_00656139,allocation,0x00640F15,"[{""handler_address"":""0x00656155"",""funcinfo_address"":""0x006696E4"",""state_index"":1}]",R020
0x00656147,14,5d1b34e6d01ab7ac0e4431e8c55355a039710dc2c682da781f8ca3b17aa956d4,VC7EH::Unwind_allocation_00656147,allocation,0x00640F15,"[{""handler_address"":""0x00656155"",""funcinfo_address"":""0x006696E4"",""state_index"":2}]",R020
0x0065615F,11,49f1d8e62da73b72124c42b17f185491f62ee675c2d4544fe612078bf347ae86,VC7EH::Unwind_local_object_0065615F,local-object,0x004588E0,"[{""handler_address"":""0x00656178"",""funcinfo_address"":""0x00669710"",""state_index"":0}]",R020
0x0065616A,14,4bbcd7c4289c72b143e75b2fe78448ac98564909e13b3d7e383addb5016794c7,VC7EH::Unwind_allocation_0065616A,allocation,0x00640F15,"[{""handler_address"":""0x00656178"",""funcinfo_address"":""0x00669710"",""state_index"":1}]",R020
0x00656182,14,d31442f99cc2b7a33e985e6a9446a875ca61e6c4e8d01a04a1373a7b95b93111,VC7EH::Unwind_allocation_00656182,allocation,0x00640F15,"[{""handler_address"":""0x00656190"",""funcinfo_address"":""0x00669734"",""state_index"":0}]",R020
0x006561A0,8,6735d9c9f915eb342c10fae434b398f7a08cc63a64e0045bc3e62d2bd70422e6,VC7EH::Unwind_frame_object_006561A0,frame-object,0x00458AD0,"[{""handler_address"":""0x006561A8"",""funcinfo_address"":""0x00669758"",""state_index"":0}]",R020
0x006561C0,8,a2569579ad37133ab395f025a84bf0d1f2bdfb83d3d1719aabc5633e66b4c2b8,VC7EH::Unwind_frame_object_006561C0,frame-object,0x004588B0,"[{""handler_address"":""0x006561DE"",""funcinfo_address"":""0x0066978C"",""state_index"":0}]",R020
0x006561C8,11,6627e7bdf953dd6db2d124b413b6c7a4f3c32084c5b9829600f1ae65ff9e22a8,VC7EH::Unwind_member_object_006561C8,member-object,0x004589F0,"[{""handler_address"":""0x006561DE"",""funcinfo_address"":""0x0066978C"",""state_index"":1}]",R020
0x006561D3,11,5ac788b32ec1ae889ca4c3b7c726b9a1bf23ff5ed164113cff5edbc8ced757b3,VC7EH::Unwind_member_object_006561D3,member-object,0x004589F0,"[{""handler_address"":""0x006561DE"",""funcinfo_address"":""0x0066978C"",""state_index"":2}]",R020
0x006561F0,8,c5d13a2358b9b4491d4f6048ae5a52fcc36341be0838fd0f32739a5c1544edff,VC7EH::Unwind_frame_object_006561F0,frame-object,0x004588B0,"[{""handler_address"":""0x0065620E"",""funcinfo_address"":""0x006697C0"",""state_index"":0}]",R020
0x006561F8,11,1286b25001a7ca37ed785ddfc94e8774e24349fd76c39383bbd8b5bf72389581,VC7EH::Unwind_member_object_006561F8,member-object,0x004589F0,"[{""handler_address"":""0x0065620E"",""funcinfo_address"":""0x006697C0"",""state_index"":1}]",R020
0x00656203,11,b98165f27d8f28ed64a55edf58f4752b2b6a0596c4ecd194d1eb30531284da8f,VC7EH::Unwind_member_object_00656203,member-object,0x004589F0,"[{""handler_address"":""0x0065620E"",""funcinfo_address"":""0x006697C0"",""state_index"":2}]",R020
0x00656220,8,9887cf1aeba36ee02cc86c345032051943c59cc96df96967e875cc025344ca4d,VC7EH::Unwind_frame_object_00656220,frame-object,0x00458AD0,"[{""handler_address"":""0x00656228"",""funcinfo_address"":""0x006697E4"",""state_index"":0}]",R020
0x00656240,11,f2b260264d4c29f96041a17deb6ad69d8ea490a068246472f89fa892a46ed831,VC7EH::Unwind_local_object_00656240,local-object,0x004588E0,"[{""handler_address"":""0x0065624B"",""funcinfo_address"":""0x00669808"",""state_index"":0}]",R020
0x00656260,8,2e9e57af6b1459cac7e0bc4621397bf3a6a1245143f995dae425f046a7e0a6ea,VC7EH::Unwind_frame_object_00656260,frame-object,0x004588B0,"[{""handler_address"":""0x00656273"",""funcinfo_address"":""0x00669834"",""state_index"":0}]",R020
0x00656268,11,c042191d74e9a962826a338802b83020d079e87033deb2df3d65c2c09f7f1b42,VC7EH::Unwind_member_object_00656268,member-object,0x004589F0,"[{""handler_address"":""0x00656273"",""funcinfo_address"":""0x00669834"",""state_index"":1}]",R020
0x006562A0,8,041c97cc92944b0d4e34d941d980775b13e1cef0eaaed6c274047c6699c3e107,VC7EH::Unwind_local_object_006562A0,local-object,0x00404CF0,"[{""handler_address"":""0x006562A8"",""funcinfo_address"":""0x0066992C"",""state_index"":0}]",R020
0x006562C0,8,7b914640ff5565ce30c264a9533f798169e8c0b3865344b6b8960e188936fa01,VC7EH::Unwind_local_object_006562C0,local-object,0x00404CF0,"[{""handler_address"":""0x006562C8"",""funcinfo_address"":""0x00669950"",""state_index"":0}]",R020
0x006562E0,8,e66a51d1799a6e77bf952a6f459d6e5aa9d97b28d0bbf1d6b99ecf69022da792,VC7EH::Unwind_local_object_006562E0,local-object,0x00404CF0,"[{""handler_address"":""0x006562E8"",""funcinfo_address"":""0x00669974"",""state_index"":0}]",R020
0x00656300,11,d62e65a822908d70090e771f6cc97b598e0138d3969bfdd2a756fbf4a8722045,VC7EH::Unwind_local_object_00656300,local-object,0x004588E0,"[{""handler_address"":""0x0065630B"",""funcinfo_address"":""0x00669A00"",""state_index"":0}]",R020
0x00656380,17,ff444d316558f708d36d289c77abfaa0b4185a9c9cfda300c3c0655e2ec052a1,VC7EH::Unwind_placement_allocation_00656380,placement-allocation,0x00412300,"[{""handler_address"":""0x00656391"",""funcinfo_address"":""0x00669C38"",""state_index"":0}]",R020
0x006563A0,22,94b95b1a880f8448c92be5581650057ef5a4a6ad4c624a67dbe363b9d6758196,VC7EH::Unwind_array_object_006563A0,array-object,0x00641D4A,"[{""handler_address"":""0x006563B6"",""funcinfo_address"":""0x00669C5C"",""state_index"":0}]",R020
0x006563C0,22,b8a062ce9afb3b83cfb2d1ac3121522dccf2675d23c5cdc4ef19aedb7c843b01,VC7EH::Unwind_array_object_006563C0,array-object,0x00641D4A,"[{""handler_address"":""0x006563D6"",""funcinfo_address"":""0x00669C80"",""state_index"":0}]",R020
0x006563E0,8,d855f831bcde968b1004772d68d2b81a7c5b46c2c3e85d9b56bb35cd2319be74,VC7EH::Unwind_local_object_006563E0,local-object,0x00404CF0,"[{""handler_address"":""0x006563E8"",""funcinfo_address"":""0x00669CA4"",""state_index"":0}]",R020
0x00656400,8,ea3c8b33512f44dba90caea4cbe9f13b6a33e39d412ab5b59928a842a35099b6,VC7EH::Unwind_local_object_00656400,local-object,0x00404CF0,"[{""handler_address"":""0x00656408"",""funcinfo_address"":""0x00669CC8"",""state_index"":0}]",R020
0x00656420,11,0095de39c6bb90ecd9cbef29326d0da600ce86553041bea61db12ba42263211d,VC7EH::Unwind_allocation_00656420,allocation,0x00640F15,"[{""handler_address"":""0x0065642B"",""funcinfo_address"":""0x00669CEC"",""state_index"":0}]",R020
0x00656440,11,5b84d3fd45e235e08c6ec48211eea643930bc7a9a398ea482c8cc9bf8cccd411,VC7EH::Unwind_allocation_00656440,allocation,0x00640F15,"[{""handler_address"":""0x0065644B"",""funcinfo_address"":""0x00669D10"",""state_index"":0}]",R020
0x00656460,11,a03e884a0083a11d6c108ff8964bba94757dc05865e2a8c7f792e470dff178be,VC7EH::Unwind_allocation_00656460,allocation,0x00640F15,"[{""handler_address"":""0x0065646B"",""funcinfo_address"":""0x00669D34"",""state_index"":0}]",R020
0x00656480,11,f6b5357b684fb6eee47bdedd0f61d6f199738cd925de1365d58b2e995fcfcad7,VC7EH::Unwind_allocation_00656480,allocation,0x00640F15,"[{""handler_address"":""0x0065648B"",""funcinfo_address"":""0x00669D58"",""state_index"":0}]",R020
0x006564A0,11,7f4109d3356875d1c640dbe3f482054be6e173e7231226437046bf3017c3010c,VC7EH::Unwind_allocation_006564A0,allocation,0x00640F15,"[{""handler_address"":""0x006564AB"",""funcinfo_address"":""0x00669D7C"",""state_index"":0}]",R020
0x006564C0,8,c784926210e08615d61bfecb5609abc943221e3f963f115a062d3e5c388a20dc,VC7EH::Unwind_frame_object_006564C0,frame-object,0x00456910,"[{""handler_address"":""0x006564C8"",""funcinfo_address"":""0x00669DA0"",""state_index"":0}]",R020
0x006564D2,8,f0d006a02cca149269771a9f7c9c13e49bc35c77ffc215d42e554bcbb66063af,VC7EH::Unwind_frame_object_006564D2,frame-object,0x00456910,"[{""handler_address"":""0x006564E8"",""funcinfo_address"":""0x00669DCC"",""state_index"":0}]",R020
0x006564DA,14,8aa3dc2ab325027d904e2cdc3af30519322c098368e0d2f50d70987e92eb8d18,VC7EH::Unwind_member_object_006564DA,member-object,0x00531C40,"[{""handler_address"":""0x006564E8"",""funcinfo_address"":""0x00669DCC"",""state_index"":1}]",R020
0x006564F2,11,e16abca600d5e52d31445748705ba00de70d2f50a791262082dc9a6f245dca45,VC7EH::Unwind_allocation_006564F2,allocation,0x00640F15,"[{""handler_address"":""0x006564FD"",""funcinfo_address"":""0x00669DF0"",""state_index"":0}]",R020
0x00656520,17,ca103129e7463e7b44416b9ded2126623798f1579cdde6de2a9465ce79216f3f,VC7EH::Unwind_placement_allocation_00656520,placement-allocation,0x00412300,"[{""handler_address"":""0x00656531"",""funcinfo_address"":""0x00669E98"",""state_index"":1}]",R020
0x00656540,8,0949e4a20d11b110b299e0f42651bef79dbcef49f1bd3917d7f8bc162815c2f3,VC7EH::Unwind_local_object_00656540,local-object,0x00404CF0,"[{""handler_address"":""0x00656548"",""funcinfo_address"":""0x00669EBC"",""state_index"":0}]",R020
0x00656560,11,47b75392a066fa0645812d77675f6352188a232565614dcb2a14c0f0cf9fe140,VC7EH::Unwind_allocation_00656560,allocation,0x00640F15,"[{""handler_address"":""0x0065656B"",""funcinfo_address"":""0x00669EE0"",""state_index"":0}]",R020
0x00656580,11,3871b338ef0377fead889002ef51d10184314972a38d5f5997127634090e990e,VC7EH::Unwind_allocation_00656580,allocation,0x00640F15,"[{""handler_address"":""0x0065658B"",""funcinfo_address"":""0x00669F04"",""state_index"":0}]",R020
0x006565A0,11,514740180fe6fd8908e72b13d8a67c9af38f429218a30c25b109790917e0c751,VC7EH::Unwind_allocation_006565A0,allocation,0x00640F15,"[{""handler_address"":""0x006565AB"",""funcinfo_address"":""0x00669F28"",""state_index"":0}]",R020
0x006565C0,11,1226cb1dc0a4c1e6a140f7eb03e60450dd4353422d9bc5fdfdaff9e90300f204,VC7EH::Unwind_allocation_006565C0,allocation,0x00640F15,"[{""handler_address"":""0x006565CB"",""funcinfo_address"":""0x00669F4C"",""state_index"":0}]",R020
0x006565E0,11,fad34fe2003f017b4cb5c683c3d936fe50843964225c4aea05bd06720de1edbe,VC7EH::Unwind_allocation_006565E0,allocation,0x00640F15,"[{""handler_address"":""0x006565EB"",""funcinfo_address"":""0x00669F70"",""state_index"":0}]",R020
0x00656600,19,1ee1e18220e5f92a2a875f9e885f14cf14db5bfb4ada6e56ccbad0aa8b68ebce,VC7EH::Unwind_array_object_00656600,array-object,0x00641D4A,"[{""handler_address"":""0x00656629"",""funcinfo_address"":""0x00669FA4"",""state_index"":0}]",R020
0x00656613,11,ed5cf79cf2e3548fcba9d091b6139056e144b599bbffda17ba6b739d6102ba54,VC7EH::Unwind_member_object_00656613,member-object,0x0040AE40,"[{""handler_address"":""0x00656629"",""funcinfo_address"":""0x00669FA4"",""state_index"":1}]",R020
0x0065661E,11,720fd579d9388b8151b811e9112dc19ae1f61f18ce5a39b81b392ab1ab6287b5,VC7EH::Unwind_member_object_0065661E,member-object,0x005F8320,"[{""handler_address"":""0x00656629"",""funcinfo_address"":""0x00669FA4"",""state_index"":2}]",R020
0x00656633,19,2327bf2086f56d2c1bdd77e943a72a4d1045e19c2cfdada65fb909919ebbeb9c,VC7EH::Unwind_array_object_00656633,array-object,0x00641D4A,"[{""handler_address"":""0x0065665C"",""funcinfo_address"":""0x00669FD8"",""state_index"":0}]",R020
0x00656646,11,7b65a676dbad4f37435950de86a436e3e9d0e274dc4c06bf721c250d3c9e40cd,VC7EH::Unwind_member_object_00656646,member-object,0x0040AE40,"[{""handler_address"":""0x0065665C"",""funcinfo_address"":""0x00669FD8"",""state_index"":1}]",R020
0x00656651,11,26b082f4e42a90ba498f4a87d34600fb893c8bd9a7fb3e2fc999db053a6d14cc,VC7EH::Unwind_member_object_00656651,member-object,0x005F8320,"[{""handler_address"":""0x0065665C"",""funcinfo_address"":""0x00669FD8"",""state_index"":2}]",R020
0x00656666,8,6201fee9b7e10318b480450274dac88d6f119c0296a71d79c52395faf45ed4c1,VC7EH::Unwind_local_object_00656666,local-object,0x004588B0,"[{""handler_address"":""0x00656679"",""funcinfo_address"":""0x0066A004"",""state_index"":0}]",R020
0x0065666E,11,060f2f6ecac2e7893504eb759b4dc93df417079a2c49006a870e13abd0989988,VC7EH::Unwind_allocation_0065666E,allocation,0x00640F15,"[{""handler_address"":""0x00656679"",""funcinfo_address"":""0x0066A004"",""state_index"":1}]",R020
0x00656683,11,a21f932f321f5dce49b6afc4631c47a9ece2a43d7bfaf63dbe3a6afdce3dccc9,VC7EH::Unwind_allocation_00656683,allocation,0x00640F15,"[{""handler_address"":""0x0065668E"",""funcinfo_address"":""0x0066A028"",""state_index"":0}]",R020
0x00656698,11,5e9968240aeac2674d54f2ebd9cdc475a63858e836fb925bb400481486a46034,VC7EH::Unwind_allocation_00656698,allocation,0x00640F15,"[{""handler_address"":""0x006566A3"",""funcinfo_address"":""0x0066A04C"",""state_index"":0}]",R020
0x006566B0,8,2c4b83cc041c0cf0e7465e9d7cd045377bacef628c4026e64750f1192032988e,VC7EH::Unwind_frame_object_006566B0,frame-object,0x005F7FA0,"[{""handler_address"":""0x006566B8"",""funcinfo_address"":""0x0066A070"",""state_index"":0}]",R020
0x006566D0,8,c150367039a8f30dcf6e5a48a1f7793a82e413132741288a7256cac70cecc2df,VC7EH::Unwind_frame_object_006566D0,frame-object,0x005F7FA0,"[{""handler_address"":""0x006566D8"",""funcinfo_address"":""0x0066A094"",""state_index"":0}]",R020
0x006566F0,8,c1c25ed8bb6cf223b17e9ffca47a2a02e81fae1fd8c380279e4a55c5091a57ed,VC7EH::Unwind_local_object_006566F0,local-object,0x004588B0,"[{""handler_address"":""0x006566F8"",""funcinfo_address"":""0x0066A0B8"",""state_index"":0}]",R020
0x00656710,8,1ef5b6c06af2d5b1b16245dd945cae62ba9c1e2cb1b6bc6799b059c16b642996,VC7EH::Unwind_local_object_00656710,local-object,0x00404CF0,"[{""handler_address"":""0x00656718"",""funcinfo_address"":""0x0066A0DC"",""state_index"":0}]",R020
0x00656730,8,1e1925d9c72782d8467804810671129e9c55bccf5a65559c3bb3c8ff439dd2e8,VC7EH::Unwind_local_object_00656730,local-object,0x00404CF0,"[{""handler_address"":""0x00656738"",""funcinfo_address"":""0x0066A100"",""state_index"":0}]",R020
0x00656750,8,a292e9aa201a9fe7f53c67af3bf8147b8f21c9e2a2f0cb3405c08807455eff0b,VC7EH::Unwind_local_object_00656750,local-object,0x00404CF0,"[{""handler_address"":""0x00656758"",""funcinfo_address"":""0x0066A124"",""state_index"":0}]",R020
0x00656770,8,84e11b04ddbf7c0fb650882bbb24b13166861051a849285dd42ebb791bf87e7d,VC7EH::Unwind_local_object_00656770,local-object,0x00404CF0,"[{""handler_address"":""0x00656778"",""funcinfo_address"":""0x0066A148"",""state_index"":0}]",R020
0x00656790,8,1a31bf4db5bdb689f08c73a745b67aff629b2b6595a02690c0a22427ed068155,VC7EH::Unwind_local_object_00656790,local-object,0x004588B0,"[{""handler_address"":""0x00656798"",""funcinfo_address"":""0x0066A1D4"",""state_index"":0}]",R020
0x006567E0,8,6d716a1a28419f5d136acb9161ab6aae8190767e76db891cd59593072dab5f44,VC7EH::Unwind_local_object_006567E0,local-object,0x00404CF0,"[{""handler_address"":""0x006567E8"",""funcinfo_address"":""0x0066A31C"",""state_index"":0}]",R020
0x00656800,8,c9b4b51786bf2f668156b256422da8aab74511fbf0fff5644d2804ecaa689634,VC7EH::Unwind_local_object_00656800,local-object,0x00404CF0,"[{""handler_address"":""0x00656808"",""funcinfo_address"":""0x0066A340"",""state_index"":0}]",R020
0x00656812,8,81470b2b3ee16f969501f9af11c8a2bf504c1aa78667fa4ef88e6947d0bf3d72,VC7EH::Unwind_local_object_00656812,local-object,0x0060EBCD,"[{""handler_address"":""0x00656822"",""funcinfo_address"":""0x0066A36C"",""state_index"":0}]",R022
0x0065681A,8,d2327a900917616c94fc52079b388a613aed7491a5bc145688a6995ce76db4ff,VC7EH::Unwind_local_object_0065681A,local-object,0x00614BE2,"[{""handler_address"":""0x00656822"",""funcinfo_address"":""0x0066A36C"",""state_index"":1}]",R022
0x0065682C,8,4c241099f89babaf5229e6ea9c1ecde1826631a479b76bc16842c028dd136d79,VC7EH::Unwind_local_object_0065682C,local-object,0x0060EBCD,"[{""handler_address"":""0x0065683C"",""funcinfo_address"":""0x0066A398"",""state_index"":0}]",R022
0x00656834,8,b4b86ec13e12498ddbb99f0b821129913627e25ed91b7f4a513d7f500f1fde4a,VC7EH::Unwind_local_object_00656834,local-object,0x00614FFA,"[{""handler_address"":""0x0065683C"",""funcinfo_address"":""0x0066A398"",""state_index"":1}]",R022
0x00656846,11,76135330da78111a5fc9dccf33c94f21be0b0521e3c27a4a02292972f3b3b024,VC7EH::Unwind_local_object_00656846,local-object,0x0060EBCD,"[{""handler_address"":""0x00656879"",""funcinfo_address"":""0x0066A3DC"",""state_index"":0}]",R022
0x00656851,10,e076a7c9b4f4fe45b2dd717146c23bab8e34ba8270b0a235a0d8825f4fe3f3d5,VC7EH::Unwind_allocation_00656851,allocation,0x00640F15,"[{""handler_address"":""0x00656879"",""funcinfo_address"":""0x0066A3DC"",""state_index"":1}]",R022
0x0065685B,10,14cc1b3345b5fbdc0e285b811eea2f47745febcc9219ecfb1a1c8a2b74d6a95c,VC7EH::Unwind_allocation_0065685B,allocation,0x00640F15,"[{""handler_address"":""0x00656879"",""funcinfo_address"":""0x0066A3DC"",""state_index"":3}]",R022
0x00656865,10,a3a62c8eec555d592b749a5bb216b15ee55f043946203abfd5444537dbf3dbd8,VC7EH::Unwind_allocation_00656865,allocation,0x00640F15,"[{""handler_address"":""0x00656879"",""funcinfo_address"":""0x0066A3DC"",""state_index"":2}]",R022
0x0065686F,10,e67d56d856c1fb5e91d4b487cb00c9a017f850aedfa549f4111911af04a5fb92,VC7EH::Unwind_allocation_0065686F,allocation,0x00640F15,"[{""handler_address"":""0x00656879"",""funcinfo_address"":""0x0066A3DC"",""state_index"":4}]",R022
0x00656883,11,34e026d7af842b4f6cf2a33b00a2fe03bde53bf8bfc008f3b30e77674eac0ecf,VC7EH::Unwind_local_object_00656883,local-object,0x0060EBCD,"[{""handler_address"":""0x0065688E"",""funcinfo_address"":""0x0066A400"",""state_index"":0}]",R022
0x00656898,8,ee1199325846f4b277e483539ce9d6284cff932388ef9e970bf6a70776728830,VC7EH::Unwind_frame_object_00656898,frame-object,0x0061FC02,"[{""handler_address"":""0x006568ED"",""funcinfo_address"":""0x0066A45C"",""state_index"":0}]",R022
0x006568A0,11,f4882f7d09abb76bc65571b5db9928a2f461875e00e7be271a9f7c2501d339a5,VC7EH::Unwind_member_object_006568A0,member-object,0x0061FB37,"[{""handler_address"":""0x006568ED"",""funcinfo_address"":""0x0066A45C"",""state_index"":1}]",R022
0x006568AB,11,af236d02a3f002b12fd91693414a58f9c3a34af470d72a0a3378729f7096847e,VC7EH::Unwind_member_object_006568AB,member-object,0x0061FB37,"[{""handler_address"":""0x006568ED"",""funcinfo_address"":""0x0066A45C"",""state_index"":2}]",R022
0x006568B6,11,a7a0be8730ca0dc9791378d74b1af988f7868fd374631a2f3d2e593201ccc7c9,VC7EH::Unwind_member_object_006568B6,member-object,0x0061FB37,"[{""handler_address"":""0x006568ED"",""funcinfo_address"":""0x0066A45C"",""state_index"":3}]",R022
0x006568C1,11,1f2174986f8b637b7629976a682fcab7e10578f1841dbe888d3bbd11e793f1a2,VC7EH::Unwind_member_object_006568C1,member-object,0x0061FB37,"[{""handler_address"":""0x006568ED"",""funcinfo_address"":""0x0066A45C"",""state_index"":4}]",R022
0x006568CC,11,ea5face52a972b3ac0bb026c228e0afcdc98335cc0abe5669e3b14ca9fc8d1a2,VC7EH::Unwind_member_object_006568CC,member-object,0x0061FB37,"[{""handler_address"":""0x006568ED"",""funcinfo_address"":""0x0066A45C"",""state_index"":5}]",R022
0x006568D7,11,799e0562cdf46acdf4f22f76a446f9eb76a791a1e150a0ebde5e442c362e1503,VC7EH::Unwind_member_object_006568D7,member-object,0x0061FB37,"[{""handler_address"":""0x006568ED"",""funcinfo_address"":""0x0066A45C"",""state_index"":6}]",R022
0x006568E2,11,ae7d5dec96d0c2f1eea5bebf15f288d28b464cf005c2abe61c9b5cd2682cacf9,VC7EH::Unwind_member_object_006568E2,member-object,0x0061FB37,"[{""handler_address"":""0x006568ED"",""funcinfo_address"":""0x0066A45C"",""state_index"":7}]",R022
0x006568F7,8,c84caf354d2851114989165e53e7f54a608799bb3414f8241f69ec7df12be12e,VC7EH::Unwind_frame_object_006568F7,frame-object,0x0061FC02,"[{""handler_address"":""0x0065694C"",""funcinfo_address"":""0x0066A4B8"",""state_index"":0}]",R022
0x006568FF,11,56b5483065d11c9c43c503a70040e5355f2422e3a6b02648f0bfd871f67690d7,VC7EH::Unwind_member_object_006568FF,member-object,0x0061FB37,"[{""handler_address"":""0x0065694C"",""funcinfo_address"":""0x0066A4B8"",""state_index"":1}]",R022
0x0065690A,11,07038ea143f1845fbbd2ad85663cb6788fd6aabe8223fa0427eadd528687b8ad,VC7EH::Unwind_member_object_0065690A,member-object,0x0061FB37,"[{""handler_address"":""0x0065694C"",""funcinfo_address"":""0x0066A4B8"",""state_index"":2}]",R022
0x00656915,11,5243d3d6bdddc15c3c0f30e955a53e1142e0338987bee92665754ec32fece8da,VC7EH::Unwind_member_object_00656915,member-object,0x0061FB37,"[{""handler_address"":""0x0065694C"",""funcinfo_address"":""0x0066A4B8"",""state_index"":3}]",R022
0x00656920,11,3bed85238af256e085c8e5e77bf235cfb21760cc7591ed0e39b2748833fa8457,VC7EH::Unwind_member_object_00656920,member-object,0x0061FB37,"[{""handler_address"":""0x0065694C"",""funcinfo_address"":""0x0066A4B8"",""state_index"":4}]",R022
0x0065692B,11,4d44785c89079d4d5b672b667c45cebda7a935de89df2aeffdf34bc7f32e9c15,VC7EH::Unwind_member_object_0065692B,member-object,0x0061FB37,"[{""handler_address"":""0x0065694C"",""funcinfo_address"":""0x0066A4B8"",""state_index"":5}]",R022
0x00656936,11,78af95147ab9272f3e45c520c5654ee1cff29c095c06da66697e00f4b9eef13c,VC7EH::Unwind_member_object_00656936,member-object,0x0061FB37,"[{""handler_address"":""0x0065694C"",""funcinfo_address"":""0x0066A4B8"",""state_index"":6}]",R022
0x00656941,11,9def232f04c8a3a2172cb75d851c923f935fc7f56069f5f4d8126e351458d706,VC7EH::Unwind_member_object_00656941,member-object,0x0061FB37,"[{""handler_address"":""0x0065694C"",""funcinfo_address"":""0x0066A4B8"",""state_index"":7}]",R022
0x00656956,10,d3c74b8b7925fc8d52770f7cee5f3c1068773e5104f9ac5e5b5165fe8630e5d1,VC7EH::Unwind_parameter_allocation_00656956,parameter-allocation,0x00640F15,"[{""handler_address"":""0x0065696A"",""funcinfo_address"":""0x0066A4E4"",""state_index"":0}]",R023
0x00656960,10,da1a42bcfbf53004ec1e1e7bd3e1a601390a29e39447ae96293e3046bec2df23,VC7EH::Unwind_parameter_allocation_00656960,parameter-allocation,0x00640F15,"[{""handler_address"":""0x0065696A"",""funcinfo_address"":""0x0066A4E4"",""state_index"":1}]",R023
0x00656974,8,2e5743274af360eea8fef5febb92351c4889022ce6fcf83071a805c83da1c939,VC7EH::Unwind_local_object_00656974,local-object,0x0060C120,"[{""handler_address"":""0x00656984"",""funcinfo_address"":""0x0066A510"",""state_index"":0}]",R022
0x0065697C,8,3312174f5ea92a4b3f905ceb5d33e9897614db2b722a0b128a0b5135f3e855f9,VC7EH::Unwind_local_object_0065697C,local-object,0x006111A5,"[{""handler_address"":""0x00656984"",""funcinfo_address"":""0x0066A510"",""state_index"":1}]",R022
0x0065698E,10,d7eff0f5e6470890460f90420a897e89ba748a0160a7c6fb4f75b033b386ecff,VC7EH::Unwind_allocation_0065698E,allocation,0x00640F15,"[{""handler_address"":""0x006569AC"",""funcinfo_address"":""0x0066A544"",""state_index"":0}]",R022
0x00656998,10,00bd0ad04f62dc2525aa7605b0e3da31ceaa9deacb5f69e839106df21a0494e5,VC7EH::Unwind_allocation_00656998,allocation,0x00640F15,"[{""handler_address"":""0x006569AC"",""funcinfo_address"":""0x0066A544"",""state_index"":1}]",R022
0x006569A2,10,878b83e1c8827600c68c4f090260371e363b7e6e73e237ce1065ddd811822714,VC7EH::Unwind_allocation_006569A2,allocation,0x00640F15,"[{""handler_address"":""0x006569AC"",""funcinfo_address"":""0x0066A544"",""state_index"":2}]",R022
0x006569B6,10,efc9d7bc41a35f00526839afa7dd40afc0e9513d47ae39c314c140e6114d6949,VC7EH::Unwind_allocation_006569B6,allocation,0x00640F15,"[{""handler_address"":""0x006569C0"",""funcinfo_address"":""0x0066A568"",""state_index"":0}]",R022
0x006569CA,10,50350c6982fce22dbc9cfce167e85cac54dff1da7b1ab4da4bb0ee623e42e454,VC7EH::Unwind_allocation_006569CA,allocation,0x00640F15,"[{""handler_address"":""0x006569DE"",""funcinfo_address"":""0x0066A594"",""state_index"":0}]",R022
0x006569D4,10,5dea61ad500740480b4f49d592becd41555a46be036a196056ca9342531d18e5,VC7EH::Unwind_allocation_006569D4,allocation,0x00640F15,"[{""handler_address"":""0x006569DE"",""funcinfo_address"":""0x0066A594"",""state_index"":1}]",R022
0x006569E8,10,78834290c57fb27dbbb6db0d6ea03a027f1a9341e34b979e3481653aa8600bfe,VC7EH::Unwind_allocation_006569E8,allocation,0x00640F15,"[{""handler_address"":""0x006569FC"",""funcinfo_address"":""0x0066A5C0"",""state_index"":0}]",R022
0x006569F2,10,b1b6d37fbda4cdce510024ae36f68022722114d5c11d3a3a704cc967735d2d0e,VC7EH::Unwind_allocation_006569F2,allocation,0x00640F15,"[{""handler_address"":""0x006569FC"",""funcinfo_address"":""0x0066A5C0"",""state_index"":1}]",R022
0x00656A06,10,921ad52071a57d205f414d5981de6968b60c24ed5c0db64054edb0fbf7342fa2,VC7EH::Unwind_allocation_00656A06,allocation,0x00640F15,"[{""handler_address"":""0x00656A24"",""funcinfo_address"":""0x0066A5F4"",""state_index"":0}]",R022
0x00656A10,10,efaf6ea96515c8cb5d565fa918960e036f8fc796bc663a529f24dc3cf45d96ed,VC7EH::Unwind_allocation_00656A10,allocation,0x00640F15,"[{""handler_address"":""0x00656A24"",""funcinfo_address"":""0x0066A5F4"",""state_index"":1}]",R022
0x00656A1A,10,52879f2ea894f2773230c3ff349649c2878f4127b70b5e8e55de8ea76af3e26a,VC7EH::Unwind_allocation_00656A1A,allocation,0x00640F15,"[{""handler_address"":""0x00656A24"",""funcinfo_address"":""0x0066A5F4"",""state_index"":2}]",R022
0x00656A2E,10,a5be6963299f3cd38a923b872f5a4b52ff28a7d1d2f6d61a1b6998e804ec2106,VC7EH::Unwind_allocation_00656A2E,allocation,0x00640F15,"[{""handler_address"":""0x00656A4C"",""funcinfo_address"":""0x0066A628"",""state_index"":0}]",R022
0x00656A38,10,d41b7e6ff2dd22a3f5d32a7d889e90473b91cd0f6e5852b9f60d62db77324507,VC7EH::Unwind_allocation_00656A38,allocation,0x00640F15,"[{""handler_address"":""0x00656A4C"",""funcinfo_address"":""0x0066A628"",""state_index"":1}]",R022
0x00656A42,10,6d5be03dae098bbc870a3752f3539323504622e05b168670dde7ca1016fd0ae5,VC7EH::Unwind_allocation_00656A42,allocation,0x00640F15,"[{""handler_address"":""0x00656A4C"",""funcinfo_address"":""0x0066A628"",""state_index"":2}]",R022
0x00656A56,10,caf5a2d43df48093a9010deafc324334da975f908262842fac508f6b83a3a25a,VC7EH::Unwind_allocation_00656A56,allocation,0x00640F15,"[{""handler_address"":""0x00656A6A"",""funcinfo_address"":""0x0066A654"",""state_index"":0}]",R022
0x00656A60,10,6d62d6a6e48ed254dd021f49bb5f7e13a8c6ce84a9249c35ccf7d32ccc287d87,VC7EH::Unwind_allocation_00656A60,allocation,0x00640F15,"[{""handler_address"":""0x00656A6A"",""funcinfo_address"":""0x0066A654"",""state_index"":1}]",R022
0x00656A74,10,5eca239d8598807da8f8b510b09d21f5c56c82f241b15dc07f52af4cad143113,VC7EH::Unwind_allocation_00656A74,allocation,0x00640F15,"[{""handler_address"":""0x00656A88"",""funcinfo_address"":""0x0066A680"",""state_index"":0}]",R022
0x00656A7E,10,150e276a4d982eb0cef0a47bbea257b4414bafe6199d69543a481ee08ba46d82,VC7EH::Unwind_allocation_00656A7E,allocation,0x00640F15,"[{""handler_address"":""0x00656A88"",""funcinfo_address"":""0x0066A680"",""state_index"":1}]",R022
0x00656A92,10,68202dc39b25cce3a8b1095a8ab9f3b2bbc774cd92aa50d5e8eb20ce34df09a5,VC7EH::Unwind_allocation_00656A92,allocation,0x00640F15,"[{""handler_address"":""0x00656AB0"",""funcinfo_address"":""0x0066A6B4"",""state_index"":0}]",R022
0x00656A9C,10,8af52365c1eb457583d5c49162e34f8fa190aeaf3fafdee2c63d983a75c32f2c,VC7EH::Unwind_allocation_00656A9C,allocation,0x00640F15,"[{""handler_address"":""0x00656AB0"",""funcinfo_address"":""0x0066A6B4"",""state_index"":1}]",R022
0x00656AA6,10,cb36ed6df842c6dcb9087453abd9e81e440b6646b6b143f4693dee3607ac96c0,VC7EH::Unwind_allocation_00656AA6,allocation,0x00640F15,"[{""handler_address"":""0x00656AB0"",""funcinfo_address"":""0x0066A6B4"",""state_index"":2}]",R022
0x00656ABA,8,3501c6fdc828d622127408e9ff41d90072b4afae9bd97f9b91a3f0372f53c03d,VC7EH::Unwind_frame_object_00656ABA,frame-object,0x0061535A,"[{""handler_address"":""0x00656AC2"",""funcinfo_address"":""0x0066A6D8"",""state_index"":0}]",R022
0x00656ACC,10,c9eb59bc40af824800d0665ad32d30305f249a779ac568554981b7ba42dc30e7,VC7EH::Unwind_allocation_00656ACC,allocation,0x00640F15,"[{""handler_address"":""0x00656AD6"",""funcinfo_address"":""0x0066A6FC"",""state_index"":0}]",R022
0x00656AE0,10,76d723063542ff57b22c722a475a410d562982dc81cf76e44fa782f2a91d8495,VC7EH::Unwind_allocation_00656AE0,allocation,0x00640F15,"[{""handler_address"":""0x00656AEA"",""funcinfo_address"":""0x0066A720"",""state_index"":0}]",R022
0x00656AF4,8,7870a3268288dea0cbf483e70d8295c55590dd52e00cc0313777b930b5e9e4c6,VC7EH::Unwind_frame_object_00656AF4,frame-object,0x0061535A,"[{""handler_address"":""0x00656B06"",""funcinfo_address"":""0x0066A74C"",""state_index"":0}]",R022
0x00656AFC,10,a6d1855678632f6c669b2bf84e2e1505635f3e8cbc9f0f216a2fc812fa0410f6,VC7EH::Unwind_allocation_00656AFC,allocation,0x00640F15,"[{""handler_address"":""0x00656B06"",""funcinfo_address"":""0x0066A74C"",""state_index"":1}]",R022
0x00656B10,10,1d80abe46d0f36efe69d3bad2b113a7b564775d1e650dda03c55419bb38fb653,VC7EH::Unwind_allocation_00656B10,allocation,0x00640F15,"[{""handler_address"":""0x00656B1A"",""funcinfo_address"":""0x0066A770"",""state_index"":0}]",R022
0x00656B24,8,e2570afb5557ddf874fcdebb20577f2beaeeb4749291876a29a4a7ac376a9068,VC7EH::Unwind_frame_object_00656B24,frame-object,0x0061535A,"[{""handler_address"":""0x00656B2C"",""funcinfo_address"":""0x0066A794"",""state_index"":0}]",R022
0x00656B36,10,7bdd1893dc9f8b9395436bb4b13758d4282d4a3d44b424581b00d50bc469b5b7,VC7EH::Unwind_parameter_allocation_00656B36,parameter-allocation,0x00640F15,"[{""handler_address"":""0x00656CA8"",""funcinfo_address"":""0x0066A8D8"",""state_index"":0}]",R023
0x00656B40,10,c47d4bd965be88bf6c8b9508417b3955783f2716de33d7bd5e807ca582f80036,VC7EH::Unwind_parameter_allocation_00656B40,parameter-allocation,0x00640F15,"[{""handler_address"":""0x00656CA8"",""funcinfo_address"":""0x0066A8D8"",""state_index"":1}]",R023
0x00656B4A,10,fc506ad8bd65e490878a251af21dc807358cef61b5e1a7697db0962fe38af44b,VC7EH::Unwind_parameter_allocation_00656B4A,parameter-allocation,0x00640F15,"[{""handler_address"":""0x00656CA8"",""funcinfo_address"":""0x0066A8D8"",""state_index"":2}]",R023
0x00656B54,10,24e63ec55311bd855c7b7faa5317143a4ec7cbb48b4c2621eeb5e9d3dc852e0f,VC7EH::Unwind_parameter_allocation_00656B54,parameter-allocation,0x00640F15,"[{""handler_address"":""0x00656CA8"",""funcinfo_address"":""0x0066A8D8"",""state_index"":3}]",R023
0x00656B5E,10,c3db2e23b49286daa41b7d525dedd6845a5101d3bcd83592987223948bca451c,VC7EH::Unwind_parameter_allocation_00656B5E,parameter-allocation,0x00640F15,"[{""handler_address"":""0x00656CA8"",""funcinfo_address"":""0x0066A8D8"",""state_index"":4}]",R023
0x00656B68,10,8372b6987cb4ae9d817c0dd338ed969cf3a0170c2d695808b6bef77e88b70d24,VC7EH::Unwind_parameter_allocation_00656B68,parameter-allocation,0x00640F15,"[{""handler_address"":""0x00656CA8"",""funcinfo_address"":""0x0066A8D8"",""state_index"":5}]",R023
0x00656B72,10,7b6fad0cd286aa39b3c3929b09e0c4e0b4ee432c6c56f4f4be5bb37febd96f4e,VC7EH::Unwind_parameter_allocation_00656B72,parameter-allocation,0x00640F15,"[{""handler_address"":""0x00656CA8"",""funcinfo_address"":""0x0066A8D8"",""state_index"":6}]",R023
0x00656B7C,10,a3bec931bff3ebcb5e9acbfe25da95449fc4eb1999f48dce40919c213a110b86,VC7EH::Unwind_parameter_allocation_00656B7C,parameter-allocation,0x00640F15,"[{""handler_address"":""0x00656CA8"",""funcinfo_address"":""0x0066A8D8"",""state_index"":7}]",R023
0x00656B86,10,59d85dea0c1c1d0bb859724fec6234fa00372693c736254caf4d5344e2e5e5af,VC7EH::Unwind_parameter_allocation_00656B86,parameter-allocation,0x00640F15,"[{""handler_address"":""0x00656CA8"",""funcinfo_address"":""0x0066A8D8"",""state_index"":8}]",R023
0x00656B90,10,c6eaa4e353995438fa094fc4dcbcf114296f29a9166e3047910525228c97e84a,VC7EH::Unwind_parameter_allocation_00656B90,parameter-allocation,0x00640F15,"[{""handler_address"":""0x00656CA8"",""funcinfo_address"":""0x0066A8D8"",""state_index"":9}]",R023
0x00656B9A,10,14748cbbf77bbeac841a52f62d85ab99252d3dbaa2da7c1e95fe61cf07b3f942,VC7EH::Unwind_parameter_allocation_00656B9A,parameter-allocation,0x00640F15,"[{""handler_address"":""0x00656CA8"",""funcinfo_address"":""0x0066A8D8"",""state_index"":10}]",R023
0x00656BA4,10,b8ec76fb86d5290adb8611916289def0649c0786d8852d6b96e57559e5b08473,VC7EH::Unwind_parameter_allocation_00656BA4,parameter-allocation,0x00640F15,"[{""handler_address"":""0x00656CA8"",""funcinfo_address"":""0x0066A8D8"",""state_index"":11}]",R023
0x00656BAE,10,35f0bebf2b2d187aa1903411048cd1b36fbda9ea09b9070f321b11c6004c75eb,VC7EH::Unwind_parameter_allocation_00656BAE,parameter-allocation,0x00640F15,"[{""handler_address"":""0x00656CA8"",""funcinfo_address"":""0x0066A8D8"",""state_index"":12}]",R023
0x00656BB8,10,a14f52eadd8399cac40357210c7037d8497c1bbb7b8885fcf4bee5c86f228963,VC7EH::Unwind_parameter_allocation_00656BB8,parameter-allocation,0x00640F15,"[{""handler_address"":""0x00656CA8"",""funcinfo_address"":""0x0066A8D8"",""state_index"":13}]",R023
0x00656BC2,10,22497722d1e240b43806e389a28f5c660b7253a0f5699c13650c57421db5a144,VC7EH::Unwind_parameter_allocation_00656BC2,parameter-allocation,0x00640F15,"[{""handler_address"":""0x00656CA8"",""funcinfo_address"":""0x0066A8D8"",""state_index"":19}]",R023
0x00656BCC,10,bf55514c0b7eb11d00c900a310991b71f65df3564ccf1eae88bdf7797a4a3635,VC7EH::Unwind_parameter_allocation_00656BCC,parameter-allocation,0x00640F15,"[{""handler_address"":""0x00656CA8"",""funcinfo_address"":""0x0066A8D8"",""state_index"":18}]",R023
0x00656BD6,10,51ce80de3bb9269058dc149a79bf9ba25962d1dfaeb0108c4c23cc9aa72cae6c,VC7EH::Unwind_parameter_allocation_00656BD6,parameter-allocation,0x00640F15,"[{""handler_address"":""0x00656CA8"",""funcinfo_address"":""0x0066A8D8"",""state_index"":17}]",R023
0x00656BE0,10,2ba4782eec4d7e4f7927432be2c7bb4384cb7c99bb9cab181d6a15e0f274c659,VC7EH::Unwind_parameter_allocation_00656BE0,parameter-allocation,0x00640F15,"[{""handler_address"":""0x00656CA8"",""funcinfo_address"":""0x0066A8D8"",""state_index"":16}]",R023
0x00656BEA,10,2a03a1a95fe6fafe861827f2d13121a3def6a45f52803dd02cf3bea366bea9e8,VC7EH::Unwind_parameter_allocation_00656BEA,parameter-allocation,0x00640F15,"[{""handler_address"":""0x00656CA8"",""funcinfo_address"":""0x0066A8D8"",""state_index"":15}]",R023
0x00656BF4,10,a3b421effd811eddb4cd0451bb149635497aa00b8ba16f85f0627927ec2bf6d4,VC7EH::Unwind_parameter_allocation_00656BF4,parameter-allocation,0x00640F15,"[{""handler_address"":""0x00656CA8"",""funcinfo_address"":""0x0066A8D8"",""state_index"":14}]",R023
0x00656BFE,10,b647d7cb4a333ce1a48c9c46d33c4517ee10f24a230bc318558a78bc3ecb1720,VC7EH::Unwind_parameter_allocation_00656BFE,parameter-allocation,0x00640F15,"[{""handler_address"":""0x00656CA8"",""funcinfo_address"":""0x0066A8D8"",""state_index"":20}]",R023
0x00656C08,10,d34dc516aff8d266c2a852f375a4268e5c6ca6219500fa0cf054032f6be54df9,VC7EH::Unwind_parameter_allocation_00656C08,parameter-allocation,0x00640F15,"[{""handler_address"":""0x00656CA8"",""funcinfo_address"":""0x0066A8D8"",""state_index"":25}]",R023
0x00656C12,10,dd1b58b4f5769c517bfe6ac72fa5b2976ebe7d28d36a7edf61752d317404f87c,VC7EH::Unwind_parameter_allocation_00656C12,parameter-allocation,0x00640F15,"[{""handler_address"":""0x00656CA8"",""funcinfo_address"":""0x0066A8D8"",""state_index"":24}]",R023
0x00656C1C,10,76e4e8f9f5a3018194bb94a82eed93e552da8133f3cfaa8d98f595d608114a88,VC7EH::Unwind_parameter_allocation_00656C1C,parameter-allocation,0x00640F15,"[{""handler_address"":""0x00656CA8"",""funcinfo_address"":""0x0066A8D8"",""state_index"":23}]",R023
0x00656C26,10,1ebffb75985eabf39f53ddd0ddbda581b4d8c1c367ba11583fe72fe1799a3f6b,VC7EH::Unwind_parameter_allocation_00656C26,parameter-allocation,0x00640F15,"[{""handler_address"":""0x00656CA8"",""funcinfo_address"":""0x0066A8D8"",""state_index"":22}]",R023
0x00656C30,10,8440a03223261d030c4ed52400f7c27ad0829e220617b6b033db27961fae09d6,VC7EH::Unwind_parameter_allocation_00656C30,parameter-allocation,0x00640F15,"[{""handler_address"":""0x00656CA8"",""funcinfo_address"":""0x0066A8D8"",""state_index"":21}]",R023
0x00656C3A,10,027e421e69567f322cc78f321c3e780184207e03b735c2a09d390f745f3ac8b3,VC7EH::Unwind_parameter_allocation_00656C3A,parameter-allocation,0x00640F15,"[{""handler_address"":""0x00656CA8"",""funcinfo_address"":""0x0066A8D8"",""state_index"":32}]",R023
0x00656C44,10,54d67ac9eba1556c293e6b911ab7dee9167ab804270848b548149bc720f38597,VC7EH::Unwind_parameter_allocation_00656C44,parameter-allocation,0x00640F15,"[{""handler_address"":""0x00656CA8"",""funcinfo_address"":""0x0066A8D8"",""state_index"":36}]",R023
0x00656C4E,10,0b321bc1354ffa5b501c613ed7f169b6b000194259dd35ca3701c1d92a89bc3f,VC7EH::Unwind_parameter_allocation_00656C4E,parameter-allocation,0x00640F15,"[{""handler_address"":""0x00656CA8"",""funcinfo_address"":""0x0066A8D8"",""state_index"":35}]",R023
0x00656C58,10,294af140f6d94fa3794ebbc9c782bfe484ec1240dd6d61cf945bc46f6a6f8518,VC7EH::Unwind_parameter_allocation_00656C58,parameter-allocation,0x00640F15,"[{""handler_address"":""0x00656CA8"",""funcinfo_address"":""0x0066A8D8"",""state_index"":34}]",R023
0x00656C62,10,192fd49fba0fdee5d30972c0a643c452955abb16699bfc9e862ad50044f6e664,VC7EH::Unwind_parameter_allocation_00656C62,parameter-allocation,0x00640F15,"[{""handler_address"":""0x00656CA8"",""funcinfo_address"":""0x0066A8D8"",""state_index"":31}]",R023
0x00656C6C,10,566c3ba0bd7f9637cfa82ab2a0dbb536d3b1b03bcc9384cf5d65be925bb5db05,VC7EH::Unwind_parameter_allocation_00656C6C,parameter-allocation,0x00640F15,"[{""handler_address"":""0x00656CA8"",""funcinfo_address"":""0x0066A8D8"",""state_index"":33}]",R023
0x00656C76,10,6327f74819de5552aeb4b6e30e2cbc18db33762594b3d9eb8f4a1143bfee0119,VC7EH::Unwind_parameter_allocation_00656C76,parameter-allocation,0x00640F15,"[{""handler_address"":""0x00656CA8"",""funcinfo_address"":""0x0066A8D8"",""state_index"":26}]",R023
0x00656C80,10,005e752fa7bbdd5db7d0c5c8595aed69acf2faa4fa076dd760d0eeabc0c02d9e,VC7EH::Unwind_parameter_allocation_00656C80,parameter-allocation,0x00640F15,"[{""handler_address"":""0x00656CA8"",""funcinfo_address"":""0x0066A8D8"",""state_index"":30}]",R023
0x00656C8A,10,b69e3112f67a1b512fc1c9ce13b836325d89be5f1e4d018ed56284f638d67ca5,VC7EH::Unwind_parameter_allocation_00656C8A,parameter-allocation,0x00640F15,"[{""handler_address"":""0x00656CA8"",""funcinfo_address"":""0x0066A8D8"",""state_index"":29}]",R023
0x00656C94,10,eb2b5931d1d4564ae8191c0c7c1a2f5bf9c8f13fb613bd0688998a5f0b7c6e67,VC7EH::Unwind_parameter_allocation_00656C94,parameter-allocation,0x00640F15,"[{""handler_address"":""0x00656CA8"",""funcinfo_address"":""0x0066A8D8"",""state_index"":28}]",R023
0x00656C9E,10,e1c01e51ea1161573c904df61e1e0ba775327d4b43976185be4e92b3e25f9b30,VC7EH::Unwind_parameter_allocation_00656C9E,parameter-allocation,0x00640F15,"[{""handler_address"":""0x00656CA8"",""funcinfo_address"":""0x0066A8D8"",""state_index"":27}]",R023
0x00656CB2,10,79bbc1a81a0018cf39832b0a41289bfc6db1bc284cba0c179778d4cdf483aae6,VC7EH::Unwind_allocation_00656CB2,allocation,0x00640F15,"[{""handler_address"":""0x00656CBC"",""funcinfo_address"":""0x0066A8FC"",""state_index"":0}]",R022
0x00656CD0,8,df9866b326e8e6ba219012e441c73f4a9a770f5557bf2ba0964e1440ffc34854,VC7EH::Unwind_local_object_00656CD0,local-object,0x00404CF0,"[{""handler_address"":""0x00656CD8"",""funcinfo_address"":""0x0066A970"",""state_index"":0}]",R022
0x00656CE2,8,da51e248147414776b87441a49e73964aaf4268e22d463b35b9e120dffc1cf8e,VC7EH::Unwind_local_object_00656CE2,local-object,0x00404CF0,"[{""handler_address"":""0x00656CEA"",""funcinfo_address"":""0x0066A994"",""state_index"":0}]",R022
