address,kind,constructor_address,vtable_address,slot_index,target_call,body_sha256,source_sha256,evidence_id
0x0046D2D0,forward-base,0x0046D080,0x006590D8,8,0x00451EB0,da3ab1bbf8e56ed5aad4823a0d144633dbbb445280fe92ab51c0f041160a9d9b,34d6af46dd3338abf5d997f2e605a0321d87bfe083118d27838b6e494535d81a,R060
0x0046D2F0,no-op,0x0046D080,0x006590D8,18,,012a7b6ce927f083ba98a546e3d3f750b2a1d82f350ca27efbd30a9c3c7718a5,012a7b6ce927f083ba98a546e3d3f750b2a1d82f350ca27efbd30a9c3c7718a5,R060
0x00472450,no-op,0x0046D080,0x006590D8,9,,012a7b6ce927f083ba98a546e3d3f750b2a1d82f350ca27efbd30a9c3c7718a5,012a7b6ce927f083ba98a546e3d3f750b2a1d82f350ca27efbd30a9c3c7718a5,R060
0x00493440,forward-base,0x00492FB0,0x006592B8,8,0x00451EB0,d43b1c19f2016ac8a1b83cf40b2453d6e8829ce6e81c5481fe12f55a12c0f729,34d6af46dd3338abf5d997f2e605a0321d87bfe083118d27838b6e494535d81a,R060
0x00493460,no-op,0x00492FB0,0x006592B8,18,,012a7b6ce927f083ba98a546e3d3f750b2a1d82f350ca27efbd30a9c3c7718a5,012a7b6ce927f083ba98a546e3d3f750b2a1d82f350ca27efbd30a9c3c7718a5,R060
0x004C0AA0,forward-base,0x004C0820,0x006594A8,8,0x00451EB0,a14ea5ae8bd3eeafc25ebd61bc9a48f07dd1a67aaabe752682708d13ee96097e,34d6af46dd3338abf5d997f2e605a0321d87bfe083118d27838b6e494535d81a,R060
0x004C0AC0,no-op,0x004C0820,0x006594A8,18,,012a7b6ce927f083ba98a546e3d3f750b2a1d82f350ca27efbd30a9c3c7718a5,012a7b6ce927f083ba98a546e3d3f750b2a1d82f350ca27efbd30a9c3c7718a5,R060
0x004C66A0,no-op,0x004C0820,0x006594A8,9,,012a7b6ce927f083ba98a546e3d3f750b2a1d82f350ca27efbd30a9c3c7718a5,012a7b6ce927f083ba98a546e3d3f750b2a1d82f350ca27efbd30a9c3c7718a5,R060
0x004E2EF0,forward-base,0x004E2C90,0x00659608,8,0x00451EB0,f1073e71e4e9156b303785797636d37b5879d60ad30371e7ce0e15818d7114ed,34d6af46dd3338abf5d997f2e605a0321d87bfe083118d27838b6e494535d81a,R060
0x004E2F10,no-op,0x004E2C90,0x00659608,18,,012a7b6ce927f083ba98a546e3d3f750b2a1d82f350ca27efbd30a9c3c7718a5,012a7b6ce927f083ba98a546e3d3f750b2a1d82f350ca27efbd30a9c3c7718a5,R060
0x004E79A0,no-op,0x004E2C90,0x00659608,9,,012a7b6ce927f083ba98a546e3d3f750b2a1d82f350ca27efbd30a9c3c7718a5,012a7b6ce927f083ba98a546e3d3f750b2a1d82f350ca27efbd30a9c3c7718a5,R060
0x00502420,forward-base,0x005021C0,0x00659768,8,0x00451EB0,bd7b592800a1ec01b410e3e3f18bea213212889be5ce9fcac5d1be86cbe5796d,34d6af46dd3338abf5d997f2e605a0321d87bfe083118d27838b6e494535d81a,R060
0x00502440,no-op,0x005021C0,0x00659768,18,,012a7b6ce927f083ba98a546e3d3f750b2a1d82f350ca27efbd30a9c3c7718a5,012a7b6ce927f083ba98a546e3d3f750b2a1d82f350ca27efbd30a9c3c7718a5,R060
0x00507690,no-op,0x005021C0,0x00659768,9,,012a7b6ce927f083ba98a546e3d3f750b2a1d82f350ca27efbd30a9c3c7718a5,012a7b6ce927f083ba98a546e3d3f750b2a1d82f350ca27efbd30a9c3c7718a5,R060
0x0052D200,forward-base,0x0052CEE0,0x006598D0,8,0x00451EB0,50698af5b111d3df5e45d8c453c5c6387c1bbf618240240a8ceac95365de097f,34d6af46dd3338abf5d997f2e605a0321d87bfe083118d27838b6e494535d81a,R060
0x0052D220,no-op,0x0052CEE0,0x006598D0,18,,012a7b6ce927f083ba98a546e3d3f750b2a1d82f350ca27efbd30a9c3c7718a5,012a7b6ce927f083ba98a546e3d3f750b2a1d82f350ca27efbd30a9c3c7718a5,R060
0x00531BC0,no-op,0x0052CEE0,0x006598D0,9,,012a7b6ce927f083ba98a546e3d3f750b2a1d82f350ca27efbd30a9c3c7718a5,012a7b6ce927f083ba98a546e3d3f750b2a1d82f350ca27efbd30a9c3c7718a5,R060
0x00551BD0,forward-base,0x00551980,0x00659A40,8,0x00451EB0,e821ee57ad3b998dc5bb1ba098f6f8abfbcd278cc395a8f967c9d27a5191a921,34d6af46dd3338abf5d997f2e605a0321d87bfe083118d27838b6e494535d81a,R060
0x00551BF0,no-op,0x00551980,0x00659A40,18,,012a7b6ce927f083ba98a546e3d3f750b2a1d82f350ca27efbd30a9c3c7718a5,012a7b6ce927f083ba98a546e3d3f750b2a1d82f350ca27efbd30a9c3c7718a5,R060
0x00556F40,no-op,0x00551980,0x00659A40,9,,012a7b6ce927f083ba98a546e3d3f750b2a1d82f350ca27efbd30a9c3c7718a5,012a7b6ce927f083ba98a546e3d3f750b2a1d82f350ca27efbd30a9c3c7718a5,R060
0x00574340,forward-base,0x00574100,0x00659B80,8,0x00451EB0,5c0e8a3c84a7ecfddabb392c25b2ae1731710c0639593996373f31513f79c283,34d6af46dd3338abf5d997f2e605a0321d87bfe083118d27838b6e494535d81a,R060
0x00574360,no-op,0x00574100,0x00659B80,18,,012a7b6ce927f083ba98a546e3d3f750b2a1d82f350ca27efbd30a9c3c7718a5,012a7b6ce927f083ba98a546e3d3f750b2a1d82f350ca27efbd30a9c3c7718a5,R060
0x005791C0,no-op,0x00574100,0x00659B80,9,,012a7b6ce927f083ba98a546e3d3f750b2a1d82f350ca27efbd30a9c3c7718a5,012a7b6ce927f083ba98a546e3d3f750b2a1d82f350ca27efbd30a9c3c7718a5,R060
0x00597630,forward-base,0x00597380,0x00659CC0,8,0x00451EB0,cfaa70fe5717ec74423f242dfaeb988406fd3d61738e76f7ddb545ade66e5fa2,34d6af46dd3338abf5d997f2e605a0321d87bfe083118d27838b6e494535d81a,R060
0x00597650,no-op,0x00597380,0x00659CC0,18,,012a7b6ce927f083ba98a546e3d3f750b2a1d82f350ca27efbd30a9c3c7718a5,012a7b6ce927f083ba98a546e3d3f750b2a1d82f350ca27efbd30a9c3c7718a5,R060
0x0059CD40,no-op,0x00597380,0x00659CC0,9,,012a7b6ce927f083ba98a546e3d3f750b2a1d82f350ca27efbd30a9c3c7718a5,012a7b6ce927f083ba98a546e3d3f750b2a1d82f350ca27efbd30a9c3c7718a5,R060
0x005C0D40,forward-base,0x005C0AB0,0x00659E30,8,0x00451EB0,062804cbe3b67a6ff6ccc1910d3f5bd6efb1e66fe5f7c9bfb2c0ebb7ff275464,34d6af46dd3338abf5d997f2e605a0321d87bfe083118d27838b6e494535d81a,R060
0x005C0D60,no-op,0x005C0AB0,0x00659E30,18,,012a7b6ce927f083ba98a546e3d3f750b2a1d82f350ca27efbd30a9c3c7718a5,012a7b6ce927f083ba98a546e3d3f750b2a1d82f350ca27efbd30a9c3c7718a5,R060
0x005C5920,no-op,0x005C0AB0,0x00659E30,9,,012a7b6ce927f083ba98a546e3d3f750b2a1d82f350ca27efbd30a9c3c7718a5,012a7b6ce927f083ba98a546e3d3f750b2a1d82f350ca27efbd30a9c3c7718a5,R060
0x005E22E0,forward-base,0x005E2090,0x00659F50,8,0x00451EB0,db46cf764b65284e3bd0510171da674fc7766c369ca0927f57484a04d09eac9d,34d6af46dd3338abf5d997f2e605a0321d87bfe083118d27838b6e494535d81a,R060
0x005E2300,no-op,0x005E2090,0x00659F50,18,,012a7b6ce927f083ba98a546e3d3f750b2a1d82f350ca27efbd30a9c3c7718a5,012a7b6ce927f083ba98a546e3d3f750b2a1d82f350ca27efbd30a9c3c7718a5,R060
0x005E6F10,no-op,0x005E2090,0x00659F50,9,,012a7b6ce927f083ba98a546e3d3f750b2a1d82f350ca27efbd30a9c3c7718a5,012a7b6ce927f083ba98a546e3d3f750b2a1d82f350ca27efbd30a9c3c7718a5,R060
