address,size,body_sha256,inferred_role,destructor_address,delete_address,source_sha256,evidence_id
0x006049A0,28,805c82b81b1ebdb385fef48a7bca0dc4fc88b25fd7e2c99439a6bca9268f9c53,VC7::OptimizedScalarDeletingDestructor_006049A0,0x00608D8E,0x00640F15,b1f2dfffceac86ab8070b4d17a9fcf4af9f50f15a3b19837426400bbb57a3a22,R038
0x006049BC,28,fac29acd302fa14937e7a68939b9239ecf473b2f86fd049a1e7e194981a811a1,VC7::OptimizedScalarDeletingDestructor_006049BC,0x00608F96,0x00640F15,b1f2dfffceac86ab8070b4d17a9fcf4af9f50f15a3b19837426400bbb57a3a22,R038
0x006049D8,28,1bc3624c93848e0806a77fe4fd9a3bbaec045bad6d5fb6753e6a9b0807096bff,VC7::OptimizedScalarDeletingDestructor_006049D8,0x00609EEF,0x00640F15,b1f2dfffceac86ab8070b4d17a9fcf4af9f50f15a3b19837426400bbb57a3a22,R038
0x006049F4,28,b4724f5e43d8fd7e588c4a3d73ad797455126d78d01b429653080eb3582b6d01,VC7::OptimizedScalarDeletingDestructor_006049F4,0x0060A7D2,0x00640F15,b1f2dfffceac86ab8070b4d17a9fcf4af9f50f15a3b19837426400bbb57a3a22,R038
0x0060EC26,28,772a535788e60b9a8fd9f566e791c6db30806f69bba72e04bd068eb202257e5e,VC7::OptimizedScalarDeletingDestructor_0060EC26,0x0060EBCD,0x00640F15,b1f2dfffceac86ab8070b4d17a9fcf4af9f50f15a3b19837426400bbb57a3a22,R038
0x00615E54,28,cd47c43c1f387881dbb1be46ce83f990cdc550e79391264a3fbd8770d471bb2e,VC7::OptimizedScalarDeletingDestructor_00615E54,0x0061535A,0x00640F15,b1f2dfffceac86ab8070b4d17a9fcf4af9f50f15a3b19837426400bbb57a3a22,R038
0x006190BB,28,1d3a6d8dbb32407c03eaa29cb02e0d92f60afc24fc4ea8a3a2d0169935617be7,VC7::OptimizedScalarDeletingDestructor_006190BB,0x006190D7,0x00640F15,b1f2dfffceac86ab8070b4d17a9fcf4af9f50f15a3b19837426400bbb57a3a22,R038
0x006190F8,28,2a2a4d1beafa6b5c507f29e71e60536422e883ad8f9c7faec7445c194e379aaa,VC7::OptimizedScalarDeletingDestructor_006190F8,0x00619114,0x00640F15,b1f2dfffceac86ab8070b4d17a9fcf4af9f50f15a3b19837426400bbb57a3a22,R038
0x00619135,28,7bb57744b5a718d5f3dc90e93aa464929874c36926a0e6df950427549ba15c47,VC7::OptimizedScalarDeletingDestructor_00619135,0x00619151,0x00640F15,b1f2dfffceac86ab8070b4d17a9fcf4af9f50f15a3b19837426400bbb57a3a22,R038
0x0061935E,28,8b2b0e04d7c03853e635f3f7a938f003ab882dfa2f3c0b0c5c27afede005da8f,VC7::OptimizedScalarDeletingDestructor_0061935E,0x0061937A,0x00640F15,b1f2dfffceac86ab8070b4d17a9fcf4af9f50f15a3b19837426400bbb57a3a22,R038
0x0061939B,28,07a06b6e523071bfb72c41389e67c64c11ad1006f976dc68b7d336a74f494ae2,VC7::OptimizedScalarDeletingDestructor_0061939B,0x006193B7,0x00640F15,b1f2dfffceac86ab8070b4d17a9fcf4af9f50f15a3b19837426400bbb57a3a22,R038
0x006193D8,28,621ba2840caef9f58947595be2a00e14c307d75b73d776676c94a0a49484779c,VC7::OptimizedScalarDeletingDestructor_006193D8,0x006193F4,0x00640F15,b1f2dfffceac86ab8070b4d17a9fcf4af9f50f15a3b19837426400bbb57a3a22,R038
0x006196E6,28,93383557f955de629d96d9323990b6a9c4008cfdf921b36c9bfa51829352737c,VC7::OptimizedScalarDeletingDestructor_006196E6,0x00619702,0x00640F15,b1f2dfffceac86ab8070b4d17a9fcf4af9f50f15a3b19837426400bbb57a3a22,R038
0x00619723,28,dd76737e1688b28228bb390121ef1006ba1ecb039852d645c87794f988d04fe5,VC7::OptimizedScalarDeletingDestructor_00619723,0x0061973F,0x00640F15,b1f2dfffceac86ab8070b4d17a9fcf4af9f50f15a3b19837426400bbb57a3a22,R038
0x00619760,28,65b0fbd0980af46a9caa79cc188f491c98b7e5aa44ac6f56a5d7e73f68fb2e3a,VC7::OptimizedScalarDeletingDestructor_00619760,0x0061977C,0x00640F15,b1f2dfffceac86ab8070b4d17a9fcf4af9f50f15a3b19837426400bbb57a3a22,R038
0x0061979D,28,65963c59b73671e5166a1c09556fb25f2b91ac23a429c6646fdcb3e79fe2efae,VC7::OptimizedScalarDeletingDestructor_0061979D,0x006197B9,0x00640F15,b1f2dfffceac86ab8070b4d17a9fcf4af9f50f15a3b19837426400bbb57a3a22,R038
0x006197DA,28,5362214af4586a6590a84bacbb55e46bf32030af1d19090203ccac27043cad1f,VC7::OptimizedScalarDeletingDestructor_006197DA,0x006197F6,0x00640F15,b1f2dfffceac86ab8070b4d17a9fcf4af9f50f15a3b19837426400bbb57a3a22,R038
0x006198A4,28,a3e5b17dc4d7e1f6426acb82f14933939aae3d1c3888964be3cd6cb0460dc75d,VC7::OptimizedScalarDeletingDestructor_006198A4,0x006198C0,0x00640F15,b1f2dfffceac86ab8070b4d17a9fcf4af9f50f15a3b19837426400bbb57a3a22,R038
0x00619950,28,bafbefc3437cd2b3ecbdea6a28a51d0b19c99083cc7d783c1f7e9f1dc5c69c69,VC7::OptimizedScalarDeletingDestructor_00619950,0x0061996C,0x00640F15,b1f2dfffceac86ab8070b4d17a9fcf4af9f50f15a3b19837426400bbb57a3a22,R038
0x00619B7F,28,e5572339a856e93526cd7b8ecebcb6fc52784025dbc0d0d9350cb3d80217ff90,VC7::OptimizedScalarDeletingDestructor_00619B7F,0x00619B9B,0x00640F15,b1f2dfffceac86ab8070b4d17a9fcf4af9f50f15a3b19837426400bbb57a3a22,R038
0x00619BBC,28,796ac482425aad3055be62fd5beb6faac511b7b49f62e49e42a55af0b216e69f,VC7::OptimizedScalarDeletingDestructor_00619BBC,0x00619BD8,0x00640F15,b1f2dfffceac86ab8070b4d17a9fcf4af9f50f15a3b19837426400bbb57a3a22,R038
0x00619BF9,28,04b6359f7d1f469265178bd92d4f320c20878c138bd3d603689e142a7560ecaf,VC7::OptimizedScalarDeletingDestructor_00619BF9,0x00619C15,0x00640F15,b1f2dfffceac86ab8070b4d17a9fcf4af9f50f15a3b19837426400bbb57a3a22,R038
0x00619C36,28,59eb86abbd9e539c7db43cf19aa4705c1cdc1c091d00a1de1557a8dc4a8b20b5,VC7::OptimizedScalarDeletingDestructor_00619C36,0x0061572C,0x00640F15,b1f2dfffceac86ab8070b4d17a9fcf4af9f50f15a3b19837426400bbb57a3a22,R038
0x00619C52,28,a33c968a19879f2b408777dc94fed6dbb28e670862c8e4701396fd1960b4baed,VC7::OptimizedScalarDeletingDestructor_00619C52,0x00619C6E,0x00640F15,b1f2dfffceac86ab8070b4d17a9fcf4af9f50f15a3b19837426400bbb57a3a22,R038
0x00619C8F,28,e5b1c701a220286defcd42d808bbfb1e7e39fb55414e2cceb560d86c13965f1d,VC7::OptimizedScalarDeletingDestructor_00619C8F,0x00619CAB,0x00640F15,b1f2dfffceac86ab8070b4d17a9fcf4af9f50f15a3b19837426400bbb57a3a22,R038
0x00619DCD,28,1323cdbde9dcfdddffd6e99d3268517de413104bf6034a58016f45d5b31d77b7,VC7::OptimizedScalarDeletingDestructor_00619DCD,0x00619DE9,0x00640F15,b1f2dfffceac86ab8070b4d17a9fcf4af9f50f15a3b19837426400bbb57a3a22,R038
0x00619E0A,28,db0fdc8932119b121a1396d606a24a6d9793cec75b7a332191557ee5439afd35,VC7::OptimizedScalarDeletingDestructor_00619E0A,0x00619E26,0x00640F15,b1f2dfffceac86ab8070b4d17a9fcf4af9f50f15a3b19837426400bbb57a3a22,R038
0x00619E47,28,d32219be3c6422d0d32b652d44325af96c7faae8f4b54dc4e07745029016aabe,VC7::OptimizedScalarDeletingDestructor_00619E47,0x00619E63,0x00640F15,b1f2dfffceac86ab8070b4d17a9fcf4af9f50f15a3b19837426400bbb57a3a22,R038
0x00619E84,28,f07c8490c1392e37322a41784de49be9ff16755b12ab579a9ae193cd3a90b515,VC7::OptimizedScalarDeletingDestructor_00619E84,0x00619EA0,0x00640F15,b1f2dfffceac86ab8070b4d17a9fcf4af9f50f15a3b19837426400bbb57a3a22,R038
0x00619EC1,28,61baebf02c467781e24fadb6e3c630575ef77b05c71118c66e47e8a9ced99a4b,VC7::OptimizedScalarDeletingDestructor_00619EC1,0x00619EDD,0x00640F15,b1f2dfffceac86ab8070b4d17a9fcf4af9f50f15a3b19837426400bbb57a3a22,R038
0x00619EFE,28,d1f5f4e142f1f5c5edf441dc998eac653866fca0701f0ae374de72c268b53c34,VC7::OptimizedScalarDeletingDestructor_00619EFE,0x00619F1A,0x00640F15,b1f2dfffceac86ab8070b4d17a9fcf4af9f50f15a3b19837426400bbb57a3a22,R038
0x00619F3B,28,f405e4b46281f9a75e9d90e31336f8d3d03d201a127d7225c8642970e273120a,VC7::OptimizedScalarDeletingDestructor_00619F3B,0x00619F57,0x00640F15,b1f2dfffceac86ab8070b4d17a9fcf4af9f50f15a3b19837426400bbb57a3a22,R038
0x00619F78,28,c4fa90c13b4af4d7ad62fd2de9cde518a5cbbf2f75de9acd5d83e72e586c6d28,VC7::OptimizedScalarDeletingDestructor_00619F78,0x00619F94,0x00640F15,b1f2dfffceac86ab8070b4d17a9fcf4af9f50f15a3b19837426400bbb57a3a22,R038
0x00619FB5,28,5fb91fd6c9e74bb2f9772282b4e4fc137817d7313d9e509f5c28e44f3ee9250e,VC7::OptimizedScalarDeletingDestructor_00619FB5,0x00619FD1,0x00640F15,b1f2dfffceac86ab8070b4d17a9fcf4af9f50f15a3b19837426400bbb57a3a22,R038
0x0061A29B,28,3142739ac16fefad922cc61e2c7a07153a99eb070ea8242eccc16aff8256cd92,VC7::OptimizedScalarDeletingDestructor_0061A29B,0x0061A2B7,0x00640F15,b1f2dfffceac86ab8070b4d17a9fcf4af9f50f15a3b19837426400bbb57a3a22,R038
0x0061A2D8,28,9d4147636cf79f5133b3cb67ac16ff0d941e3efaa35c3610ed4268f332350f3d,VC7::OptimizedScalarDeletingDestructor_0061A2D8,0x0061A2F4,0x00640F15,b1f2dfffceac86ab8070b4d17a9fcf4af9f50f15a3b19837426400bbb57a3a22,R038
0x0061A315,28,c48bcf6d86a5b3b0bca54904a1dd71826f403c43531030d8a0a188f045076875,VC7::OptimizedScalarDeletingDestructor_0061A315,0x0061A331,0x00640F15,b1f2dfffceac86ab8070b4d17a9fcf4af9f50f15a3b19837426400bbb57a3a22,R038
0x0061A34E,28,65f86ea5e2f1c4caece4fd19ec20684451b8427d9001c9805cf46a1ee6f2b588,VC7::OptimizedScalarDeletingDestructor_0061A34E,0x0061A36A,0x00640F15,b1f2dfffceac86ab8070b4d17a9fcf4af9f50f15a3b19837426400bbb57a3a22,R038
0x0061A387,28,b89c700e63f3fbc4445dd7b5bb1236a3200669ffd21ef05d95e644fe699267ae,VC7::OptimizedScalarDeletingDestructor_0061A387,0x0061A3A3,0x00640F15,b1f2dfffceac86ab8070b4d17a9fcf4af9f50f15a3b19837426400bbb57a3a22,R038
0x0061A3C0,28,c6017beb895bc3ff834c3b7bf3963dc523170479f3e68d47ec44ecb717f0a753,VC7::OptimizedScalarDeletingDestructor_0061A3C0,0x0061A3DC,0x00640F15,b1f2dfffceac86ab8070b4d17a9fcf4af9f50f15a3b19837426400bbb57a3a22,R038
0x0061A3F9,28,4b4d9dc622d8b983c7d5ece2d9782743a1fac5e2886cfe285a4734242cd047ca,VC7::OptimizedScalarDeletingDestructor_0061A3F9,0x0061A415,0x00640F15,b1f2dfffceac86ab8070b4d17a9fcf4af9f50f15a3b19837426400bbb57a3a22,R038
0x0061A432,28,5afebfb0c26d0a770988df6c1c645df52516e81c07793f1bec98890c3f1dd858,VC7::OptimizedScalarDeletingDestructor_0061A432,0x0061A44E,0x00640F15,b1f2dfffceac86ab8070b4d17a9fcf4af9f50f15a3b19837426400bbb57a3a22,R038
0x0061AC44,28,8e0f0ab398daf9afce0bc30219e9e8f5726e111d63705a6b14d4cd496ba5bf70,VC7::OptimizedScalarDeletingDestructor_0061AC44,0x0061AC60,0x00640F15,b1f2dfffceac86ab8070b4d17a9fcf4af9f50f15a3b19837426400bbb57a3a22,R038
0x0061AC65,28,c59a7d41afeb7f1ab9c44f51309a7bed666e1c5077f54eac95916d069a42e80c,VC7::OptimizedScalarDeletingDestructor_0061AC65,0x0061AC81,0x00640F15,b1f2dfffceac86ab8070b4d17a9fcf4af9f50f15a3b19837426400bbb57a3a22,R038
0x0061F221,28,ebf4576d74dc9719f54552aa3fafa10b267b653df1ecebe60dd9dd761c83f7da,VC7::OptimizedScalarDeletingDestructor_0061F221,0x0061F125,0x00640F15,b1f2dfffceac86ab8070b4d17a9fcf4af9f50f15a3b19837426400bbb57a3a22,R038
0x0061FEF6,28,f14b4c2e2402c89f0f9bd3e56064109bdc93b737deae0b01cc3bcaf591a1e10e,VC7::OptimizedScalarDeletingDestructor_0061FEF6,0x0061FEDB,0x00640F15,b1f2dfffceac86ab8070b4d17a9fcf4af9f50f15a3b19837426400bbb57a3a22,R038
0x00620074,28,d406811f4d237438715112e95cf1850d02737e32a96df739b2334636ef8cc4d7,VC7::OptimizedScalarDeletingDestructor_00620074,0x0061FE0A,0x00640F15,b1f2dfffceac86ab8070b4d17a9fcf4af9f50f15a3b19837426400bbb57a3a22,R038
0x00620116,28,00a5516e137b87a51b1005f6707cf6a02eb9b3a00b015cb44b53600caa809b19,VC7::OptimizedScalarDeletingDestructor_00620116,0x00620132,0x00640F15,b1f2dfffceac86ab8070b4d17a9fcf4af9f50f15a3b19837426400bbb57a3a22,R038
0x00640DBA,28,8f459bdd8de3579725c1c34b87af89a852d17fe8f81b0a8748b84374b76ea871,VC7::OptimizedScalarDeletingDestructor_00640DBA,0x00640CE4,0x00640F15,b1f2dfffceac86ab8070b4d17a9fcf4af9f50f15a3b19837426400bbb57a3a22,R038
0x00640DF5,28,d2c838ed6e8a06bb6e444b161d56de0d00e49fef223e224c28f7761668b130c0,VC7::OptimizedScalarDeletingDestructor_00640DF5,0x00640D38,0x00640F15,b1f2dfffceac86ab8070b4d17a9fcf4af9f50f15a3b19837426400bbb57a3a22,R038
0x00640E11,28,11a7f4edb071a39a43621c1957424d09e0a93eaea5f8e6e04d9272300230b70e,VC7::OptimizedScalarDeletingDestructor_00640E11,0x00640D74,0x00640F15,b1f2dfffceac86ab8070b4d17a9fcf4af9f50f15a3b19837426400bbb57a3a22,R038
0x00640E2D,28,4a7609a654fb551ae8f89f656a8d2861da239ec8fdc18e8bacf5024ac48bf135,VC7::OptimizedScalarDeletingDestructor_00640E2D,0x00640DAF,0x00640F15,b1f2dfffceac86ab8070b4d17a9fcf4af9f50f15a3b19837426400bbb57a3a22,R038
0x00640E8F,28,5716ff0725ebdfa838e63cae16d2e496661fdeb9efe8e1b0458e0a045973274b,VC7::OptimizedScalarDeletingDestructor_00640E8F,0x00640E49,0x00640F15,b1f2dfffceac86ab8070b4d17a9fcf4af9f50f15a3b19837426400bbb57a3a22,R038
