name,address,type
GraphicsResourceClient::GraphicsResourceClient,0x00401000,function
Graphics::ShowError,0x00401A00,function
Graphics::SetPresentationDestinationRect,0x00401A20,function
Graphics::SetTargetViewport,0x00401A50,function
Graphics::SetPresentationSourceRect,0x00401A80,function
Graphics::SetClearColor,0x00401AB0,function
Graphics::SetColorMultiplier,0x00401AF0,function
Graphics::SetDrawTransform,0x00401B00,function
Graphics::LoadTexture,0x00401F00,function
Graphics::SetBlendMode,0x00401F50,function
Graphics::SetAlphaMode,0x00402140,function
Graphics::SetDepthMode,0x00402250,function
Graphics::SetTextureFilter,0x004023B0,function
Graphics::SetTextureStage,0x00402540,function
Graphics::SetPixelShaderMode,0x004025F0,function
Graphics::BeginFrame,0x00402660,function
Graphics::BeginTarget,0x00402690,function
Graphics::EndFrame,0x004027D0,function
Graphics::SetPresentCallback,0x004028A0,function
Graphics::GetPrimaryTargetTexture,0x004028B0,function
Graphics::GetTargetTexture,0x004028C0,function
Graphics::Present,0x004028F0,function
Graphics::PresentToWindow,0x00402970,function
Input::ShowError,0x00403D00,function
