address,offset,type,symbol,target_address
0x00642C9D,0x18,REL32,_strcat,0x00641B90
0x00645569,0x1c,REL32,_strcmp,0x006416B0
0x0064F439,0x24,REL32,___addl,0x00652B19
0x0064F439,0x3b,REL32,___addl,0x00652B19
0x0064F486,0x34,REL32,__ZeroTail,0x0064F407
0x0064F486,0x43,REL32,__IncMan,0x0064F439
0x0064F737,0x41,REL32,__RoundMan,0x0064F486
0x0064FBB6,0xd,REL32,__abstract_cw,0x0064FA3C
0x0064FBB6,0x23,REL32,__hw_cw,0x0064FACE
0x00651C3B,0x1f,REL32,_xtoa,0x00651BFD
0x00651C65,0x1c,REL32,_xtoa,0x00651BFD
0x00651CA6,0x2f,REL32,__aulldvrm,0x0064F280
0x00651D13,0x28,REL32,_x64toa@20,0x00651CA6
0x00652B3A,0x10,REL32,___addl,0x00652B19
0x00652B3A,0x24,REL32,___addl,0x00652B19
0x00652B3A,0x3c,REL32,___addl,0x00652B19
0x00652B3A,0x54,REL32,___addl,0x00652B19
