address,size,library,archive_sha256,member,member_offset,coff_symbol,body_sha256,relocation_count,extent_basis,evidence_id
0x00640490,96,libcmt.lib,6e2b3742e58245de52149137f64281b73db1487a07a31e165fff269fbf9b2ee8,build\intel\mt_obj\memset.obj,2184292,_memset,c3010ed152f76e82a56de41e447b89eba25ae1fdcdfcf2ded2e14b231c21d7f1,0,function-auxiliary-record,R006
0x00640620,139,libcmt.lib,6e2b3742e58245de52149137f64281b73db1487a07a31e165fff269fbf9b2ee8,build\intel\mt_obj\strlen.obj,2200788,_strlen,5044fc769fb26ae1772d18e3e1ef5ffc16757c910207278cab8d90af3557a7f0,0,function-auxiliary-record,R006
0x006406AC,117,libcmt.lib,6e2b3742e58245de52149137f64281b73db1487a07a31e165fff269fbf9b2ee8,..\build\intel\mt_obj\ftol2.obj,2659968,__ftol2,5333b186c02836974c6f792303aeb2c00d856316b93ccbbe65f51def6ae661b4,0,function-auxiliary-record,R006
0x006416B0,136,libcmt.lib,6e2b3742e58245de52149137f64281b73db1487a07a31e165fff269fbf9b2ee8,build\intel\mt_obj\strcmp.obj,2192172,_strcmp,b88e392a72effabe7a1bc73017ee600186707911d4eda5691e692edb744e0c9c,0,function-auxiliary-record,R006
0x00641B90,232,libcmt.lib,6e2b3742e58245de52149137f64281b73db1487a07a31e165fff269fbf9b2ee8,build\intel\mt_obj\strcat.obj,2186124,_strcat,0bbe819bf652ab9399ea485cc6b62dd0d29ccda96747d5df8c5733cb91868bde,0,function-auxiliary-record,R006
0x00641DE0,57,libcmt.lib,6e2b3742e58245de52149137f64281b73db1487a07a31e165fff269fbf9b2ee8,build\intel\mt_obj\strncmp.obj,2206258,_strncmp,591725832adb8343cdb0b00cb336d17f54bf82c34875ede3bece382072dd0644,0,function-auxiliary-record,R006
0x00641F00,184,libcmt.lib,6e2b3742e58245de52149137f64281b73db1487a07a31e165fff269fbf9b2ee8,build\intel\mt_obj\memcmp.obj,2169288,_memcmp,9a1cd677ef751b34429f6779ebd1188addd267208af35c2cb3ab454fb8e83b75,0,function-auxiliary-record,R006
0x00642260,45,libcmt.lib,6e2b3742e58245de52149137f64281b73db1487a07a31e165fff269fbf9b2ee8,build\intel\mt_obj\strrchr.obj,2218504,_strrchr,0b599ea33c0e50b515a59dc8e4f453f040752c0a3af01afa77f3695f7753ba12,0,function-auxiliary-record,R006
0x00642510,61,libcmt.lib,6e2b3742e58245de52149137f64281b73db1487a07a31e165fff269fbf9b2ee8,build\intel\mt_obj\chkstk.obj,1654494,__chkstk,f36f56e85a3b8f0b9f0aaa3f1a49f9bda1143c728ff69d6c27517e4f359a69b8,0,function-auxiliary-record,R006
0x006425A4,31,libcmt.lib,6e2b3742e58245de52149137f64281b73db1487a07a31e165fff269fbf9b2ee8,..\build\intel\mt_obj\ehprolog.obj,666934,__EH_prolog,7f8b0849af9dd6f8eaa8c1e19d51a2bbb461b2c4c14fa3f213efa88cd3a7fc95,0,function-auxiliary-record,R022
0x00642C9D,36,libcmt.lib,6e2b3742e58245de52149137f64281b73db1487a07a31e165fff269fbf9b2ee8,build\intel\mt_obj\setlocal.obj,1444790,__strcats,da508220d1b1b9dcb065bad34a03de4723d2bebec4f2a2c08cb8ba0858ff6a47,1,function-auxiliary-record,R007
0x006436FC,39,libcmt.lib,6e2b3742e58245de52149137f64281b73db1487a07a31e165fff269fbf9b2ee8,..\build\intel\mt_obj\ftol.obj,2658734,__ftol,d0a2aca68648a0ae9d5cbfae1b276d4a64d4f797fc0c60f28b64096cdfa3148c,0,function-auxiliary-record,R006
0x00643BDB,33,libcmt.lib,6e2b3742e58245de52149137f64281b73db1487a07a31e165fff269fbf9b2ee8,..\build\intel\mt_obj\ieeemisc.obj,2915526,__copysign,c3f4c8bdb1d08fc8b24f65b1fe8101ec14eefbdc92c3ad338d0b2f7b04bf7dfe,0,function-auxiliary-record,R006
0x00643BFC,38,libcmt.lib,6e2b3742e58245de52149137f64281b73db1487a07a31e165fff269fbf9b2ee8,..\build\intel\mt_obj\ieeemisc.obj,2915526,__chgsign,42193aee8624bd514c4c8aaba7b77de36d0fbbb18c260de2cf90cc7cdebdae9f,0,function-auxiliary-record,R006
0x00645569,79,libcmt.lib,6e2b3742e58245de52149137f64281b73db1487a07a31e165fff269fbf9b2ee8,..\build\intel\mt_obj\frame.obj,379030,?TypeMatch@@YAHPBU_s_HandlerType@@PBU_s_CatchableType@@PBU_s_ThrowInfo@@@Z,cf98e0b8b9ef94d486e7fe678c63548fe04b6f2f4a8e0e0f64dd34bea14d926d,1,function-auxiliary-record,R007
0x00646B95,67,libcmt.lib,6e2b3742e58245de52149137f64281b73db1487a07a31e165fff269fbf9b2ee8,..\build\intel\mt_obj\common.obj,2559836,__fload_withFB,49756c88592603c59a91d5ecf8589dab665fc8a2ad0f138e5d6e3c3b05c21169,0,function-auxiliary-record,R006
0x00647244,45,libcmt.lib,6e2b3742e58245de52149137f64281b73db1487a07a31e165fff269fbf9b2ee8,..\build\intel\mt_obj\fpexcept.obj,2888292,__errcode,d2373b0fdcfadd6c1e4d021fdb348bcaad1707abc47b0a6615b9fa59dc750ca3,0,function-auxiliary-record,R006
0x00647542,42,libcmt.lib,6e2b3742e58245de52149137f64281b73db1487a07a31e165fff269fbf9b2ee8,..\build\intel\mt_obj\util.obj,2931994,__set_exp,a96bd4239072bf5565794cce8917077abafd7d0ed2db860514d23aeac84bec3f,0,function-auxiliary-record,R006
0x006475AB,37,libcmt.lib,6e2b3742e58245de52149137f64281b73db1487a07a31e165fff269fbf9b2ee8,..\build\intel\mt_obj\util.obj,2931994,__set_bexp,c4bff28a70406b5b90e7780dd78384959f83fb3d7eb66ef559423b0d5cbcefe4,0,function-auxiliary-record,R006
0x006475D0,91,libcmt.lib,6e2b3742e58245de52149137f64281b73db1487a07a31e165fff269fbf9b2ee8,..\build\intel\mt_obj\util.obj,2931994,__sptype,e632cfb78318f7e0ae996e6808e4c9557d29f58d2af89eab749aead15963af66,0,function-auxiliary-record,R006
0x006476FE,36,libcmt.lib,6e2b3742e58245de52149137f64281b73db1487a07a31e165fff269fbf9b2ee8,..\build\intel\mt_obj\fpctrl.obj,2652462,__ctrlfp,a7ab3a8042ef5a5909f1f414e454b341d2e9c1f9da36857ae8616e7983c9fa2b,0,function-auxiliary-record,R006
0x00647F30,104,libcmt.lib,6e2b3742e58245de52149137f64281b73db1487a07a31e165fff269fbf9b2ee8,build\intel\mt_obj\ulldiv.obj,877604,__aulldiv,84d17e172ff5e6bce23b7837cc15439649f685d00b3cdff9cc07cae79a0a88f2,0,function-auxiliary-record,R006
0x00648C34,60,libcmt.lib,6e2b3742e58245de52149137f64281b73db1487a07a31e165fff269fbf9b2ee8,..\build\intel\mt_obj\87cdisp.obj,2472322,__fload,b146371d2e644aa9a70ff0395feabad7b737b1b7e7e3672fd6c565d6a7bb689e,0,function-auxiliary-record,R006
0x006498B0,52,libcmt.lib,6e2b3742e58245de52149137f64281b73db1487a07a31e165fff269fbf9b2ee8,build\intel\mt_obj\llmul.obj,871250,__allmul,3d0898d998acc8af3ea17032ff56fd1b963c685b072f669c52d4b8267f9d0a78,0,function-auxiliary-record,R006
0x0064AC15,735,libcmt.lib,6e2b3742e58245de52149137f64281b73db1487a07a31e165fff269fbf9b2ee8,build\intel\mt_obj\sbheap.obj,827680,___sbh_resize_block,f775a7b3560dc490c5406a28a64291fc24faba19709cf24b2512df3f52008e6b,0,function-auxiliary-record,R006
0x0064B97C,32,libcmt.lib,6e2b3742e58245de52149137f64281b73db1487a07a31e165fff269fbf9b2ee8,build\intel\mt_obj\strftime.obj,2326218,__store_str,0c63a7c30de141acc5d764804f4bd269485169eb493fa40a1d35444084017998,0,function-auxiliary-record,R006
0x0064B9D2,121,libcmt.lib,6e2b3742e58245de52149137f64281b73db1487a07a31e165fff269fbf9b2ee8,build\intel\mt_obj\strftime.obj,2326218,__store_num,b934e05b8d1c1ea9757bb58e029dc53f266184899791bbcf4de13c561f1b9f74,0,function-auxiliary-record,R006
0x0064CFA0,70,libcmt.lib,6e2b3742e58245de52149137f64281b73db1487a07a31e165fff269fbf9b2ee8,build\intel\mt_obj\strcspn.obj,2194042,_strcspn,c3a436646e0acf44b28d2087806b0dcfc4869473f1b1b8cd1e0c01d07e16cc3c,0,function-auxiliary-record,R006
0x0064CFF0,292,libcmt.lib,6e2b3742e58245de52149137f64281b73db1487a07a31e165fff269fbf9b2ee8,build\intel\mt_obj\strncpy.obj,2207814,_strncpy,22006e25651e484a1c6be63bde03c539bb04291083659ef03adadd480f32d18e,0,function-auxiliary-record,R006
0x0064D305,53,libcmt.lib,6e2b3742e58245de52149137f64281b73db1487a07a31e165fff269fbf9b2ee8,build\intel\mt_obj\getqloc.obj,1324526,_LcidFromHexString,405895372ef05edffbdcf22e387d9b6770070d4edcaa08046fec1fe6bde5dc11,0,function-auxiliary-record,R006
0x0064DBD0,64,libcmt.lib,6e2b3742e58245de52149137f64281b73db1487a07a31e165fff269fbf9b2ee8,build\intel\mt_obj\strpbrk.obj,2216870,_strpbrk,a16dfe25ad12e05a7697f94c0a3001966cf8ff212eb4cfd4156cbfa82b56f9b5,0,function-auxiliary-record,R006
0x0064F280,149,libcmt.lib,6e2b3742e58245de52149137f64281b73db1487a07a31e165fff269fbf9b2ee8,build\intel\mt_obj\ulldvrm.obj,879402,__aulldvrm,106b501e819fc91bbe63e9d1399d58966a0ad64e9db30078334ccdf21f01fdf8,0,function-auxiliary-record,R006
0x0064F407,50,libcmt.lib,6e2b3742e58245de52149137f64281b73db1487a07a31e165fff269fbf9b2ee8,..\build\intel\mt_obj\intrncvt.obj,2436458,__ZeroTail,dd5457b4ab5fd1e8a685e0475fc9b8a7feb67729fb2cfda8af5d4ddc2c60ac98,0,function-auxiliary-record,R006
0x0064F439,77,libcmt.lib,6e2b3742e58245de52149137f64281b73db1487a07a31e165fff269fbf9b2ee8,..\build\intel\mt_obj\intrncvt.obj,2436458,__IncMan,f80c52c9cff69673e08d876990334534e6d64b93c7701a220fd35d6ac8256beb,2,function-auxiliary-record,R007
0x0064F486,114,libcmt.lib,6e2b3742e58245de52149137f64281b73db1487a07a31e165fff269fbf9b2ee8,..\build\intel\mt_obj\intrncvt.obj,2436458,__RoundMan,789c2f88ed150580e00a1508a717c39978d4dba237159ef0b196a80d1b4be237,2,function-auxiliary-record,R007
0x0064F538,123,libcmt.lib,6e2b3742e58245de52149137f64281b73db1487a07a31e165fff269fbf9b2ee8,..\build\intel\mt_obj\intrncvt.obj,2436458,__ShrMan,bf887c4635d3952bebe9e15f1a5c4a1a93cd28080f38bf864c93d8daf24a7ff9,0,function-auxiliary-record,R006
0x0064F737,124,libcmt.lib,6e2b3742e58245de52149137f64281b73db1487a07a31e165fff269fbf9b2ee8,..\build\intel\mt_obj\intrncvt.obj,2436458,__ld12told,d53fb454d991c513f88822d8e6c26abb414b989a139d6a0486765d7d784af668,1,function-auxiliary-record,R007
0x0064F8E2,186,libcmt.lib,6e2b3742e58245de52149137f64281b73db1487a07a31e165fff269fbf9b2ee8,..\build\intel\mt_obj\cfout.obj,2416462,___dtold,6473f9dfd544aab6a4aab656bc5cdcfc6ba28dbc80e2fc7946b55f48853ea792,0,function-auxiliary-record,R006
0x0064FA3C,146,libcmt.lib,6e2b3742e58245de52149137f64281b73db1487a07a31e165fff269fbf9b2ee8,..\build\intel\mt_obj\ieee87.obj,2672250,__abstract_cw,413c69a62589cae71aa7dbee87c6037e0b62304cc1f1742060f60e56307263da,0,function-auxiliary-record,R006
0x0064FACE,142,libcmt.lib,6e2b3742e58245de52149137f64281b73db1487a07a31e165fff269fbf9b2ee8,..\build\intel\mt_obj\ieee87.obj,2672250,__hw_cw,d5cf3aabd4211da14dc75482d3a3353b8e90fe8dbd4f31c0085fe40e120178c5,0,function-auxiliary-record,R006
0x0064FBB6,50,libcmt.lib,6e2b3742e58245de52149137f64281b73db1487a07a31e165fff269fbf9b2ee8,..\build\intel\mt_obj\ieee87.obj,2672250,__control87,993992ad71975dd630815bd1c8071205b8a90e5fedc1c300476d7cc9040214a4,2,function-auxiliary-record,R007
0x0064FFB6,47,libcmt.lib,6e2b3742e58245de52149137f64281b73db1487a07a31e165fff269fbf9b2ee8,build\intel\mt_obj\mbctype.obj,1094010,_CPtoLCID,8a6891dce88e24d6f23d94d75ba045499a565609712a78fa5d879460b0150794,0,function-auxiliary-record,R006
0x006519A0,78,libcmt.lib,6e2b3742e58245de52149137f64281b73db1487a07a31e165fff269fbf9b2ee8,build\intel\mt_obj\_stricmp.obj,2197148,___ascii_stricmp,9208efe7b20ebf707490aa3334dabf576a42bfabcb93356dfd2505c20dd6d658,0,function-auxiliary-record,R006
0x00651BFD,62,libcmt.lib,6e2b3742e58245de52149137f64281b73db1487a07a31e165fff269fbf9b2ee8,build\intel\mt_obj\xtoa.obj,232636,_xtoa,52a6c797a99d7482df11725414edd3f3c16988e68a404fe402e681ee43030dd3,0,function-auxiliary-record,R006
0x00651C3B,42,libcmt.lib,6e2b3742e58245de52149137f64281b73db1487a07a31e165fff269fbf9b2ee8,build\intel\mt_obj\xtoa.obj,232636,__itoa,4b1a621ae10a52f44290663518213ccf899afe07661053edefdb46fd152e2900,1,function-auxiliary-record,R007
0x00651C65,39,libcmt.lib,6e2b3742e58245de52149137f64281b73db1487a07a31e165fff269fbf9b2ee8,build\intel\mt_obj\xtoa.obj,232636,__ltoa,6f870dee5ec8ec83d6ac2bd14e520c9e15969f3863afd25465f1c5266243ab66,1,function-auxiliary-record,R007
0x00651CA6,109,libcmt.lib,6e2b3742e58245de52149137f64281b73db1487a07a31e165fff269fbf9b2ee8,build\intel\mt_obj\xtoa.obj,232636,_x64toa@20,dca99372a98718869d8f7c375db007a1523bc1cba971d5226675143b6ed1e1b6,1,function-auxiliary-record,R007
0x00651D13,49,libcmt.lib,6e2b3742e58245de52149137f64281b73db1487a07a31e165fff269fbf9b2ee8,build\intel\mt_obj\xtoa.obj,232636,__i64toa,1f65ec1254522e901f997aeb8886bbfbcd4da597cdf78c8376f219337f8b80fe,1,function-auxiliary-record,R007
0x00652B19,33,libcmt.lib,6e2b3742e58245de52149137f64281b73db1487a07a31e165fff269fbf9b2ee8,..\build\intel\mt_obj\mantold.obj,2449524,___addl,9ad9cc8df8ebf35ebbe943dd8b812d655be7135aaacd923b81222838fc1c2ee2,0,function-auxiliary-record,R006
0x00652B3A,94,libcmt.lib,6e2b3742e58245de52149137f64281b73db1487a07a31e165fff269fbf9b2ee8,..\build\intel\mt_obj\mantold.obj,2449524,___add_12,bb4c143e0e4f3d28dae53f1591db902a3150c8ee8589b5d4253e37ee486d1cd3,4,function-auxiliary-record,R007
0x00652B98,46,libcmt.lib,6e2b3742e58245de52149137f64281b73db1487a07a31e165fff269fbf9b2ee8,..\build\intel\mt_obj\mantold.obj,2449524,___shl_12,055c5c3f3720cff24d44a0bd7ab41f42689d7d25b857c5d38790d785029b022b,0,function-auxiliary-record,R006
0x00652BC6,45,libcmt.lib,6e2b3742e58245de52149137f64281b73db1487a07a31e165fff269fbf9b2ee8,..\build\intel\mt_obj\mantold.obj,2449524,___shr_12,33227f4359910ea65e9a8785449bed97246dbc7d936f07e7fc281ff970c690fb,0,function-auxiliary-record,R006
0x00653DA0,97,libcmt.lib,6e2b3742e58245de52149137f64281b73db1487a07a31e165fff269fbf9b2ee8,build\intel\mt_obj\_strnicm.obj,2213628,___ascii_strnicmp,1a53d4666e9cbc4882902434b4fe44e2dc3aa32b0a1c74313e1be5a060a7205a,0,function-auxiliary-record,R006
