address,offset,type,symbol,target_address,literal_hex,data_section_id
0x006051DC,0x13,DIR32,?bConversion@?1??D3DXScoreFormat@@YAIPBU_D3DXFORMAT_INFO@@0@Z@4QAY04$$CBHA,0x0065D2D0,,sdk-data-b942f168b00b
0x006091BE,0x3b2,DIR32,__real@3f800000,0x0065747C,0000803f,
0x006091BE,0x3c5,DIR32,__real@4f800000,0x0065D334,0000804f,
0x006091BE,0x3d7,DIR32,__real@4f800000,0x0065D334,0000804f,
0x006091BE,0x40a,DIR32,__real@c0000000,0x00659244,000000c0,
0x0060A297,0x46,REL32,?Begin@CD3DXRenderToEnvMap@@QAEJXZ,0x0060A024,,
0x0060A307,0x56,REL32,?Begin@CD3DXRenderToEnvMap@@QAEJXZ,0x0060A024,,
0x0060A38B,0x9d,REL32,?Begin@CD3DXRenderToEnvMap@@QAEJXZ,0x0060A024,,
0x0060A460,0x9d,REL32,?Begin@CD3DXRenderToEnvMap@@QAEJXZ,0x0060A024,,
0x0060A6C3,0x1a,DIR32,__real@3f000000,0x00657478,0000003f,
0x0060A6C3,0x2b,DIR32,__real@3f800000,0x0065747C,0000803f,
0x0060A6C3,0x80,DIR32,__real@3f000000,0x00657478,0000003f,
0x0060C399,0x95,DIR32,??_C@_03GJPGFFDI@nop?$AA@,0x0065D668,,sdk-data-b8e00bb49367
0x0060C399,0xac,DIR32,??_C@_03CNBJFNFA@mov?$AA@,0x0065D664,,sdk-data-3a5db39f7386
0x0060C399,0xc4,DIR32,??_C@_03BDGOHNNK@add?$AA@,0x0065D660,,sdk-data-f633a9e6afc3
0x0060C399,0xdb,DIR32,??_C@_03KCMAIMAP@sub?$AA@,0x0065D65C,,sdk-data-45f418b02536
0x0060C399,0xef,DIR32,??_C@_03FPHDAAIJ@mad?$AA@,0x0065D658,,sdk-data-b873b7ccc2ac
0x0060C399,0x106,DIR32,??_C@_03IMIFIBCN@mul?$AA@,0x0065D654,,sdk-data-50b289e217e5
0x0060C399,0x11d,DIR32,??_C@_03MKGFENNH@dp3?$AA@,0x0065D650,,sdk-data-a048cfde8fd1
0x0060C399,0x134,DIR32,??_C@_03IFCENLBA@dp4?$AA@,0x0065D64C,,sdk-data-47c6bc6c56fe
0x0060C399,0x14b,DIR32,??_C@_03NJFDAMGG@frc?$AA@,0x0065D648,,sdk-data-a51113b7d082
0x0060C399,0x173,DIR32,??_C@_03NHABKNJA@lrp?$AA@,0x0065D644,,sdk-data-d359f5016887
0x0060C399,0x187,DIR32,??_C@_03LEPADAIH@cnd?$AA@,0x0065D640,,sdk-data-ca5066966031
0x0060C399,0x1e7,DIR32,??_C@_02ENMDKDPO@x8?$AA@,0x0065D63C,,sdk-data-a2281ff7359e
0x0060C399,0x206,DIR32,??_C@_03JIBIFJIL@cmp?$AA@,0x0065D638,,sdk-data-468cf9ed12b1
0x0060C399,0x235,DIR32,??_C@_08FDJGCBLL@texcoord?$AA@,0x0065D62C,,sdk-data-1ad2fb836d44
0x0060C399,0x24a,DIR32,??_C@_07KMHBLLCI@texkill?$AA@,0x0065D624,,sdk-data-937456035654
0x0060C399,0x260,DIR32,??_C@_03JDBMONBN@tex?$AA@,0x0065D620,,sdk-data-e78598f2ca1f
0x0060C399,0x279,DIR32,??_C@_06OEEPMCPH@texbem?$AA@,0x0065D618,,sdk-data-b71d825a4a44
0x0060C399,0x291,DIR32,??_C@_07OKHFAMNG@texbeml?$AA@,0x0065D610,,sdk-data-56b0079909d8
0x0060C399,0x2a9,DIR32,??_C@_09IMHEICFK@texreg2ar?$AA@,0x0065D604,,sdk-data-0c4408b0900b
0x0060C399,0x2c1,DIR32,??_C@_09MCDLOMLJ@texreg2gb?$AA@,0x0065D5F8,,sdk-data-1dee5c905259
0x0060C399,0x2d9,DIR32,??_C@_0L@GLHIAAFM@texm3x2pad?$AA@,0x0065D5EC,,sdk-data-f7ce6bbe9fe4
0x0060C399,0x2f1,DIR32,??_C@_0L@FGEGCIK@texm3x2tex?$AA@,0x0065D5E0,,sdk-data-91d2c208f1f8
0x0060C399,0x309,DIR32,??_C@_0L@FGBICJOM@texm3x3pad?$AA@,0x0065D5D4,,sdk-data-998c2a012301
0x0060C399,0x321,DIR32,??_C@_0L@DIAEELDK@texm3x3tex?$AA@,0x0065D5C8,,sdk-data-3647d0becb84
0x0060C399,0x339,DIR32,??_C@_0M@EJPNKOAD@texm3x3spec?$AA@,0x0065D5BC,,sdk-data-0cf6290e89ed
0x0060C399,0x351,DIR32,??_C@_0N@KDLHKEAM@texm3x3vspec?$AA@,0x0065D5AC,,sdk-data-84fed8c03d48
0x0060C399,0x369,DIR32,??_C@_0N@FKGOHOIG@texm3x2depth?$AA@,0x0065D59C,,sdk-data-92e6d0819348
0x0060C399,0x381,DIR32,??_C@_06PPPBIMGK@texdp3?$AA@,0x0065D594,,sdk-data-3ca134abb499
0x0060C399,0x399,DIR32,??_C@_0L@IELIFMKH@texreg2rgb?$AA@,0x0065D588,,sdk-data-0cd8e262d69b
0x0060C399,0x3b1,DIR32,??_C@_07KBINOLHJ@texm3x3?$AA@,0x0065D580,,sdk-data-bba9d47081a2
0x0060C399,0x3c9,DIR32,??_C@_09FFGLJGDK@texdp3tex?$AA@,0x0065D574,,sdk-data-06f6ce432322
0x0060C399,0x3e5,DIR32,??_C@_05CBPKLGJM@phase?$AA@,0x0065D56C,,sdk-data-55b9d3cdfd3e
0x0060C399,0x402,DIR32,??_C@_06JEFIKLCO@texcrd?$AA@,0x0065D564,,sdk-data-10283c8484da
0x0060C399,0x41a,DIR32,??_C@_07KMHBLLCI@texkill?$AA@,0x0065D624,,sdk-data-937456035654
0x0060C399,0x42f,DIR32,??_C@_08KEGBHNNF@texdepth?$AA@,0x0065D558,,sdk-data-0bd86ca739e6
0x0060C399,0x44d,DIR32,??_C@_05GBILPNCC@texld?$AA@,0x0065D550,,sdk-data-43a0541590eb
0x0060C399,0x463,DIR32,??_C@_03NBNLADEK@bem?$AA@,0x0065D54C,,sdk-data-f6a8f1fafd3c
0x0060C399,0x482,DIR32,??_C@_03HKCDEEHL@rcp?$AA@,0x0065D548,,sdk-data-99e4fc652572
0x0060C399,0x499,DIR32,??_C@_03HPBONGEK@rsq?$AA@,0x0065D544,,sdk-data-07b70ce37b8f
0x0060C399,0x4b0,DIR32,??_C@_03KLIPLJLL@min?$AA@,0x0065D540,,sdk-data-e2e2e84408dd
0x0060C399,0x4c7,DIR32,??_C@_03LJAEFNNE@max?$AA@,0x0065D53C,,sdk-data-d37520726256
0x0060C399,0x4de,DIR32,??_C@_03KNKPKBCH@slt?$AA@,0x0065D538,,sdk-data-138209adc5d6
0x0060C399,0x4f5,DIR32,??_C@_03PCCDGNNG@sge?$AA@,0x0065D534,,sdk-data-14b9518375a3
0x0060C399,0x50c,DIR32,??_C@_03KHJOGHMM@exp?$AA@,0x0065D530,,sdk-data-1c140b36f04f
0x0060C399,0x523,DIR32,??_C@_03MGHMBJCF@log?$AA@,0x0065D52C,,sdk-data-dddb258857a3
0x0060C399,0x53a,DIR32,??_C@_03KDBOCEAF@lit?$AA@,0x0065D528,,sdk-data-889b25dd007d
0x0060C399,0x551,DIR32,??_C@_03HHBLCKEM@dst?$AA@,0x0065D524,,sdk-data-0b4ed3f17fbe
0x0060C399,0x568,DIR32,??_C@_04MGPOBOPH@m4x4?$AA@,0x0065D51C,,sdk-data-4a0055082836
0x0060C399,0x57c,DIR32,??_C@_04IJLPIIDA@m4x3?$AA@,0x0065D514,,sdk-data-4a1fb5fa800f
0x0060C399,0x590,DIR32,??_C@_04FLCJCGEO@m3x4?$AA@,0x0065D50C,,sdk-data-b6a5908863ac
0x0060C399,0x5a4,DIR32,??_C@_04BEGILAIJ@m3x3?$AA@,0x0065D504,,sdk-data-78750250a6b2
0x0060C399,0x5b8,DIR32,??_C@_04NHDIBMI@m3x2?$AA@,0x0065D4FC,,sdk-data-10c53fd3e194
0x0060C399,0x5d5,DIR32,??_C@_04LNEKGJAK@expp?$AA@,0x0065D4F4,,sdk-data-fb830426fde2
0x0060C399,0x5f4,DIR32,??_C@_04GEPNNBKI@logp?$AA@,0x0065D4EC,,sdk-data-d0f86d8e4171
0x0060C399,0x612,DIR32,??_C@_02OBHGOMPC@x4?$AA@,0x0065D4E8,,sdk-data-31d0a98212b4
0x0060C399,0x62c,DIR32,??_C@_02LHCMELHE@x2?$AA@,0x0065D4E4,,sdk-data-b506191f7fe7
0x0060C399,0x646,DIR32,??_C@_02KCBABBGA@d2?$AA@,0x0065D4E0,,sdk-data-180bb1f443d1
0x0060C399,0x660,DIR32,??_C@_02PEEKLGOG@d4?$AA@,0x0065D4DC,,sdk-data-867e08997bfd
0x0060C399,0x67a,DIR32,??_C@_02FIPPPJOK@d8?$AA@,0x0065D4D8,,sdk-data-3c98457787c7
0x0060C399,0x6ea,DIR32,??_C@_03KFHHDCHE@sat?$AA@,0x0065D4D4,,sdk-data-739918232e1e
0x00611D5A,0x1f,REL32,?c_BoxFilter2D_A8R8G8B8@@YAJPAI0IIII@Z,0x00611AFB,,
0x00612B96,0x71,REL32,?BltSame_DXTn@CD3DXBlt@@IAEJXZ,0x00611967,,
0x00615373,0x7c,DIR32,__real@3f800000,0x0065747C,0000803f,
0x00615373,0xa4,DIR32,__real@40000000,0x00657480,00000040,
0x00615373,0xaa,DIR32,__real@3f800000,0x0065747C,0000803f,
0x00615373,0x167,DIR32,__real@3f800000,0x0065747C,0000803f,
0x00615373,0x16d,DIR32,__real@3f000000,0x00657478,0000003f,
0x00615373,0x195,DIR32,__real@40000000,0x00657480,00000040,
0x00615373,0x19b,DIR32,__real@3f800000,0x0065747C,0000803f,
0x00615373,0x21a,DIR32,__real@3f800000,0x0065747C,0000803f,
0x00615373,0x220,DIR32,__real@3f000000,0x00657478,0000003f,
0x00615373,0x28b,DIR32,__real@3f800000,0x0065747C,0000803f,
0x00615373,0x291,DIR32,__real@3f000000,0x00657478,0000003f,
0x0061566A,0x5,DIR32,__real@3b808081,0x0065DA64,8180803b,
0x00616E4F,0x13,REL32,?Convert@CD3DXCodec@@IAEPAUD3DXCOLOR@@PAU2@@Z,0x00615373,,
0x00617DB6,0x2e,DIR32,__real@3b808081,0x0065DA64,8180803b,
0x00617DB6,0x84,REL32,?ColorKey@CD3DXCodec@@IAEXPAUD3DXCOLOR@@@Z,0x00615FB7,,
0x00617E42,0x2f,DIR32,__real@3b808081,0x0065DA64,8180803b,
0x00617E42,0x65,DIR32,__real@4f800000,0x0065D334,0000804f,
0x00617E42,0x9e,REL32,?ColorKey@CD3DXCodec@@IAEXPAUD3DXCOLOR@@@Z,0x00615FB7,,
0x00617EE8,0x2f,DIR32,__real@3b808081,0x0065DA64,8180803b,
0x00617EE8,0x65,DIR32,__real@4f800000,0x0065D334,0000804f,
0x00617EE8,0x94,REL32,?ColorKey@CD3DXCodec@@IAEXPAUD3DXCOLOR@@@Z,0x00615FB7,,
0x00617F84,0x32,DIR32,__real@3d042108,0x0065DA94,0821043d,
0x00617F84,0x62,DIR32,__real@3c820821,0x0065DA90,2108823c,
0x00617F84,0x9b,REL32,?ColorKey@CD3DXCodec@@IAEXPAUD3DXCOLOR@@@Z,0x00615FB7,,
0x00618029,0x32,DIR32,__real@3d042108,0x0065DA94,0821043d,
0x00618029,0x98,REL32,?ColorKey@CD3DXCodec@@IAEXPAUD3DXCOLOR@@@Z,0x00615FB7,,
0x006180CB,0x32,DIR32,__real@3d042108,0x0065DA94,0821043d,
0x006180CB,0xa6,REL32,?ColorKey@CD3DXCodec@@IAEXPAUD3DXCOLOR@@@Z,0x00615FB7,,
0x0061817B,0x32,DIR32,__real@3d888889,0x0065DA98,8988883d,
0x0061817B,0xa5,REL32,?ColorKey@CD3DXCodec@@IAEXPAUD3DXCOLOR@@@Z,0x00615FB7,,
0x0061822A,0x33,DIR32,__real@3a802008,0x0065DAA0,0820803a,
0x0061822A,0x4e,DIR32,__real@4f800000,0x0065D334,0000804f,
0x0061822A,0x69,DIR32,__real@4f800000,0x0065D334,0000804f,
0x0061822A,0x85,DIR32,__real@4f800000,0x0065D334,0000804f,
0x0061822A,0x9f,DIR32,__real@4f800000,0x0065D334,0000804f,
0x0061822A,0xa5,DIR32,__real@3eaaaaab,0x0065DA9C,abaaaa3e,
0x0061822A,0xce,REL32,?ColorKey@CD3DXCodec@@IAEXPAUD3DXCOLOR@@@Z,0x00615FB7,,
0x00618300,0x2f,DIR32,__real@37800080,0x0065DAA4,80008037,
0x00618300,0x48,DIR32,__real@4f800000,0x0065D334,0000804f,
0x00618300,0x8a,REL32,?ColorKey@CD3DXCodec@@IAEXPAUD3DXCOLOR@@@Z,0x00615FB7,,
0x00618392,0x31,DIR32,__real@3e124925,0x0065DAA8,2549123e,
0x00618392,0x73,DIR32,__real@3eaaaaab,0x0065DA9C,abaaaa3e,
0x00618392,0x98,REL32,?ColorKey@CD3DXCodec@@IAEXPAUD3DXCOLOR@@@Z,0x00615FB7,,
0x00618434,0x4c,DIR32,__real@3b808081,0x0065DA64,8180803b,
0x00618434,0x6a,REL32,?ColorKey@CD3DXCodec@@IAEXPAUD3DXCOLOR@@@Z,0x00615FB7,,
0x006184A6,0x32,DIR32,__real@3e124925,0x0065DAA8,2549123e,
0x006184A6,0x75,DIR32,__real@3eaaaaab,0x0065DA9C,abaaaa3e,
0x006184A6,0x88,DIR32,__real@3b808081,0x0065DA64,8180803b,
0x006184A6,0xa8,REL32,?ColorKey@CD3DXCodec@@IAEXPAUD3DXCOLOR@@@Z,0x00615FB7,,
0x00618558,0x32,DIR32,__real@3d888889,0x0065DA98,8988883d,
0x00618558,0x95,REL32,?ColorKey@CD3DXCodec@@IAEXPAUD3DXCOLOR@@@Z,0x00615FB7,,
0x006185F7,0x60,DIR32,__real@3b808081,0x0065DA64,8180803b,
0x006185F7,0x7f,REL32,?ColorKey@CD3DXCodec@@IAEXPAUD3DXCOLOR@@@Z,0x00615FB7,,
0x006186E2,0x39,DIR32,__real@3b808081,0x0065DA64,8180803b,
0x006186E2,0x66,REL32,?ColorKey@CD3DXCodec@@IAEXPAUD3DXCOLOR@@@Z,0x00615FB7,,
0x00618750,0x32,DIR32,__real@3b808081,0x0065DA64,8180803b,
0x00618750,0x7f,REL32,?ColorKey@CD3DXCodec@@IAEXPAUD3DXCOLOR@@@Z,0x00615FB7,,
0x006187D9,0x31,DIR32,__real@3d888889,0x0065DA98,8988883d,
0x006187D9,0x7f,REL32,?ColorKey@CD3DXCodec@@IAEXPAUD3DXCOLOR@@@Z,0x00615FB7,,
0x00618862,0x2f,DIR32,__real@3c000000,0x0065DAAC,0000003c,
0x00618862,0x7a,REL32,?ColorKey@CD3DXCodec@@IAEXPAUD3DXCOLOR@@@Z,0x00615FB7,,
0x006188E4,0x32,DIR32,__real@3d800000,0x0065D3F8,0000803d,
0x006188E4,0x86,DIR32,__real@3c820821,0x0065DA90,2108823c,
0x006188E4,0xa7,REL32,?ColorKey@CD3DXCodec@@IAEXPAUD3DXCOLOR@@@Z,0x00615FB7,,
0x00618995,0x2f,DIR32,__real@3c000000,0x0065DAAC,0000003c,
0x00618995,0x69,DIR32,__real@3b808081,0x0065DA64,8180803b,
0x00618995,0x89,REL32,?ColorKey@CD3DXCodec@@IAEXPAUD3DXCOLOR@@@Z,0x00615FB7,,
0x00618A26,0x2f,DIR32,__real@3c000000,0x0065DAAC,0000003c,
0x00618A26,0x8f,REL32,?ColorKey@CD3DXCodec@@IAEXPAUD3DXCOLOR@@@Z,0x00615FB7,,
0x00618ABD,0x2f,DIR32,__real@38000000,0x0065DAB0,00000038,
0x00618ABD,0x7b,REL32,?ColorKey@CD3DXCodec@@IAEXPAUD3DXCOLOR@@@Z,0x00615FB7,,
0x00618B40,0x2f,DIR32,__real@3a800000,0x0065DAB8,0000803a,
0x00618B40,0x72,DIR32,__real@3b000000,0x0065DAB4,0000003b,
0x00618B40,0xb2,REL32,?ColorKey@CD3DXCodec@@IAEXPAUD3DXCOLOR@@@Z,0x00615FB7,,
0x00618BFA,0x33,DIR32,__real@3b000000,0x0065DAB4,0000003b,
0x00618BFA,0x9c,DIR32,__real@4f800000,0x0065D334,0000804f,
0x00618BFA,0xa2,DIR32,__real@3eaaaaab,0x0065DA9C,abaaaa3e,
0x00618BFA,0xcb,REL32,?ColorKey@CD3DXCodec@@IAEXPAUD3DXCOLOR@@@Z,0x00615FB7,,
0x00618CCD,0x3b,DIR32,__real@37800080,0x0065DAA4,80008037,
0x00618CCD,0x68,REL32,?ColorKey@CD3DXCodec@@IAEXPAUD3DXCOLOR@@@Z,0x00615FB7,,
0x00618D3D,0x3b,DIR32,__real@37800080,0x0065DAA4,80008037,
0x00618D3D,0x68,REL32,?ColorKey@CD3DXCodec@@IAEXPAUD3DXCOLOR@@@Z,0x00615FB7,,
0x00618DAD,0x2f,DIR32,__real@37800080,0x0065DAA4,80008037,
0x00618DAD,0x48,DIR32,__real@4f800000,0x0065D334,0000804f,
0x00618DAD,0x86,REL32,?ColorKey@CD3DXCodec@@IAEXPAUD3DXCOLOR@@@Z,0x00615FB7,,
0x00618E3B,0x2e,DIR32,__real@37800080,0x0065DAA4,80008037,
0x00618E3B,0x84,REL32,?ColorKey@CD3DXCodec@@IAEXPAUD3DXCOLOR@@@Z,0x00615FB7,,
0x00619172,0x70,DIR32,__real@4282f646,0x0065DB24,46f68242,
0x00619172,0x79,DIR32,__real@41c7ba5e,0x0065DB20,5ebac741,
0x00619172,0x84,DIR32,__real@43008d91,0x0065DB1C,918d0043,
0x00619172,0x92,DIR32,__real@42e00000,0x00659A1C,0000e042,
0x00619172,0x9b,DIR32,__real@429467f0,0x0065DB18,f0679442,
0x00619172,0xa5,DIR32,__real@42173021,0x0065DB14,21301742,
0x00619172,0xb2,DIR32,__real@42e00000,0x00659A1C,0000e042,
0x00619172,0xbb,DIR32,__real@42bb926f,0x0065DB10,6f92bb42,
0x00619172,0xc4,DIR32,__real@4191b646,0x0065DB0C,46b69141,
0x00619172,0xd3,DIR32,__real@4282f646,0x0065DB24,46f68242,
0x00619172,0xdc,DIR32,__real@43008d91,0x0065DB1C,918d0043,
0x00619172,0xe7,DIR32,__real@41c7ba5e,0x0065DB20,5ebac741,
0x00619172,0xef,DIR32,__real@3f000000,0x00657478,0000003f,
0x00619172,0x104,DIR32,__real@3f000000,0x00657478,0000003f,
0x00619172,0x11c,DIR32,__real@3f000000,0x00657478,0000003f,
0x00619172,0x134,DIR32,__real@3f000000,0x00657478,0000003f,
0x006193F9,0x4b,REL32,?Commit@CD3DXCodecYUV@@QAEJXZ,0x00619172,,
0x006193F9,0xb9,DIR32,__real@00000000,0x0065782C,00000000,
0x006193F9,0xc4,DIR32,__real@3f800000,0x0065747C,0000803f,
0x006193F9,0xca,DIR32,__real@41800000,0x00657CC0,00008041,
0x006193F9,0x110,DIR32,__real@43000000,0x00658398,00000043,
0x006193F9,0x13e,DIR32,__real@43000000,0x00658398,00000043,
0x006193F9,0x147,DIR32,__real@3bcd17b6,0x0065DB58,b617cd3b,
0x006193F9,0x150,DIR32,__real@3b95a025,0x0065DB54,25a0953b,
0x006193F9,0x160,DIR32,__real@3ac95e58,0x0065DB50,585ec93a,
0x006193F9,0x16c,DIR32,__real@3b50ef9c,0x0065DB4C,9cef503b,
0x006193F9,0x188,DIR32,__real@3c019bec,0x0065DB48,ec9b013c,
0x006193F9,0x20b,DIR32,__real@3b95a025,0x0065DB54,25a0953b,
0x006197FB,0x14,REL32,?Convert@CD3DXCodec@@IAEPAUD3DXCOLOR@@PAU2@@Z,0x00615373,,
0x006197FB,0x44,REL32,?Fetch@CD3DXCodecYUV@@QAEJIIH@Z,0x006193F9,,
0x00619CB0,0x1c,DIR32,__real@437f0000,0x00657CF0,00007f43,
0x00619CB0,0x24,DIR32,__real@41700000,0x00657CBC,00007041,
0x00619CB0,0x47,DIR32,__real@41f80000,0x006583A8,0000f841,
0x00619CB0,0x4d,DIR32,__real@3f000000,0x00657478,0000003f,
0x00619CB0,0x68,DIR32,__real@3d042108,0x0065DA94,0821043d,
0x00619CB0,0x77,DIR32,__real@427c0000,0x0065DA78,00007c42,
0x00619CB0,0x7d,DIR32,__real@3f000000,0x00657478,0000003f,
0x00619CB0,0x98,DIR32,__real@3c820821,0x0065DA90,2108823c,
0x00619CB0,0xa7,DIR32,__real@41f80000,0x006583A8,0000f841,
0x00619CB0,0xad,DIR32,__real@3f000000,0x00657478,0000003f,
0x00619CB0,0xc8,DIR32,__real@3d042108,0x0065DA94,0821043d,
0x00619CB0,0xdd,DIR32,__real@3f000000,0x00657478,0000003f,
0x0061AC86,0xa,DIR32,__real@b4000000,0x0065DD50,000000b4,
0x0061AC86,0x19,DIR32,__real@34000000,0x0065DD4C,00000034,
0x0061CDC9,0xe,DIR32,__real@3f000000,0x00657478,0000003f,
0x0061CE5D,0xe,DIR32,__real@3f000000,0x00657478,0000003f,
0x0061CEF1,0x15,DIR32,__real@3f800000,0x0065747C,0000803f,
0x0061CEF1,0x21,DIR32,__real@3f800000,0x0065747C,0000803f,
0x0061CEF1,0x27,DIR32,__real@40000000,0x00657480,00000040,
0x0061CF8E,0xe,DIR32,__real@3f800000,0x0065747C,0000803f,
0x0061CF8E,0x1a,DIR32,__real@3f800000,0x0065747C,0000803f,
0x0061CF8E,0x20,DIR32,__real@40000000,0x00657480,00000040,
0x0061D082,0x5,DIR32,__real@40000000,0x00657480,00000040,
0x0061D082,0x27,DIR32,__real@40000000,0x00657480,00000040,
0x0061D082,0x4d,DIR32,__real@3f800000,0x0065747C,0000803f,
0x0061D13E,0x5,DIR32,__real@40000000,0x00657480,00000040,
0x0061D13E,0x27,DIR32,__real@40000000,0x00657480,00000040,
0x0061D13E,0x4d,DIR32,__real@3f800000,0x0065747C,0000803f,
0x0061D1EF,0x6,DIR32,__real@3f800000,0x0065747C,0000803f,
0x0061D1EF,0x22,DIR32,__real@40000000,0x00657480,00000040,
0x0061D291,0x6,DIR32,__real@3f800000,0x0065747C,0000803f,
0x0061D291,0x22,DIR32,__real@40000000,0x00657480,00000040,
0x0061DFE5,0xd,DIR32,__real@3e59999a,0x0065D338,9a99593e,
0x0061DFE5,0x16,DIR32,__real@3d93a92a,0x0065D340,2aa9933d,
0x0061DFE5,0x21,DIR32,__real@3f372474,0x0065D33C,7424373f,
0x0061E03D,0x8,DIR32,__real@3f000000,0x00657478,0000003f,
0x0061E086,0xb,DIR32,__real@00800000,0x0065DD54,00008000,
0x0061E086,0x18,DIR32,__real@3f800000,0x0065747C,0000803f,
0x0061E086,0x2f,DIR32,__real@3f800000,0x0065747C,0000803f,
0x0061E086,0x3e,DIR32,__real@40000000,0x00657480,00000040,
0x0061E086,0xa2,DIR32,__real@3f000000,0x00657478,0000003f,
0x0061E086,0xaa,DIR32,__real@3f800000,0x0065747C,0000803f,
0x0061E086,0xbb,DIR32,__real@00000000,0x0065782C,00000000,
0x0061E154,0x2d,REL32,?WithinEpsilon@@YAHMM@Z,0x0061AC86,,
0x0061E154,0x50,DIR32,__real@00800000,0x0065DD54,00008000,
0x0061E154,0x65,DIR32,__real@3f800000,0x0065747C,0000803f,
0x0061E24C,0x5d,REL32,?WithinEpsilon@@YAHMM@Z,0x0061AC86,,
0x0061E308,0x3b,REL32,?WithinEpsilon@@YAHMM@Z,0x0061AC86,,
0x0061E308,0x59,DIR32,__real@00800000,0x0065DD54,00008000,
0x0061E308,0x6e,DIR32,__real@3f800000,0x0065747C,0000803f,
0x0061E3A8,0x94,REL32,?WithinEpsilon@@YAHMM@Z,0x0061AC86,,
0x0061E79A,0x46,REL32,?WithinEpsilon@@YAHMM@Z,0x0061AC86,,
0x0061E79A,0x65,DIR32,__real@00800000,0x0065DD54,00008000,
0x0061E79A,0x7a,DIR32,__real@3f800000,0x0065747C,0000803f,
0x00620479,0x8a,REL32,?default_decompress_parms@D3DX@@YAXPAUjpeg_decompress_struct@1@@Z,0x00620306,,
0x00620583,0x99,REL32,?jpeg_abort@D3DX@@YAXPAUjpeg_common_struct@1@@Z,0x00628225,,
0x0062062A,0x2f,REL32,?jpeg_consume_input@D3DX@@YAHPAUjpeg_decompress_struct@1@@Z,0x00620479,,
0x0062062A,0x54,REL32,?jpeg_abort@D3DX@@YAXPAUjpeg_common_struct@1@@Z,0x00628225,,
0x006218BF,0x24e,REL32,?jpeg_alloc_huff_table@D3DX@@YAPAUJHUFF_TBL@1@PAUjpeg_common_struct@1@@Z,0x0062827E,,
0x0062224A,0x10,REL32,?next_marker@D3DX@@YAEPAUjpeg_decompress_struct@1@@Z,0x00621EEF,,
0x006225BB,0x3b,DIR32,_png_digit,0x0065F230,,sdk-data-c842f3ee5fb6
0x006225BB,0x48,DIR32,_png_digit,0x0065F230,,sdk-data-c842f3ee5fb6
0x00623C0C,0xe,DIR32,__real@3ff0000000000000,0x00657D00,000000000000f03f,
0x00623C0C,0x16,DIR32,__real@3fa999999999999a,0x00658A20,9a9999999999a93f,
0x00625466,0x33,DIR32,_png_sig,0x0065F5E4,,sdk-data-b2032a7f6644
0x00625536,0x34,REL32,?crc32@D3DX@@YAKKPBEI@Z,0x0062AD34,,
0x006255EC,0x6,DIR32,__real@3d042108,0x0065DA94,0821043d,
0x006255EC,0x34,DIR32,__real@3c820821,0x0065DA90,2108823c,
0x006268DC,0x17,REL32,?Decode565@@YAXPAUD3DXCOLOR@@G@Z,0x006255EC,,
0x006268DC,0x27,REL32,?Decode565@@YAXPAUD3DXCOLOR@@G@Z,0x006255EC,,
0x006268DC,0x32,DIR32,__real@3f000000,0x00657478,0000003f,
0x006268DC,0x9b,DIR32,__real@3eaaaaab,0x0065DA9C,abaaaa3e,
0x006268DC,0xe0,DIR32,__real@3f2aaaab,0x0065F7C8,abaa2a3f,
0x00626A1A,0x11,REL32,?D3DXDecodeDXT1@@YAJPAUD3DXCOLOR@@PBE@Z,0x006268DC,,
0x00626A1A,0x1f,DIR32,__real@3d888889,0x0065DA98,8988883d,
0x00626A1A,0x3b,DIR32,__real@4f800000,0x0065D334,0000804f,
0x00626A1A,0x6a,DIR32,__real@4f800000,0x0065D334,0000804f,
0x00626A9D,0x14,REL32,?D3DXDecodeDXT1@@YAJPAUD3DXCOLOR@@PBE@Z,0x006268DC,,
0x00626A9D,0x26,DIR32,__real@3b808081,0x0065DA64,8180803b,
0x00626A9D,0x63,DIR32,__real@4f800000,0x0065D334,0000804f,
0x00626A9D,0x76,DIR32,__real@4f800000,0x0065D334,0000804f,
0x00626A9D,0x85,DIR32,__real@3e124925,0x0065DAA8,2549123e,
0x00626A9D,0xa5,DIR32,__real@4f800000,0x0065D334,0000804f,
0x00626A9D,0xb8,DIR32,__real@4f800000,0x0065D334,0000804f,
0x00626A9D,0xc7,DIR32,__real@3e4ccccd,0x00658348,cdcc4c3e,
0x006272E3,0x115,REL32,?jdiv_round_up@D3DX@@YAJJJ@Z,0x00627205,,
0x006272E3,0x12e,REL32,?jdiv_round_up@D3DX@@YAJJJ@Z,0x00627205,,
0x006272E3,0x144,REL32,?jdiv_round_up@D3DX@@YAJJJ@Z,0x00627205,,
0x006272E3,0x15a,REL32,?jdiv_round_up@D3DX@@YAJJJ@Z,0x00627205,,
0x006272E3,0x183,REL32,?jdiv_round_up@D3DX@@YAJJJ@Z,0x00627205,,
0x0062749E,0x9d,REL32,?jdiv_round_up@D3DX@@YAJJJ@Z,0x00627205,,
0x0062749E,0xb5,REL32,?jdiv_round_up@D3DX@@YAJJJ@Z,0x00627205,,
0x006276A6,0x8,REL32,?per_scan_setup@D3DX@@YAXPAUjpeg_decompress_struct@1@@Z,0x0062749E,,
0x006276A6,0xf,REL32,?latch_quant_tables@D3DX@@YAXPAUjpeg_decompress_struct@1@@Z,0x00627614,,
0x00627E1F,0x68,REL32,?do_sarray_io@D3DX@@YAXPAUjpeg_common_struct@1@PAUjvirt_sarray_control@1@E@Z,0x00627D0C,,
0x00627E1F,0x8a,REL32,?do_sarray_io@D3DX@@YAXPAUjpeg_common_struct@1@PAUjvirt_sarray_control@1@E@Z,0x00627D0C,,
0x00627E1F,0xdf,REL32,?jzero_far@D3DX@@YAXPAXI@Z,0x00627296,,
0x00627F3D,0x6a,REL32,?do_barray_io@D3DX@@YAXPAUjpeg_common_struct@1@PAUjvirt_barray_control@1@E@Z,0x00627D94,,
0x00627F3D,0x90,REL32,?do_barray_io@D3DX@@YAXPAUjpeg_common_struct@1@PAUjvirt_barray_control@1@E@Z,0x00627D94,,
0x00627F3D,0xe3,REL32,?jzero_far@D3DX@@YAXPAXI@Z,0x00627296,,
0x0062830B,0x41,REL32,?jdiv_round_up@D3DX@@YAJJJ@Z,0x00627205,,
0x0062830B,0x4d,REL32,?jdiv_round_up@D3DX@@YAJJJ@Z,0x00627205,,
0x0062830B,0x6f,REL32,?jdiv_round_up@D3DX@@YAJJJ@Z,0x00627205,,
0x0062830B,0x7c,REL32,?jdiv_round_up@D3DX@@YAJJJ@Z,0x00627205,,
0x0062830B,0x9b,REL32,?jdiv_round_up@D3DX@@YAJJJ@Z,0x00627205,,
0x0062830B,0xa8,REL32,?jdiv_round_up@D3DX@@YAJJJ@Z,0x00627205,,
0x0062830B,0x160,REL32,?jdiv_round_up@D3DX@@YAJJJ@Z,0x00627205,,
0x0062830B,0x17d,REL32,?jdiv_round_up@D3DX@@YAJJJ@Z,0x00627205,,
0x0062830B,0x1d2,REL32,?use_merged_upsample@D3DX@@YAEPAUjpeg_decompress_struct@1@@Z,0x0062829A,,
0x00628B20,0xa,DIR32,??_C@_0N@GFHLKNJN@UnknownVendr?$AA@,0x0065FBB0,,sdk-data-202be5ef7fa0
0x00628B20,0x16,DIR32,??_C@_0N@FFJGBINN@AuthenticAMD?$AA@,0x0065FBA0,,sdk-data-487ed30b8f6e
0x006292F8,0x30,REL32,?inflate_blocks_reset@D3DX@@YAXPAUinflate_blocks_state@1@PAUz_stream_s@1@PAK@Z,0x0063A80B,,
0x00629337,0x20,REL32,?inflate_blocks_free@D3DX@@YAHPAUinflate_blocks_state@1@PAUz_stream_s@1@@Z,0x0063B09E,,
0x006297D8,0x25,REL32,?adler32@D3DX@@YAKKPBEI@Z,0x0063B110,,
0x006297D8,0x5e,REL32,?inflate_set_dictionary@D3DX@@YAXPAUinflate_blocks_state@1@PBEI@Z,0x0063B0D2,,
0x00629D39,0x25,DIR32,_png_pass_inc,0x0065FC60,,sdk-data-c5e1e15024a5
0x0062AD34,0x3f,DIR32,_crc_table,0x00660140,,sdk-data-6ee16c14937b
0x0062AD34,0x51,DIR32,_crc_table,0x00660140,,sdk-data-6ee16c14937b
0x0062AD34,0x66,DIR32,_crc_table,0x00660140,,sdk-data-6ee16c14937b
0x0062AD34,0x7b,DIR32,_crc_table,0x00660140,,sdk-data-6ee16c14937b
0x0062AD34,0x90,DIR32,_crc_table,0x00660140,,sdk-data-6ee16c14937b
0x0062AD34,0xa5,DIR32,_crc_table,0x00660140,,sdk-data-6ee16c14937b
0x0062AD34,0xba,DIR32,_crc_table,0x00660140,,sdk-data-6ee16c14937b
0x0062AD34,0xcf,DIR32,_crc_table,0x00660140,,sdk-data-6ee16c14937b
0x0062AD34,0xf3,DIR32,_crc_table,0x00660140,,sdk-data-6ee16c14937b
0x0062B231,0xa2,REL32,?set_bottom_pointers@D3DX@@YAXPAUjpeg_decompress_struct@1@@Z,0x0062B133,,
0x0062B231,0xdf,REL32,?set_wraparound_pointers@D3DX@@YAXPAUjpeg_decompress_struct@1@@Z,0x0062B05F,,
0x0062B4E6,0x4d,REL32,?jzero_far@D3DX@@YAXPAXI@Z,0x00627296,,
0x0062B4E6,0x1af,REL32,?start_iMCU_row@D3DX@@YAXPAUjpeg_decompress_struct@1@@Z,0x0062B497,,
0x0062B6C3,0x177,REL32,?start_iMCU_row@D3DX@@YAXPAUjpeg_decompress_struct@1@@Z,0x0062B497,,
0x0062C38F,0x1d,REL32,?jpeg_fill_bit_buffer@D3DX@@YAEPAUbitread_working_state@1@JHH@Z,0x0062C2A5,,
0x0062C38F,0x72,REL32,?jpeg_fill_bit_buffer@D3DX@@YAEPAUbitread_working_state@1@JHH@Z,0x0062C2A5,,
0x0062C4D7,0x21,REL32,?process_restart@D3DX@@YAEPAUjpeg_decompress_struct@1@@Z,0x0062C479,,
0x0062C4D7,0xbd,REL32,?jpeg_fill_bit_buffer@D3DX@@YAEPAUbitread_working_state@1@JHH@Z,0x0062C2A5,,
0x0062C4D7,0x114,REL32,?jpeg_huff_decode@D3DX@@YAHPAUbitread_working_state@1@JHPAUd_derived_tbl@1@H@Z,0x0062C38F,,
0x0062C4D7,0x13b,REL32,?jpeg_fill_bit_buffer@D3DX@@YAEPAUbitread_working_state@1@JHH@Z,0x0062C2A5,,
0x0062C4D7,0x171,DIR32,_extend_test,0x00660540,,sdk-data-d1e142ec3187
0x0062C4D7,0x17c,DIR32,_extend_offset,0x00660580,,sdk-data-d1e142ec3187
0x0062C4D7,0x1be,REL32,?jpeg_fill_bit_buffer@D3DX@@YAEPAUbitread_working_state@1@JHH@Z,0x0062C2A5,,
0x0062C4D7,0x213,REL32,?jpeg_huff_decode@D3DX@@YAHPAUbitread_working_state@1@JHPAUd_derived_tbl@1@H@Z,0x0062C38F,,
0x0062C4D7,0x246,REL32,?jpeg_fill_bit_buffer@D3DX@@YAEPAUbitread_working_state@1@JHH@Z,0x0062C2A5,,
0x0062C4D7,0x275,DIR32,_extend_test,0x00660540,,sdk-data-d1e142ec3187
0x0062C4D7,0x27d,DIR32,_extend_offset,0x00660580,,sdk-data-d1e142ec3187
0x0062C4D7,0x28d,DIR32,?jpeg_natural_order@D3DX@@3QBHB,0x0065F930,,sdk-data-58e8560b4997
0x0062C4D7,0x2cd,REL32,?jpeg_fill_bit_buffer@D3DX@@YAEPAUbitread_working_state@1@JHH@Z,0x0062C2A5,,
0x0062C4D7,0x322,REL32,?jpeg_huff_decode@D3DX@@YAHPAUbitread_working_state@1@JHPAUd_derived_tbl@1@H@Z,0x0062C38F,,
0x0062C4D7,0x352,REL32,?jpeg_fill_bit_buffer@D3DX@@YAEPAUbitread_working_state@1@JHH@Z,0x0062C2A5,,
0x0062C8A4,0xd3,REL32,?jpeg_make_d_derived_tbl@D3DX@@YAXPAUjpeg_decompress_struct@1@PAUJHUFF_TBL@1@PAPAUd_derived_tbl@1@@Z,0x0062C0FB,,
0x0062C8A4,0xe8,REL32,?jpeg_make_d_derived_tbl@D3DX@@YAXPAUjpeg_decompress_struct@1@PAUJHUFF_TBL@1@PAPAUd_derived_tbl@1@@Z,0x0062C0FB,,
0x0062CA68,0x2f,REL32,?process_restart@D3DX@@YAEPAUjpeg_decompress_struct@1@@Z,0x0062CA0D,,
0x0062CA68,0xbf,REL32,?jpeg_fill_bit_buffer@D3DX@@YAEPAUbitread_working_state@1@JHH@Z,0x0062C2A5,,
0x0062CA68,0x117,REL32,?jpeg_huff_decode@D3DX@@YAHPAUbitread_working_state@1@JHPAUd_derived_tbl@1@H@Z,0x0062C38F,,
0x0062CA68,0x146,REL32,?jpeg_fill_bit_buffer@D3DX@@YAEPAUbitread_working_state@1@JHH@Z,0x0062C2A5,,
0x0062CA68,0x183,DIR32,_extend_test,0x00660628,,sdk-data-84459cedee57
0x0062CA68,0x18b,DIR32,_extend_offset,0x00660668,,sdk-data-84459cedee57
0x0062CC65,0x33,REL32,?process_restart@D3DX@@YAEPAUjpeg_decompress_struct@1@@Z,0x0062CA0D,,
0x0062CC65,0xa3,REL32,?jpeg_fill_bit_buffer@D3DX@@YAEPAUbitread_working_state@1@JHH@Z,0x0062C2A5,,
0x0062CC65,0x100,REL32,?jpeg_huff_decode@D3DX@@YAHPAUbitread_working_state@1@JHPAUd_derived_tbl@1@H@Z,0x0062C38F,,
0x0062CC65,0x13c,REL32,?jpeg_fill_bit_buffer@D3DX@@YAEPAUbitread_working_state@1@JHH@Z,0x0062C2A5,,
0x0062CC65,0x169,DIR32,_extend_test,0x00660628,,sdk-data-84459cedee57
0x0062CC65,0x171,DIR32,_extend_offset,0x00660668,,sdk-data-84459cedee57
0x0062CC65,0x189,DIR32,?jpeg_natural_order@D3DX@@3QBHB,0x0065F930,,sdk-data-58e8560b4997
0x0062CC65,0x1d3,REL32,?jpeg_fill_bit_buffer@D3DX@@YAEPAUbitread_working_state@1@JHH@Z,0x0062C2A5,,
0x0062CE8E,0x30,REL32,?process_restart@D3DX@@YAEPAUjpeg_decompress_struct@1@@Z,0x0062CA0D,,
0x0062CE8E,0x84,REL32,?jpeg_fill_bit_buffer@D3DX@@YAEPAUbitread_working_state@1@JHH@Z,0x0062C2A5,,
0x0062CF70,0x43,REL32,?process_restart@D3DX@@YAEPAUjpeg_decompress_struct@1@@Z,0x0062CA0D,,
0x0062CF70,0xb7,REL32,?jpeg_fill_bit_buffer@D3DX@@YAEPAUbitread_working_state@1@JHH@Z,0x0062C2A5,,
0x0062CF70,0x113,REL32,?jpeg_huff_decode@D3DX@@YAHPAUbitread_working_state@1@JHPAUd_derived_tbl@1@H@Z,0x0062C38F,,
0x0062CF70,0x166,REL32,?jpeg_fill_bit_buffer@D3DX@@YAEPAUbitread_working_state@1@JHH@Z,0x0062C2A5,,
0x0062CF70,0x1a4,DIR32,?jpeg_natural_order@D3DX@@3QBHB,0x0065F930,,sdk-data-58e8560b4997
0x0062CF70,0x1c7,REL32,?jpeg_fill_bit_buffer@D3DX@@YAEPAUbitread_working_state@1@JHH@Z,0x0062C2A5,,
0x0062CF70,0x22a,DIR32,?jpeg_natural_order@D3DX@@3QBHB,0x0065F930,,sdk-data-58e8560b4997
0x0062CF70,0x273,REL32,?jpeg_fill_bit_buffer@D3DX@@YAEPAUbitread_working_state@1@JHH@Z,0x0062C2A5,,
0x0062CF70,0x2ac,DIR32,?jpeg_natural_order@D3DX@@3QBHB,0x0065F930,,sdk-data-58e8560b4997
0x0062CF70,0x2cf,REL32,?jpeg_fill_bit_buffer@D3DX@@YAEPAUbitread_working_state@1@JHH@Z,0x0062C2A5,,
0x0062DBAA,0xbb,REL32,?jcopy_sample_rows@D3DX@@YAXPAPAEH0HHI@Z,0x0062722D,,
0x0062DCDE,0x50,REL32,?jcopy_sample_rows@D3DX@@YAXPAPAEH0HHI@Z,0x0062722D,,
0x0062EACF,0x33,REL32,?jcopy_sample_rows@D3DX@@YAXPAPAEH0HHI@Z,0x0062722D,,
0x0062F347,0x128,REL32,?update_box@D3DX@@YAXPAUjpeg_decompress_struct@1@PAUbox@1@@Z,0x0062F00F,,
0x0062F347,0x133,REL32,?update_box@D3DX@@YAXPAUjpeg_decompress_struct@1@PAUbox@1@@Z,0x0062F00F,,
0x0062F5D2,0x34,REL32,?update_box@D3DX@@YAXPAUjpeg_decompress_struct@1@PAUbox@1@@Z,0x0062F00F,,
0x0062F5D2,0x40,REL32,?median_cut@D3DX@@YAHPAUjpeg_decompress_struct@1@PAUbox@1@HH@Z,0x0062F347,,
0x0062F5D2,0x5d,REL32,?compute_color@D3DX@@YAXPAUjpeg_decompress_struct@1@PAUbox@1@H@Z,0x0062F49A,,
0x0062F8F9,0x4e,REL32,?find_nearby_colors@D3DX@@YAHPAUjpeg_decompress_struct@1@HHHQAE@Z,0x0062F65F,,
0x0062F8F9,0x6a,REL32,?find_best_colors@D3DX@@YAXPAUjpeg_decompress_struct@1@HHHHQAE1@Z,0x0062F7DF,,
0x0062F9C9,0x7d,REL32,?fill_inverse_cmap@D3DX@@YAXPAUjpeg_decompress_struct@1@HHH@Z,0x0062F8F9,,
0x0062FA72,0x18b,REL32,?fill_inverse_cmap@D3DX@@YAXPAUjpeg_decompress_struct@1@HHH@Z,0x0062F8F9,,
0x0062FFB7,0x8f,DIR32,?RGB_order@?1??select_ncolors@D3DX@@YAHPAUjpeg_decompress_struct@2@QAH@Z@4QBHB,0x00660868,,sdk-data-2f70a17fb960
0x006300AE,0x17,REL32,?select_ncolors@D3DX@@YAHPAUjpeg_decompress_struct@1@QAH@Z,0x0062FFB7,,
0x00630542,0x40,REL32,?jzero_far@D3DX@@YAXPAXI@Z,0x00627296,,
0x0063072C,0x4f,REL32,?jzero_far@D3DX@@YAXPAXI@Z,0x00627296,,
0x00635834,0x3,DIR32,?const3dn_1_N1@@3T__m64@@B,0x0065FA90,,sdk-data-0fa459a0c1ff
0x006359F4,0x28,DIR32,?const3dn_0_1@@3T__m64@@B,0x0065FA80,,sdk-data-0fa459a0c1ff
0x006359F4,0xd2,DIR32,?const3dn_1_1@@3T__m64@@B,0x0065FAA0,,sdk-data-0fa459a0c1ff
0x006359F4,0xda,DIR32,?const3dn_1_1@@3T__m64@@B,0x0065FAA0,,sdk-data-0fa459a0c1ff
0x006359F4,0x112,DIR32,?const3dn_1_1@@3T__m64@@B,0x0065FAA0,,sdk-data-0fa459a0c1ff
0x006359F4,0x1d6,DIR32,?const3dn_1_N1@@3T__m64@@B,0x0065FA90,,sdk-data-0fa459a0c1ff
0x006359F4,0xc2a,DIR32,?const3dn_0_1@@3T__m64@@B,0x0065FA80,,sdk-data-0fa459a0c1ff
0x006359F4,0xc68,DIR32,?const3dn_1_N1@@3T__m64@@B,0x0065FA90,,sdk-data-0fa459a0c1ff
0x006359F4,0xd0b,DIR32,?const3dn_1_1@@3T__m64@@B,0x0065FAA0,,sdk-data-0fa459a0c1ff
0x006359F4,0xd13,DIR32,?const3dn_1_1@@3T__m64@@B,0x0065FAA0,,sdk-data-0fa459a0c1ff
0x006359F4,0xd4d,DIR32,?const3dn_1_1@@3T__m64@@B,0x0065FAA0,,sdk-data-0fa459a0c1ff
0x0063775C,0x28,DIR32,?const3dn_0_1@@3T__m64@@B,0x0065FA80,,sdk-data-0fa459a0c1ff
0x0063775C,0xac,DIR32,?const3dn_1_1@@3T__m64@@B,0x0065FAA0,,sdk-data-0fa459a0c1ff
0x0063775C,0xd2,DIR32,?const3dn_1_1@@3T__m64@@B,0x0065FAA0,,sdk-data-0fa459a0c1ff
0x0063775C,0x102,DIR32,?const3dn_1_1@@3T__m64@@B,0x0065FAA0,,sdk-data-0fa459a0c1ff
0x0063775C,0x1b9,DIR32,?const3dn_1_N1@@3T__m64@@B,0x0065FA90,,sdk-data-0fa459a0c1ff
0x0063775C,0xc08,DIR32,?const3dn_0_1@@3T__m64@@B,0x0065FA80,,sdk-data-0fa459a0c1ff
0x0063775C,0xc46,DIR32,?const3dn_1_N1@@3T__m64@@B,0x0065FA90,,sdk-data-0fa459a0c1ff
0x0063775C,0xcbd,DIR32,?const3dn_1_1@@3T__m64@@B,0x0065FAA0,,sdk-data-0fa459a0c1ff
0x0063775C,0xce3,DIR32,?const3dn_1_1@@3T__m64@@B,0x0065FAA0,,sdk-data-0fa459a0c1ff
0x0063775C,0xd17,DIR32,?const3dn_1_1@@3T__m64@@B,0x0065FAA0,,sdk-data-0fa459a0c1ff
0x006388B0,0x23b,DIR32,?const3dn_1_N1@@3T__m64@@B,0x0065FA90,,sdk-data-0fa459a0c1ff
0x00638F8A,0x23c,DIR32,?const3dn_1_N1@@3T__m64@@B,0x0065FA90,,sdk-data-0fa459a0c1ff
0x00638F8A,0x250,DIR32,?const3dn_1_N1@@3T__m64@@B,0x0065FA90,,sdk-data-0fa459a0c1ff
0x00638F8A,0x28e,DIR32,?const3dn_1_N1@@3T__m64@@B,0x0065FA90,,sdk-data-0fa459a0c1ff
0x006393B2,0x2d,DIR32,?const3dn_FltMin@@3T__m64@@B,0x0065FB10,,sdk-data-0fa459a0c1ff
0x0063A668,0x14,DIR32,?const3dn_dwordLo@@3T__m64@@B,0x0065FAF0,,sdk-data-0fa459a0c1ff
0x0063A668,0x32,DIR32,?const3dn_FltMin@@3T__m64@@B,0x0065FB10,,sdk-data-0fa459a0c1ff
0x0063A80B,0x3b,REL32,?inflate_codes_free@D3DX@@YAXPAUinflate_codes_state@1@PAUz_stream_s@1@@Z,0x0063DD50,,
0x0063A876,0x80,REL32,?inflate_blocks_reset@D3DX@@YAXPAUinflate_blocks_state@1@PAUz_stream_s@1@PAK@Z,0x0063A80B,,
0x0063B09E,0xf,REL32,?inflate_blocks_reset@D3DX@@YAXPAUinflate_blocks_state@1@PAUz_stream_s@1@PAK@Z,0x0063A80B,,
0x0063E0E6,0x40,REL32,?huft_build@D3DX@@YAHPAIIIPBI1PAPAUinflate_huft_s@1@0PAU21@00@Z,0x0063DD61,,
0x0063E0E6,0x51,DIR32,??_C@_0CI@CGMOPDPD@oversubscribed?5dynamic?5bit?5lengt@,0x00660C2C,,sdk-data-e30cad1b669b
0x0063E0E6,0x69,DIR32,??_C@_0CE@LOHAHEGK@incomplete?5dynamic?5bit?5lengths?5t@,0x00660C08,,sdk-data-5924ee262603
0x0063E165,0x44,DIR32,_cplext,0x00660A98,,sdk-data-7acd4a5c5791
0x0063E165,0x49,DIR32,_cplens,0x00660A18,,sdk-data-7acd4a5c5791
0x0063E165,0x53,REL32,?huft_build@D3DX@@YAHPAIIIPBI1PAPAUinflate_huft_s@1@0PAU21@00@Z,0x0063DD61,,
0x0063E165,0x7a,DIR32,_cpdext,0x00660B90,,sdk-data-7acd4a5c5791
0x0063E165,0x7f,DIR32,_cpdist,0x00660B18,,sdk-data-7acd4a5c5791
0x0063E165,0x8d,REL32,?huft_build@D3DX@@YAHPAIIIPBI1PAPAUinflate_huft_s@1@0PAU21@00@Z,0x0063DD61,,
0x0063E165,0xb0,DIR32,??_C@_0BN@KBLCDIAI@oversubscribed?5distance?5tree?$AA@,0x00660CD8,,sdk-data-55aef3998cc7
0x0063E165,0xbe,DIR32,??_C@_0BJ@CBCPDPJF@incomplete?5distance?5tree?$AA@,0x00660CBC,,sdk-data-2f6d9280d6df
0x0063E165,0xcc,DIR32,??_C@_0CB@KPKKKLFO@empty?5distance?5tree?5with?5lengths@,0x00660C98,,sdk-data-1924307a389d
0x0063E165,0xda,DIR32,??_C@_0CD@GJIDGCKE@oversubscribed?5literal?1length?5tr@,0x00660C74,,sdk-data-3e7f39f92b0c
0x0063E165,0xe8,DIR32,??_C@_0BP@NEEEJJNA@incomplete?5literal?1length?5tree?$AA@,0x00660C54,,sdk-data-f9418539201f
0x0063E80E,0x43,DIR32,_const_0_7653,0x00660D50,,sdk-data-f6d3232a2793
0x0063E80E,0x4d,DIR32,_const_1_8477,0x00660D70,,sdk-data-f6d3232a2793
0x0063E80E,0x64,DIR32,_const_0_54119,0x00660D48,,sdk-data-f6d3232a2793
0x0063E80E,0x82,DIR32,_const_all_ones,0x00660D98,,sdk-data-f6d3232a2793
0x0063E80E,0x92,DIR32,_const_0_1_0_1,0x00660DA0,,sdk-data-f6d3232a2793
0x0063E80E,0xca,DIR32,_const_1_0,0x00660DA8,,sdk-data-f6d3232a2793
0x0063E80E,0x19e,DIR32,_const_1_175,0x00660D60,,sdk-data-f6d3232a2793
0x0063E80E,0x1bb,DIR32,_const_0_899,0x00660D58,,sdk-data-f6d3232a2793
0x0063E80E,0x1d4,DIR32,_const_all_ones,0x00660D98,,sdk-data-f6d3232a2793
0x0063E80E,0x1e6,DIR32,_const_2_562,0x00660D88,,sdk-data-f6d3232a2793
0x0063E80E,0x1ee,DIR32,_const_0_1_0_1,0x00660DA0,,sdk-data-f6d3232a2793
0x0063E80E,0x1ff,DIR32,_const_0_899,0x00660D58,,sdk-data-f6d3232a2793
0x0063E80E,0x209,DIR32,_const_1_961,0x00660D78,,sdk-data-f6d3232a2793
0x0063E80E,0x214,DIR32,_const_all_ones,0x00660D98,,sdk-data-f6d3232a2793
0x0063E80E,0x21e,DIR32,_const_0_1_0_1,0x00660DA0,,sdk-data-f6d3232a2793
0x0063E80E,0x228,DIR32,_const_0_3901,0x00660D40,,sdk-data-f6d3232a2793
0x0063E80E,0x230,DIR32,_const_all_ones,0x00660D98,,sdk-data-f6d3232a2793
0x0063E80E,0x23a,DIR32,_const_0_1_0_1,0x00660DA0,,sdk-data-f6d3232a2793
0x0063E80E,0x244,DIR32,_const_all_ones,0x00660D98,,sdk-data-f6d3232a2793
0x0063E80E,0x252,DIR32,_const_0_1_0_1,0x00660DA0,,sdk-data-f6d3232a2793
0x0063E80E,0x25c,DIR32,_const_0_1_0_1,0x00660DA0,,sdk-data-f6d3232a2793
0x0063E80E,0x266,DIR32,_const_0_1_0_1,0x00660DA0,,sdk-data-f6d3232a2793
0x0063E80E,0x286,DIR32,_const_0_1_0_1,0x00660DA0,,sdk-data-f6d3232a2793
0x0063E80E,0x290,DIR32,_const_0_1_0_1,0x00660DA0,,sdk-data-f6d3232a2793
0x0063E80E,0x2c9,DIR32,_const_0_2986,0x00660D38,,sdk-data-f6d3232a2793
0x0063E80E,0x2e9,DIR32,_const_2_053,0x00660D80,,sdk-data-f6d3232a2793
0x0063E80E,0x309,DIR32,_const_3_072,0x00660D90,,sdk-data-f6d3232a2793
0x0063E80E,0x339,DIR32,_const_1_501,0x00660D68,,sdk-data-f6d3232a2793
0x0063E80E,0x36c,DIR32,_const_round,0x00660DB0,,sdk-data-f6d3232a2793
0x0063E80E,0x52b,DIR32,_const_00_1_84_00_0_765,0x00660DC8,,sdk-data-f6d3232a2793
0x0063E80E,0x535,DIR32,_const_00_0_5411_00_00,0x00660DD0,,sdk-data-f6d3232a2793
0x0063E80E,0x54c,DIR32,_const_all_ones,0x00660D98,,sdk-data-f6d3232a2793
0x0063E80E,0x556,DIR32,_const_0_1_0_1,0x00660DA0,,sdk-data-f6d3232a2793
0x0063E80E,0x580,DIR32,_const_3_072_00_1_501_00,0x00660DD8,,sdk-data-f6d3232a2793
0x0063E80E,0x590,DIR32,_const_1_175_00_00_00,0x00660DF8,,sdk-data-f6d3232a2793
0x0063E80E,0x59a,DIR32,_const_1_96_00_0_3901_00,0x00660DF0,,sdk-data-f6d3232a2793
0x0063E80E,0x5a4,DIR32,_const_0_899_00_2_562_00,0x00660DE8,,sdk-data-f6d3232a2793
0x0063E80E,0x5ac,DIR32,_const_0_2986_00_2_053_00,0x00660DE0,,sdk-data-f6d3232a2793
0x0063E80E,0x5b6,DIR32,_const_0_1_0_1,0x00660DA0,,sdk-data-f6d3232a2793
0x0063E80E,0x5be,DIR32,_const_all_ones,0x00660D98,,sdk-data-f6d3232a2793
0x0063E80E,0x5c6,DIR32,_const_all_ones,0x00660D98,,sdk-data-f6d3232a2793
0x0063E80E,0x600,DIR32,_const_round_two,0x00660DB8,,sdk-data-f6d3232a2793
0x0063E80E,0x60a,DIR32,_const_mask,0x00660DC0,,sdk-data-f6d3232a2793
0x0063F221,0x39,DIR32,_x5a825a825a825a82,0x00660E10,,sdk-data-fbb54bd12293
0x0063F221,0x43,DIR32,_const_zero,0x00660E30,,sdk-data-fbb54bd12293
0x0063F221,0x53,DIR32,_const_zero,0x00660E30,,sdk-data-fbb54bd12293
0x0063F221,0xba,DIR32,_x539f539f539f539f,0x00660E18,,sdk-data-fbb54bd12293
0x0063F221,0xc9,DIR32,_const_zero,0x00660E30,,sdk-data-fbb54bd12293
0x0063F221,0xd9,DIR32,_const_zero,0x00660E30,,sdk-data-fbb54bd12293
0x0063F221,0xe9,DIR32,_const_zero,0x00660E30,,sdk-data-fbb54bd12293
0x0063F221,0xfb,DIR32,_const_zero,0x00660E30,,sdk-data-fbb54bd12293
0x0063F221,0x105,DIR32,_x4546454645464546,0x00660E20,,sdk-data-fbb54bd12293
0x0063F221,0x116,DIR32,_x61f861f861f861f8,0x00660E28,,sdk-data-fbb54bd12293
0x0063F221,0x137,DIR32,_const_zero,0x00660E30,,sdk-data-fbb54bd12293
0x0063F221,0x147,DIR32,_const_zero,0x00660E30,,sdk-data-fbb54bd12293
0x0063F221,0x151,DIR32,_x5a825a825a825a82,0x00660E10,,sdk-data-fbb54bd12293
0x0063F221,0x162,DIR32,_const_zero,0x00660E30,,sdk-data-fbb54bd12293
0x0063F221,0x173,DIR32,_const_zero,0x00660E30,,sdk-data-fbb54bd12293
0x0063F221,0x216,DIR32,_x5a825a825a825a82,0x00660E10,,sdk-data-fbb54bd12293
0x0063F221,0x220,DIR32,_const_zero,0x00660E30,,sdk-data-fbb54bd12293
0x0063F221,0x22d,DIR32,_const_zero,0x00660E30,,sdk-data-fbb54bd12293
0x0063F221,0x2a3,DIR32,_x539f539f539f539f,0x00660E18,,sdk-data-fbb54bd12293
0x0063F221,0x2ad,DIR32,_const_zero,0x00660E30,,sdk-data-fbb54bd12293
0x0063F221,0x2bd,DIR32,_const_zero,0x00660E30,,sdk-data-fbb54bd12293
0x0063F221,0x2d6,DIR32,_x5a825a825a825a82,0x00660E10,,sdk-data-fbb54bd12293
0x0063F221,0x2e7,DIR32,_const_zero,0x00660E30,,sdk-data-fbb54bd12293
0x0063F221,0x2f1,DIR32,_const_zero,0x00660E30,,sdk-data-fbb54bd12293
0x0063F221,0x304,DIR32,_x61f861f861f861f8,0x00660E28,,sdk-data-fbb54bd12293
0x0063F221,0x31b,DIR32,_const_zero,0x00660E30,,sdk-data-fbb54bd12293
0x0063F221,0x325,DIR32,_const_zero,0x00660E30,,sdk-data-fbb54bd12293
0x0063F221,0x336,DIR32,_const_zero,0x00660E30,,sdk-data-fbb54bd12293
0x0063F221,0x344,DIR32,_x4546454645464546,0x00660E20,,sdk-data-fbb54bd12293
0x0063F221,0x34b,DIR32,_const_zero,0x00660E30,,sdk-data-fbb54bd12293
0x0063F221,0x4d4,DIR32,_x5a825a825a825a82,0x00660E10,,sdk-data-fbb54bd12293
0x0063F221,0x4de,DIR32,_const_zero,0x00660E30,,sdk-data-fbb54bd12293
0x0063F221,0x4ee,DIR32,_const_zero,0x00660E30,,sdk-data-fbb54bd12293
0x0063F221,0x545,DIR32,_x539f539f539f539f,0x00660E18,,sdk-data-fbb54bd12293
0x0063F221,0x557,DIR32,_const_zero,0x00660E30,,sdk-data-fbb54bd12293
0x0063F221,0x561,DIR32,_const_zero,0x00660E30,,sdk-data-fbb54bd12293
0x0063F221,0x56f,DIR32,_x4546454645464546,0x00660E20,,sdk-data-fbb54bd12293
0x0063F221,0x58c,DIR32,_const_zero,0x00660E30,,sdk-data-fbb54bd12293
0x0063F221,0x596,DIR32,_const_zero,0x00660E30,,sdk-data-fbb54bd12293
0x0063F221,0x5a3,DIR32,_x61f861f861f861f8,0x00660E28,,sdk-data-fbb54bd12293
0x0063F221,0x5bb,DIR32,_const_zero,0x00660E30,,sdk-data-fbb54bd12293
0x0063F221,0x5cb,DIR32,_const_zero,0x00660E30,,sdk-data-fbb54bd12293
0x0063F221,0x5e6,DIR32,_x5a825a825a825a82,0x00660E10,,sdk-data-fbb54bd12293
0x0063F221,0x5f0,DIR32,_const_zero,0x00660E30,,sdk-data-fbb54bd12293
0x0063F221,0x5fd,DIR32,_const_zero,0x00660E30,,sdk-data-fbb54bd12293
0x0063F221,0x687,DIR32,_x5a825a825a825a82,0x00660E10,,sdk-data-fbb54bd12293
0x0063F221,0x691,DIR32,_const_zero,0x00660E30,,sdk-data-fbb54bd12293
0x0063F221,0x69b,DIR32,_const_zero,0x00660E30,,sdk-data-fbb54bd12293
0x0063F221,0x6fb,DIR32,_x539f539f539f539f,0x00660E18,,sdk-data-fbb54bd12293
0x0063F221,0x708,DIR32,_const_zero,0x00660E30,,sdk-data-fbb54bd12293
0x0063F221,0x712,DIR32,_const_zero,0x00660E30,,sdk-data-fbb54bd12293
0x0063F221,0x739,DIR32,_x5a825a825a825a82,0x00660E10,,sdk-data-fbb54bd12293
0x0063F221,0x743,DIR32,_const_zero,0x00660E30,,sdk-data-fbb54bd12293
0x0063F221,0x750,DIR32,_const_zero,0x00660E30,,sdk-data-fbb54bd12293
0x0063F221,0x75a,DIR32,_x61f861f861f861f8,0x00660E28,,sdk-data-fbb54bd12293
0x0063F221,0x76f,DIR32,_const_zero,0x00660E30,,sdk-data-fbb54bd12293
0x0063F221,0x779,DIR32,_const_zero,0x00660E30,,sdk-data-fbb54bd12293
0x0063F221,0x783,DIR32,_x4546454645464546,0x00660E20,,sdk-data-fbb54bd12293
0x0063F221,0x798,DIR32,_const_zero,0x00660E30,,sdk-data-fbb54bd12293
0x0063F221,0x7a2,DIR32,_const_zero,0x00660E30,,sdk-data-fbb54bd12293
