id,library,archive_sha256,member,member_offset,section_number,size,section_sha256,target_address,definitions
sdk-data-06f6ce432322,d3dx8.lib,39a8e21889a7c1f0b966f04a9e7d392de14ddebb3e091dfa1e5ce3e19564fc28,obj\i386\cd3dxassembler.obj,428232,52,10,dc3f13f30596d380b9b32ea525d015821792208cf3005150ddabd6f1013d2667,0x0065D574,"[{""symbol"":""??_C@_09FFGLJGDK@texdp3tex?$AA@"",""offset"":0}]"
sdk-data-07b70ce37b8f,d3dx8.lib,39a8e21889a7c1f0b966f04a9e7d392de14ddebb3e091dfa1e5ce3e19564fc28,obj\i386\cd3dxassembler.obj,428232,45,4,9a748d4bf2ab55ee2b5ba6e7f62910a8b8d22f387968f8ee6014c9cc70b38978,0x0065D544,"[{""symbol"":""??_C@_03HPBONGEK@rsq?$AA@"",""offset"":0}]"
sdk-data-0b4ed3f17fbe,d3dx8.lib,39a8e21889a7c1f0b966f04a9e7d392de14ddebb3e091dfa1e5ce3e19564fc28,obj\i386\cd3dxassembler.obj,428232,37,4,ec3cc2760abdd33ac18f647fd5c18653c0a0471b9cc79c856b7a34825d9b4806,0x0065D524,"[{""symbol"":""??_C@_03HHBLCKEM@dst?$AA@"",""offset"":0}]"
sdk-data-0bd86ca739e6,d3dx8.lib,39a8e21889a7c1f0b966f04a9e7d392de14ddebb3e091dfa1e5ce3e19564fc28,obj\i386\cd3dxassembler.obj,428232,49,9,9d3a24144527ee3a091f2916c99938c4577fa0d6176d5ca57c802687c39ef569,0x0065D558,"[{""symbol"":""??_C@_08KEGBHNNF@texdepth?$AA@"",""offset"":0}]"
sdk-data-0c4408b0900b,d3dx8.lib,39a8e21889a7c1f0b966f04a9e7d392de14ddebb3e091dfa1e5ce3e19564fc28,obj\i386\cd3dxassembler.obj,428232,64,10,39d7efa178efd4624ee16e6b050cc3b1729b19a7c04b14dfb1a043d5ecead3f5,0x0065D604,"[{""symbol"":""??_C@_09IMHEICFK@texreg2ar?$AA@"",""offset"":0}]"
sdk-data-0cd8e262d69b,d3dx8.lib,39a8e21889a7c1f0b966f04a9e7d392de14ddebb3e091dfa1e5ce3e19564fc28,obj\i386\cd3dxassembler.obj,428232,54,11,06969a35b0b518d7de5f7b1780e5a187fc3cd9321fb2331e1f03ca02399cb7b2,0x0065D588,"[{""symbol"":""??_C@_0L@IELIFMKH@texreg2rgb?$AA@"",""offset"":0}]"
sdk-data-0cf6290e89ed,d3dx8.lib,39a8e21889a7c1f0b966f04a9e7d392de14ddebb3e091dfa1e5ce3e19564fc28,obj\i386\cd3dxassembler.obj,428232,58,12,727a47e7042aafcfe1d5b54bd14b7980dad85c7d6eb03157c76a3acf6d8d5377,0x0065D5BC,"[{""symbol"":""??_C@_0M@EJPNKOAD@texm3x3spec?$AA@"",""offset"":0}]"
sdk-data-0fa459a0c1ff,d3dx8.lib,39a8e21889a7c1f0b966f04a9e7d392de14ddebb3e091dfa1e5ce3e19564fc28,objd\i386\d3dxmathx3d.obj,2001870,3,288,0aa1a441a87eed3190fc4e855d942e52e731070616f0d99c988c59ea7f750e94,0x0065FA80,"[{""symbol"":""?g_const_colB0@@3T__m64@@B"",""offset"":280},{""symbol"":""?g_const_colRG@@3T__m64@@B"",""offset"":272},{""symbol"":""?g_const_niner@@3T__m64@@B"",""offset"":264},{""symbol"":""?g_const_n2_1@@3T__m64@@B"",""offset"":256},{""symbol"":""?g_const_n2@@3T__m64@@B"",""offset"":248},{""symbol"":""?g_const_nh_nl@@3T__m64@@B"",""offset"":240},{""symbol"":""?g_const_1_0@@3T__m64@@B"",""offset"":232},{""symbol"":""?g_const_0_1@@3T__m64@@B"",""offset"":224},{""symbol"":""?g_const_0@@3T__m64@@B"",""offset"":216},{""symbol"":""?g_const_3_2@@3T__m64@@B"",""offset"":208},{""symbol"":""?g_const_2_3@@3T__m64@@B"",""offset"":200},{""symbol"":""?g_const_3@@3T__m64@@B"",""offset"":192},{""symbol"":""?g_const_2@@3T__m64@@B"",""offset"":184},{""symbol"":""?g_const_half@@3T__m64@@B"",""offset"":176},{""symbol"":""?g_const_1@@3T__m64@@B"",""offset"":168},{""symbol"":""?g_negate_high@@3T__m64@@B"",""offset"":160},{""symbol"":""?g_negate_low@@3T__m64@@B"",""offset"":152},{""symbol"":""?const3dn_FltMin@@3T__m64@@B"",""offset"":144},{""symbol"":""?const3dn_halves@@3T__m64@@B"",""offset"":136},{""symbol"":""?const3dn_min@@3T__m64@@B"",""offset"":128},{""symbol"":""?const3dn_max@@3T__m64@@B"",""offset"":120},{""symbol"":""?const3dn_dwordLo@@3T__m64@@B"",""offset"":112},{""symbol"":""?const3dn_epsilon@@3T__m64@@B"",""offset"":104},{""symbol"":""?const3dn_SignMasks@@3T__m64@@B"",""offset"":96},{""symbol"":""?const3dn_SignMaskHi@@3T__m64@@B"",""offset"":88},{""symbol"":""?const3dn_SignMaskLo@@3T__m64@@B"",""offset"":80},{""symbol"":""?const3dn_SignBits@@3T__m64@@B"",""offset"":72},{""symbol"":""?const3dn_SignBitHi@@3T__m64@@B"",""offset"":64},{""symbol"":""?const3dn_SignBitLo@@3T__m64@@B"",""offset"":56},{""symbol"":""?const3dn_3_2@@3T__m64@@B"",""offset"":48},{""symbol"":""?const3dn_2_2@@3T__m64@@B"",""offset"":40},{""symbol"":""?const3dn_1_1@@3T__m64@@B"",""offset"":32},{""symbol"":""?const3dn_N1_1@@3T__m64@@B"",""offset"":24},{""symbol"":""?const3dn_1_N1@@3T__m64@@B"",""offset"":16},{""symbol"":""?const3dn_1_0@@3T__m64@@B"",""offset"":8},{""symbol"":""?const3dn_0_1@@3T__m64@@B"",""offset"":0}]"
sdk-data-10283c8484da,d3dx8.lib,39a8e21889a7c1f0b966f04a9e7d392de14ddebb3e091dfa1e5ce3e19564fc28,obj\i386\cd3dxassembler.obj,428232,50,7,7350f420ade02b3f4f0703e242fff1695451eab0b63849e008afbdad74e13f9c,0x0065D564,"[{""symbol"":""??_C@_06JEFIKLCO@texcrd?$AA@"",""offset"":0}]"
sdk-data-10c53fd3e194,d3dx8.lib,39a8e21889a7c1f0b966f04a9e7d392de14ddebb3e091dfa1e5ce3e19564fc28,obj\i386\cd3dxassembler.obj,428232,32,5,c2a2b62e68a4ab8d03c5f2d4e0134d0549591c6feb4fbd91ffcc8ba56f6a54dd,0x0065D4FC,"[{""symbol"":""??_C@_04NHDIBMI@m3x2?$AA@"",""offset"":0}]"
sdk-data-138209adc5d6,d3dx8.lib,39a8e21889a7c1f0b966f04a9e7d392de14ddebb3e091dfa1e5ce3e19564fc28,obj\i386\cd3dxassembler.obj,428232,42,4,d1d4d6e29ca743f7eca8e8c9a4f0a2a98174afd1ef3f12df9cc68787ec543201,0x0065D538,"[{""symbol"":""??_C@_03KNKPKBCH@slt?$AA@"",""offset"":0}]"
sdk-data-14b9518375a3,d3dx8.lib,39a8e21889a7c1f0b966f04a9e7d392de14ddebb3e091dfa1e5ce3e19564fc28,obj\i386\cd3dxassembler.obj,428232,41,4,1ea3c62b4888883c25e46f3a0427a6310166ef7189e5f908d7c8dcd091c74d3e,0x0065D534,"[{""symbol"":""??_C@_03PCCDGNNG@sge?$AA@"",""offset"":0}]"
sdk-data-180bb1f443d1,d3dx8.lib,39a8e21889a7c1f0b966f04a9e7d392de14ddebb3e091dfa1e5ce3e19564fc28,obj\i386\cd3dxassembler.obj,428232,27,3,e6e2c45b179752521b7e3d9b6fdc36884316956734a477bc39e59b8eae118cd8,0x0065D4E0,"[{""symbol"":""??_C@_02KCBABBGA@d2?$AA@"",""offset"":0}]"
sdk-data-1924307a389d,d3dx8.lib,39a8e21889a7c1f0b966f04a9e7d392de14ddebb3e091dfa1e5ce3e19564fc28,obj\i386\inftrees.obj,1966486,13,33,69eca5bb8096ac93917e5bc0196fde55ecaab9466089e2ee3eb5d7ab4fc8cca7,0x00660C98,"[{""symbol"":""??_C@_0CB@KPKKKLFO@empty?5distance?5tree?5with?5lengths@"",""offset"":0}]"
sdk-data-1ad2fb836d44,d3dx8.lib,39a8e21889a7c1f0b966f04a9e7d392de14ddebb3e091dfa1e5ce3e19564fc28,obj\i386\cd3dxassembler.obj,428232,69,9,e69cb07fc53c4dd218452b2ff36f22b8c6ab84c7f31d3e1930459382e4a82ac3,0x0065D62C,"[{""symbol"":""??_C@_08FDJGCBLL@texcoord?$AA@"",""offset"":0}]"
sdk-data-1c140b36f04f,d3dx8.lib,39a8e21889a7c1f0b966f04a9e7d392de14ddebb3e091dfa1e5ce3e19564fc28,obj\i386\cd3dxassembler.obj,428232,40,4,2d3a30b5b3c2c01858a34a73387bf673239544b1acba3a607b77cfc874ddaa7a,0x0065D530,"[{""symbol"":""??_C@_03KHJOGHMM@exp?$AA@"",""offset"":0}]"
sdk-data-1dee5c905259,d3dx8.lib,39a8e21889a7c1f0b966f04a9e7d392de14ddebb3e091dfa1e5ce3e19564fc28,obj\i386\cd3dxassembler.obj,428232,63,10,8cc1b0380a6199311bb7b145af653ddb9e99d44566f0127c7f8acf49220b470f,0x0065D5F8,"[{""symbol"":""??_C@_09MCDLOMLJ@texreg2gb?$AA@"",""offset"":0}]"
sdk-data-202be5ef7fa0,d3dx8.lib,39a8e21889a7c1f0b966f04a9e7d392de14ddebb3e091dfa1e5ce3e19564fc28,objd\i386\d3dxmathx3d.obj,2001870,6,13,f7eb8376ace1d9f8fedb4d9c42995bbd768ac2cbaba0bccea2b18acaa45de3d9,0x0065FBB0,"[{""symbol"":""??_C@_0N@GFHLKNJN@UnknownVendr?$AA@"",""offset"":0}]"
sdk-data-2f6d9280d6df,d3dx8.lib,39a8e21889a7c1f0b966f04a9e7d392de14ddebb3e091dfa1e5ce3e19564fc28,obj\i386\inftrees.obj,1966486,14,25,ba9a2e80a0ea7a5339fd54aa6a8cd45273552265838a4fea1014637f68d13658,0x00660CBC,"[{""symbol"":""??_C@_0BJ@CBCPDPJF@incomplete?5distance?5tree?$AA@"",""offset"":0}]"
sdk-data-2f70a17fb960,d3dx8.lib,39a8e21889a7c1f0b966f04a9e7d392de14ddebb3e091dfa1e5ce3e19564fc28,obj\i386\jquant1.obj,1704092,4,12,a890adf674b36ba6672153a29917fca03c90d99f9788cd5764a1c59a66821124,0x00660868,"[{""symbol"":""?RGB_order@?1??select_ncolors@D3DX@@YAHPAUjpeg_decompress_struct@2@QAH@Z@4QBHB"",""offset"":0}]"
sdk-data-31d0a98212b4,d3dx8.lib,39a8e21889a7c1f0b966f04a9e7d392de14ddebb3e091dfa1e5ce3e19564fc28,obj\i386\cd3dxassembler.obj,428232,29,3,53d94dc037d11c42794f9943d3e7a4f7fa8804cd60a7fa10895e41c90f8f443f,0x0065D4E8,"[{""symbol"":""??_C@_02OBHGOMPC@x4?$AA@"",""offset"":0}]"
sdk-data-34778ce94a6d,d3dx8.lib,39a8e21889a7c1f0b966f04a9e7d392de14ddebb3e091dfa1e5ce3e19564fc28,obj\i386\inflate.obj,1960340,20,4,b7d1b3a1104cc86b1cea310793cf777002db0517281d135a02de079b0ea87c23,0x0065FC30,"[{""symbol"":""?mark@?L@??inflateSync@D3DX@@YAHPAUz_stream_s@2@@Z@4QBEB"",""offset"":0}]"
sdk-data-3647d0becb84,d3dx8.lib,39a8e21889a7c1f0b966f04a9e7d392de14ddebb3e091dfa1e5ce3e19564fc28,obj\i386\cd3dxassembler.obj,428232,59,11,024e81aabb6862de72684e10f7a9a2a153c0c2093e4a264261d7cdc80bc6a577,0x0065D5C8,"[{""symbol"":""??_C@_0L@DIAEELDK@texm3x3tex?$AA@"",""offset"":0}]"
sdk-data-3a5db39f7386,d3dx8.lib,39a8e21889a7c1f0b966f04a9e7d392de14ddebb3e091dfa1e5ce3e19564fc28,obj\i386\cd3dxassembler.obj,428232,81,4,0728e9928a30590dfb982461ba7c39c36fe7b0b94bee166f2f91eb6ee4268923,0x0065D664,"[{""symbol"":""??_C@_03CNBJFNFA@mov?$AA@"",""offset"":0}]"
sdk-data-3c98457787c7,d3dx8.lib,39a8e21889a7c1f0b966f04a9e7d392de14ddebb3e091dfa1e5ce3e19564fc28,obj\i386\cd3dxassembler.obj,428232,25,3,c431990adb6f488ad36481027f74da959d9170c4546c3de244e3030f32e49880,0x0065D4D8,"[{""symbol"":""??_C@_02FIPPPJOK@d8?$AA@"",""offset"":0}]"
sdk-data-3ca134abb499,d3dx8.lib,39a8e21889a7c1f0b966f04a9e7d392de14ddebb3e091dfa1e5ce3e19564fc28,obj\i386\cd3dxassembler.obj,428232,55,7,b8080190328553e3ce12505c273edf0b17c88b7725d32c3fe5f4f2cd79ce12b8,0x0065D594,"[{""symbol"":""??_C@_06PPPBIMGK@texdp3?$AA@"",""offset"":0}]"
sdk-data-3e7f39f92b0c,d3dx8.lib,39a8e21889a7c1f0b966f04a9e7d392de14ddebb3e091dfa1e5ce3e19564fc28,obj\i386\inftrees.obj,1966486,12,35,8a4e6710fbf22a63a5a47873eb9a3b9ef17331b5059575c2f2596d6b66d251e9,0x00660C74,"[{""symbol"":""??_C@_0CD@GJIDGCKE@oversubscribed?5literal?1length?5tr@"",""offset"":0}]"
sdk-data-404be1e1c9f6,d3dx8.lib,39a8e21889a7c1f0b966f04a9e7d392de14ddebb3e091dfa1e5ce3e19564fc28,obj\i386\pngset.obj,1821726,5,63,aa5085cbe1456d2da0189bf62410ab3b0bca2f37255361c517145f311afdb200,0x0065F504,"[{""symbol"":""??_C@_0DP@GHHOJINM@Width?5too?5large?5to?5process?5image@"",""offset"":0}]"
sdk-data-43a0541590eb,d3dx8.lib,39a8e21889a7c1f0b966f04a9e7d392de14ddebb3e091dfa1e5ce3e19564fc28,obj\i386\cd3dxassembler.obj,428232,48,6,bf3f12430dc32b32a61412cac346bc79d9ad90c2b2106fdb5fa216dd821d5912,0x0065D550,"[{""symbol"":""??_C@_05GBILPNCC@texld?$AA@"",""offset"":0}]"
sdk-data-45f418b02536,d3dx8.lib,39a8e21889a7c1f0b966f04a9e7d392de14ddebb3e091dfa1e5ce3e19564fc28,obj\i386\cd3dxassembler.obj,428232,79,4,ae74f20c45bc8f01003c0672d87238685c089862917a5abf441b92a2440f00a9,0x0065D65C,"[{""symbol"":""??_C@_03KCMAIMAP@sub?$AA@"",""offset"":0}]"
sdk-data-468cf9ed12b1,d3dx8.lib,39a8e21889a7c1f0b966f04a9e7d392de14ddebb3e091dfa1e5ce3e19564fc28,obj\i386\cd3dxassembler.obj,428232,70,4,ffe274fc30269c2ce176006e59bd59ea2c8df5d540969ebc06e609f6567a9de5,0x0065D638,"[{""symbol"":""??_C@_03JIBIFJIL@cmp?$AA@"",""offset"":0}]"
sdk-data-47c6bc6c56fe,d3dx8.lib,39a8e21889a7c1f0b966f04a9e7d392de14ddebb3e091dfa1e5ce3e19564fc28,obj\i386\cd3dxassembler.obj,428232,75,4,6380ddfd3494758906f41b295abf3de1fd4f528757eed89832015a53b7b21968,0x0065D64C,"[{""symbol"":""??_C@_03IFCENLBA@dp4?$AA@"",""offset"":0}]"
sdk-data-487ed30b8f6e,d3dx8.lib,39a8e21889a7c1f0b966f04a9e7d392de14ddebb3e091dfa1e5ce3e19564fc28,objd\i386\d3dxmathx3d.obj,2001870,5,13,769063edb8e80a29330105d88592190aa870bdd17ddec81564decdc6f05adec6,0x0065FBA0,"[{""symbol"":""??_C@_0N@FFJGBINN@AuthenticAMD?$AA@"",""offset"":0}]"
sdk-data-4a0055082836,d3dx8.lib,39a8e21889a7c1f0b966f04a9e7d392de14ddebb3e091dfa1e5ce3e19564fc28,obj\i386\cd3dxassembler.obj,428232,36,5,0d0696efa15d1a4cdb9689dd476a3669836d4e099754dbf81ec72f30489d3a52,0x0065D51C,"[{""symbol"":""??_C@_04MGPOBOPH@m4x4?$AA@"",""offset"":0}]"
sdk-data-4a1fb5fa800f,d3dx8.lib,39a8e21889a7c1f0b966f04a9e7d392de14ddebb3e091dfa1e5ce3e19564fc28,obj\i386\cd3dxassembler.obj,428232,35,5,4e9970c09ff2d24cae93b0720b3bc51f8e389d4bcd73f8d92e6888232dd25242,0x0065D514,"[{""symbol"":""??_C@_04IJLPIIDA@m4x3?$AA@"",""offset"":0}]"
sdk-data-50b289e217e5,d3dx8.lib,39a8e21889a7c1f0b966f04a9e7d392de14ddebb3e091dfa1e5ce3e19564fc28,obj\i386\cd3dxassembler.obj,428232,77,4,c6da70c484961cb34637e4881c26a31dd6b090c130bebfd27ad22a5d057874ae,0x0065D654,"[{""symbol"":""??_C@_03IMIFIBCN@mul?$AA@"",""offset"":0}]"
sdk-data-536bdf8ae4db,d3dx8.lib,39a8e21889a7c1f0b966f04a9e7d392de14ddebb3e091dfa1e5ce3e19564fc28,obj\i386\pngrio.obj,1885180,7,65,d7da9c0e7144c0e96b474d3a3225fce9065e3b4120f0f68895aecc1f1d97995f,0x0065F5A0,"[{""symbol"":""??_C@_0EB@NJKELLKM@It?8s?5an?5error?5to?5set?5both?5read_d@"",""offset"":0}]"
sdk-data-55aef3998cc7,d3dx8.lib,39a8e21889a7c1f0b966f04a9e7d392de14ddebb3e091dfa1e5ce3e19564fc28,obj\i386\inftrees.obj,1966486,15,29,a1b43546044e7fdaee1f8c688cf7fd0ede921630175f9da246772a57618b010d,0x00660CD8,"[{""symbol"":""??_C@_0BN@KBLCDIAI@oversubscribed?5distance?5tree?$AA@"",""offset"":0}]"
sdk-data-55b9d3cdfd3e,d3dx8.lib,39a8e21889a7c1f0b966f04a9e7d392de14ddebb3e091dfa1e5ce3e19564fc28,obj\i386\cd3dxassembler.obj,428232,51,6,cd857523297f05074893178983f2d1d379f4452fd4d47fbfa2f1cd4bf87187fb,0x0065D56C,"[{""symbol"":""??_C@_05CBPKLGJM@phase?$AA@"",""offset"":0}]"
sdk-data-56b0079909d8,d3dx8.lib,39a8e21889a7c1f0b966f04a9e7d392de14ddebb3e091dfa1e5ce3e19564fc28,obj\i386\cd3dxassembler.obj,428232,65,8,5e64611beeb30cc029b7f381a61fba72a821acd662b51f7cf0fc2107d19a870b,0x0065D610,"[{""symbol"":""??_C@_07OKHFAMNG@texbeml?$AA@"",""offset"":0}]"
sdk-data-58e8560b4997,d3dx8.lib,39a8e21889a7c1f0b966f04a9e7d392de14ddebb3e091dfa1e5ce3e19564fc28,obj\i386\jutils.obj,1721822,2,576,33a5a4bd94844e1b129327c86f5de27f4a39ee7e7e6b8f41a6b19f8a41d0fd12,0x0065F830,"[{""symbol"":""?jpeg_natural_order@D3DX@@3QBHB"",""offset"":256},{""symbol"":""?jpeg_zigzag_order@D3DX@@3QBHB"",""offset"":0}]"
sdk-data-5924ee262603,d3dx8.lib,39a8e21889a7c1f0b966f04a9e7d392de14ddebb3e091dfa1e5ce3e19564fc28,obj\i386\inftrees.obj,1966486,7,36,3d39a661bc627b5734a6eed3ac702892f1952004f349a240380457ea23461cde,0x00660C08,"[{""symbol"":""??_C@_0CE@LOHAHEGK@incomplete?5dynamic?5bit?5lengths?5t@"",""offset"":0}]"
sdk-data-6ee16c14937b,d3dx8.lib,39a8e21889a7c1f0b966f04a9e7d392de14ddebb3e091dfa1e5ce3e19564fc28,obj\i386\crc32.obj,1923292,2,1024,12f3e0576d447eb37b36d82ba0c1c5481b8f0d12fdc70347ce4a076b229d4c86,0x00660140,"[{""symbol"":""_crc_table"",""offset"":0}]"
sdk-data-739918232e1e,d3dx8.lib,39a8e21889a7c1f0b966f04a9e7d392de14ddebb3e091dfa1e5ce3e19564fc28,obj\i386\cd3dxassembler.obj,428232,24,4,a71ceadac3b673ab63d824e1b8fa5e94b2300d60c8c5963a13460d0d8a88fc8d,0x0065D4D4,"[{""symbol"":""??_C@_03KFHHDCHE@sat?$AA@"",""offset"":0}]"
sdk-data-78750250a6b2,d3dx8.lib,39a8e21889a7c1f0b966f04a9e7d392de14ddebb3e091dfa1e5ce3e19564fc28,obj\i386\cd3dxassembler.obj,428232,33,5,53b9d070824b60b1b15c2c129e481ff195a5e12994ff245d43b9912ed2cc4989,0x0065D504,"[{""symbol"":""??_C@_04BEGILAIJ@m3x3?$AA@"",""offset"":0}]"
sdk-data-7acd4a5c5791,d3dx8.lib,39a8e21889a7c1f0b966f04a9e7d392de14ddebb3e091dfa1e5ce3e19564fc28,obj\i386\inftrees.obj,1966486,3,496,9b447242d3f310eb950d5c23309d105e0544e85fb4b20dcdfb1561ac58215e7b,0x00660A18,"[{""symbol"":""_cpdext"",""offset"":376},{""symbol"":""_cpdist"",""offset"":256},{""symbol"":""_cplext"",""offset"":128},{""symbol"":""_cplens"",""offset"":0}]"
sdk-data-80d454796406,d3dx8.lib,39a8e21889a7c1f0b966f04a9e7d392de14ddebb3e091dfa1e5ce3e19564fc28,obj\i386\pngrio.obj,1885180,6,50,85d898a35f0c675bc80297c1c12165753b33e7317410a04fa2b8f0c84afca246,0x0065F56C,"[{""symbol"":""??_C@_0DC@EOBOCMJO@same?5structure?4?5?5Resetting?5write@"",""offset"":0}]"
sdk-data-84459cedee57,d3dx8.lib,39a8e21889a7c1f0b966f04a9e7d392de14ddebb3e091dfa1e5ce3e19564fc28,obj\i386\jdphuff.obj,1644890,2,128,69484276fb87a932a2b2070cc8cd4f61e11ece464a37a76bdf80d92d5f21919c,0x00660628,"[{""symbol"":""_extend_offset"",""offset"":64},{""symbol"":""_extend_test"",""offset"":0}]"
sdk-data-84fed8c03d48,d3dx8.lib,39a8e21889a7c1f0b966f04a9e7d392de14ddebb3e091dfa1e5ce3e19564fc28,obj\i386\cd3dxassembler.obj,428232,57,13,d616075d2da422dbaf341a5301f10ff84ac54770ba4571083e7b7d70dd869903,0x0065D5AC,"[{""symbol"":""??_C@_0N@KDLHKEAM@texm3x3vspec?$AA@"",""offset"":0}]"
sdk-data-867e08997bfd,d3dx8.lib,39a8e21889a7c1f0b966f04a9e7d392de14ddebb3e091dfa1e5ce3e19564fc28,obj\i386\cd3dxassembler.obj,428232,26,3,5f10a33dba1449db56dc1c697d87717fd3090b9e0bda21ae729ba5d54bd7c0d9,0x0065D4DC,"[{""symbol"":""??_C@_02PEEKLGOG@d4?$AA@"",""offset"":0}]"
sdk-data-889b25dd007d,d3dx8.lib,39a8e21889a7c1f0b966f04a9e7d392de14ddebb3e091dfa1e5ce3e19564fc28,obj\i386\cd3dxassembler.obj,428232,38,4,8f7f6ad89bf4b8c0013e89b73d25d45a93b80bacf4c7e3ecc6625510e6f96378,0x0065D528,"[{""symbol"":""??_C@_03KDBOCEAF@lit?$AA@"",""offset"":0}]"
sdk-data-91d2c208f1f8,d3dx8.lib,39a8e21889a7c1f0b966f04a9e7d392de14ddebb3e091dfa1e5ce3e19564fc28,obj\i386\cd3dxassembler.obj,428232,61,11,6586f16375e0677613ff226ed6f8812ed3edbdc6eea24fa43ca11269dfbf2775,0x0065D5E0,"[{""symbol"":""??_C@_0L@FGEGCIK@texm3x2tex?$AA@"",""offset"":0}]"
sdk-data-92e6d0819348,d3dx8.lib,39a8e21889a7c1f0b966f04a9e7d392de14ddebb3e091dfa1e5ce3e19564fc28,obj\i386\cd3dxassembler.obj,428232,56,13,cdf3e0c03c7a9819d0b231bd5fd1e32dad4e9eb59346c502de850f9e11409400,0x0065D59C,"[{""symbol"":""??_C@_0N@FKGOHOIG@texm3x2depth?$AA@"",""offset"":0}]"
sdk-data-937456035654,d3dx8.lib,39a8e21889a7c1f0b966f04a9e7d392de14ddebb3e091dfa1e5ce3e19564fc28,obj\i386\cd3dxassembler.obj,428232,68,8,51b9f3e03b6b75be4ced4c7ed10505360b3a1686d608d1fa901457d1b0afad27,0x0065D624,"[{""symbol"":""??_C@_07KMHBLLCI@texkill?$AA@"",""offset"":0}]"
sdk-data-998c2a012301,d3dx8.lib,39a8e21889a7c1f0b966f04a9e7d392de14ddebb3e091dfa1e5ce3e19564fc28,obj\i386\cd3dxassembler.obj,428232,60,11,24e6680b11bdd135627ae691844c0afba73294b7121ca0b76ee3b8d68478ba43,0x0065D5D4,"[{""symbol"":""??_C@_0L@FGBICJOM@texm3x3pad?$AA@"",""offset"":0}]"
sdk-data-99e4fc652572,d3dx8.lib,39a8e21889a7c1f0b966f04a9e7d392de14ddebb3e091dfa1e5ce3e19564fc28,obj\i386\cd3dxassembler.obj,428232,46,4,bfaf6156246d145a3d4ad3fc4d8c91b6c3b99d11cdd5362b0b432332871a9ac0,0x0065D548,"[{""symbol"":""??_C@_03HKCDEEHL@rcp?$AA@"",""offset"":0}]"
sdk-data-a048cfde8fd1,d3dx8.lib,39a8e21889a7c1f0b966f04a9e7d392de14ddebb3e091dfa1e5ce3e19564fc28,obj\i386\cd3dxassembler.obj,428232,76,4,1a838700a7f78afb6088fd1001b750779d1989f1b4b4eb1205028405a433cdec,0x0065D650,"[{""symbol"":""??_C@_03MKGFENNH@dp3?$AA@"",""offset"":0}]"
sdk-data-a2281ff7359e,d3dx8.lib,39a8e21889a7c1f0b966f04a9e7d392de14ddebb3e091dfa1e5ce3e19564fc28,obj\i386\cd3dxassembler.obj,428232,71,3,9ccd08418d106ad98ab8f63021bbb9dbad7373a38d90345a4559158c3f1f6dcd,0x0065D63C,"[{""symbol"":""??_C@_02ENMDKDPO@x8?$AA@"",""offset"":0}]"
sdk-data-a51113b7d082,d3dx8.lib,39a8e21889a7c1f0b966f04a9e7d392de14ddebb3e091dfa1e5ce3e19564fc28,obj\i386\cd3dxassembler.obj,428232,74,4,2cc993bcc20cae3b0800e12a4bde185f2fdead0b72b1bb877504cf8909d8f7ed,0x0065D648,"[{""symbol"":""??_C@_03NJFDAMGG@frc?$AA@"",""offset"":0}]"
sdk-data-b2032a7f6644,d3dx8.lib,39a8e21889a7c1f0b966f04a9e7d392de14ddebb3e091dfa1e5ce3e19564fc28,obj\i386\png.obj,1815914,2,8,4c4b6a3be1314ab86138bef4314dde022e600960d8689a2c8f8631802d20dab6,0x0065F5E4,"[{""symbol"":""_png_sig"",""offset"":0}]"
sdk-data-b506191f7fe7,d3dx8.lib,39a8e21889a7c1f0b966f04a9e7d392de14ddebb3e091dfa1e5ce3e19564fc28,obj\i386\cd3dxassembler.obj,428232,28,3,7189f3973cae294ca0cdbae556b487a2c4c3aadb103119df9af0c60776692efc,0x0065D4E4,"[{""symbol"":""??_C@_02LHCMELHE@x2?$AA@"",""offset"":0}]"
sdk-data-b6a5908863ac,d3dx8.lib,39a8e21889a7c1f0b966f04a9e7d392de14ddebb3e091dfa1e5ce3e19564fc28,obj\i386\cd3dxassembler.obj,428232,34,5,abfd50599d294e1812cfdfc8f6ae208afa09de624303a8c876d0f8d1999d4994,0x0065D50C,"[{""symbol"":""??_C@_04FLCJCGEO@m3x4?$AA@"",""offset"":0}]"
sdk-data-b71d825a4a44,d3dx8.lib,39a8e21889a7c1f0b966f04a9e7d392de14ddebb3e091dfa1e5ce3e19564fc28,obj\i386\cd3dxassembler.obj,428232,66,7,5e985360827c2b9b309d3de02b62eb4b589f628d360daca148fc6b267e711c67,0x0065D618,"[{""symbol"":""??_C@_06OEEPMCPH@texbem?$AA@"",""offset"":0}]"
sdk-data-b873b7ccc2ac,d3dx8.lib,39a8e21889a7c1f0b966f04a9e7d392de14ddebb3e091dfa1e5ce3e19564fc28,obj\i386\cd3dxassembler.obj,428232,78,4,384a31df196bbae2690f4256caac8da17ebf2efd9f54a41e72e887ae6cdde306,0x0065D658,"[{""symbol"":""??_C@_03FPHDAAIJ@mad?$AA@"",""offset"":0}]"
sdk-data-b8bcd4692c9f,d3dx8.lib,39a8e21889a7c1f0b966f04a9e7d392de14ddebb3e091dfa1e5ce3e19564fc28,obj\i386\pngget.obj,1824880,15,50,ed94569daacc826aba9914cd79710198fc8fd2146b8bdbb171432f4725fc9609,0x0065F444,"[{""symbol"":""??_C@_0DC@MHGEAIEM@Width?5too?5large?5for?5libpng?5to?5pr@"",""offset"":0}]"
sdk-data-b8e00bb49367,d3dx8.lib,39a8e21889a7c1f0b966f04a9e7d392de14ddebb3e091dfa1e5ce3e19564fc28,obj\i386\cd3dxassembler.obj,428232,82,4,9314237daa0a6eeceb840cfed85641ec1196caceb6c40a41245363badb0f0059,0x0065D668,"[{""symbol"":""??_C@_03GJPGFFDI@nop?$AA@"",""offset"":0}]"
sdk-data-b942f168b00b,d3dx8.lib,39a8e21889a7c1f0b966f04a9e7d392de14ddebb3e091dfa1e5ce3e19564fc28,obj\i386\d3dx8tex.obj,1540360,8,100,8f17ff252362f33052cbee9e7574c9dbfb35a06142729252b1d4380e4698ddea,0x0065D2D0,"[{""symbol"":""?bConversion@?1??D3DXScoreFormat@@YAIPBU_D3DXFORMAT_INFO@@0@Z@4QAY04$$CBHA"",""offset"":0}]"
sdk-data-bba9d47081a2,d3dx8.lib,39a8e21889a7c1f0b966f04a9e7d392de14ddebb3e091dfa1e5ce3e19564fc28,obj\i386\cd3dxassembler.obj,428232,53,8,fb646213a0fbe7807b6d0a3092c148b050e476aa006053791d2afe15583010df,0x0065D580,"[{""symbol"":""??_C@_07KBINOLHJ@texm3x3?$AA@"",""offset"":0}]"
sdk-data-c5e1e15024a5,d3dx8.lib,39a8e21889a7c1f0b966f04a9e7d392de14ddebb3e091dfa1e5ce3e19564fc28,obj\i386\pngrutil.obj,1858412,2,117,71a911dba9cb4e60921bba8aa6247bdd12f79f0b20c1747aa19cf62fc50d727c,0x0065FC44,"[{""symbol"":""_png_IDAT"",""offset"":112},{""symbol"":""_png_pass_yinc"",""offset"":84},{""symbol"":""_png_pass_ystart"",""offset"":56},{""symbol"":""_png_pass_inc"",""offset"":28},{""symbol"":""_png_pass_start"",""offset"":0}]"
sdk-data-c842f3ee5fb6,d3dx8.lib,39a8e21889a7c1f0b966f04a9e7d392de14ddebb3e091dfa1e5ce3e19564fc28,obj\i386\pngerror.obj,1879636,2,16,2125b2c332b1113aae9bfc5e9f7e3b4c91d828cb942c2df1eeb02502eccae9e9,0x0065F230,"[{""symbol"":""_png_digit"",""offset"":0}]"
sdk-data-ca5066966031,d3dx8.lib,39a8e21889a7c1f0b966f04a9e7d392de14ddebb3e091dfa1e5ce3e19564fc28,obj\i386\cd3dxassembler.obj,428232,72,4,7313850a3e0c5c14a4df95d6f564f8bdc2782ae801dac3e42423e04ee50ee3f5,0x0065D640,"[{""symbol"":""??_C@_03LEPADAIH@cnd?$AA@"",""offset"":0}]"
sdk-data-d0f86d8e4171,d3dx8.lib,39a8e21889a7c1f0b966f04a9e7d392de14ddebb3e091dfa1e5ce3e19564fc28,obj\i386\cd3dxassembler.obj,428232,30,5,9612d344f30d8dce76d43822502a181ab176778d4807ed7f10b658fec5ae0de8,0x0065D4EC,"[{""symbol"":""??_C@_04GEPNNBKI@logp?$AA@"",""offset"":0}]"
sdk-data-d1e142ec3187,d3dx8.lib,39a8e21889a7c1f0b966f04a9e7d392de14ddebb3e091dfa1e5ce3e19564fc28,obj\i386\jdhuff.obj,1611410,2,232,de1cf937d20946d112a31ee44a35519e0a957d1c9dccd020eca2aff2a69fc7ec,0x00660540,"[{""symbol"":""_oneminustwoexpn"",""offset"":180},{""symbol"":""_twoexpnminusone"",""offset"":128},{""symbol"":""_extend_offset"",""offset"":64},{""symbol"":""_extend_test"",""offset"":0}]"
sdk-data-d359f5016887,d3dx8.lib,39a8e21889a7c1f0b966f04a9e7d392de14ddebb3e091dfa1e5ce3e19564fc28,obj\i386\cd3dxassembler.obj,428232,73,4,edabe618fe9741261bb9293a7e90b1073dc534f836386563ee490bce4e50230a,0x0065D644,"[{""symbol"":""??_C@_03NHABKNJA@lrp?$AA@"",""offset"":0}]"
sdk-data-d37520726256,d3dx8.lib,39a8e21889a7c1f0b966f04a9e7d392de14ddebb3e091dfa1e5ce3e19564fc28,obj\i386\cd3dxassembler.obj,428232,43,4,d4ea75d70aa936f892b9f9a14aaa9c938bd11d0c1830eeff2066769b550992ac,0x0065D53C,"[{""symbol"":""??_C@_03LJAEFNNE@max?$AA@"",""offset"":0}]"
sdk-data-dcefc007f4fe,d3dx8.lib,39a8e21889a7c1f0b966f04a9e7d392de14ddebb3e091dfa1e5ce3e19564fc28,obj\i386\pngrutil.obj,1858412,19,34,e55474824102b86bc4f4d84baa4a8c61132bdbfa9b09d3e3505f0bb6f47ffa3f,0x0065FCD0,"[{""symbol"":""??_C@_0CC@FECADCN@Ignoring?5bad?5adaptive?5filter?5typ@"",""offset"":0}]"
sdk-data-dddb258857a3,d3dx8.lib,39a8e21889a7c1f0b966f04a9e7d392de14ddebb3e091dfa1e5ce3e19564fc28,obj\i386\cd3dxassembler.obj,428232,39,4,8b701f465117fc4a1d6f3ecee15260f226c65b0918e518e6e005400df8bc36fa,0x0065D52C,"[{""symbol"":""??_C@_03MGHMBJCF@log?$AA@"",""offset"":0}]"
sdk-data-e2e2e84408dd,d3dx8.lib,39a8e21889a7c1f0b966f04a9e7d392de14ddebb3e091dfa1e5ce3e19564fc28,obj\i386\cd3dxassembler.obj,428232,44,4,834408a40783ca2b2318cd4c8eeaca77a6f515559f3eb3e9f2d29f728067a875,0x0065D540,"[{""symbol"":""??_C@_03KLIPLJLL@min?$AA@"",""offset"":0}]"
sdk-data-e30cad1b669b,d3dx8.lib,39a8e21889a7c1f0b966f04a9e7d392de14ddebb3e091dfa1e5ce3e19564fc28,obj\i386\inftrees.obj,1966486,8,40,760b9a2ea7d92b09df7d6b5560376c8f77777012becdadfe24bc75fac6447af9,0x00660C2C,"[{""symbol"":""??_C@_0CI@CGMOPDPD@oversubscribed?5dynamic?5bit?5lengt@"",""offset"":0}]"
sdk-data-e78598f2ca1f,d3dx8.lib,39a8e21889a7c1f0b966f04a9e7d392de14ddebb3e091dfa1e5ce3e19564fc28,obj\i386\cd3dxassembler.obj,428232,67,4,b0e6780608cd93e90cffbb23404b184ee2f406bd7e31e6518af7af651ba9d8ad,0x0065D620,"[{""symbol"":""??_C@_03JDBMONBN@tex?$AA@"",""offset"":0}]"
sdk-data-eb1a30a1bc22,d3dx8.lib,39a8e21889a7c1f0b966f04a9e7d392de14ddebb3e091dfa1e5ce3e19564fc28,obj\i386\jquant1.obj,1704092,2,256,6708d0be39d5eb064240647ad355b5881b76a037de5a2bdc250a4352ec3be242,0x00660768,"[{""symbol"":""_base_dither_matrix"",""offset"":0}]"
sdk-data-f633a9e6afc3,d3dx8.lib,39a8e21889a7c1f0b966f04a9e7d392de14ddebb3e091dfa1e5ce3e19564fc28,obj\i386\cd3dxassembler.obj,428232,80,4,e85d22cc2678869c9425831cbc59ed688f5415192a32129fb2a404d693bcf601,0x0065D660,"[{""symbol"":""??_C@_03BDGOHNNK@add?$AA@"",""offset"":0}]"
sdk-data-f6a8f1fafd3c,d3dx8.lib,39a8e21889a7c1f0b966f04a9e7d392de14ddebb3e091dfa1e5ce3e19564fc28,obj\i386\cd3dxassembler.obj,428232,47,4,88027f54393defeadcfcf4d1910dc5dd28ebc078c0e69b09352da38e71d4f89f,0x0065D54C,"[{""symbol"":""??_C@_03NBNLADEK@bem?$AA@"",""offset"":0}]"
sdk-data-f6d3232a2793,d3dx8.lib,39a8e21889a7c1f0b966f04a9e7d392de14ddebb3e091dfa1e5ce3e19564fc28,obj\i386\miint.obj,1724636,2,200,20ebb625365b6bb75e2b8dec90589d7ad7723eaaff1ad80d0976ad21db5e140e,0x00660D38,"[{""symbol"":""_const_1_175_00_00_00"",""offset"":192},{""symbol"":""_const_1_96_00_0_3901_00"",""offset"":184},{""symbol"":""_const_0_899_00_2_562_00"",""offset"":176},{""symbol"":""_const_0_2986_00_2_053_00"",""offset"":168},{""symbol"":""_const_3_072_00_1_501_00"",""offset"":160},{""symbol"":""_const_00_0_5411_00_00"",""offset"":152},{""symbol"":""_const_00_1_84_00_0_765"",""offset"":144},{""symbol"":""_const_mask"",""offset"":136},{""symbol"":""_const_round_two"",""offset"":128},{""symbol"":""_const_round"",""offset"":120},{""symbol"":""_const_1_0"",""offset"":112},{""symbol"":""_const_0_1_0_1"",""offset"":104},{""symbol"":""_const_all_ones"",""offset"":96},{""symbol"":""_const_3_072"",""offset"":88},{""symbol"":""_const_2_562"",""offset"":80},{""symbol"":""_const_2_053"",""offset"":72},{""symbol"":""_const_1_961"",""offset"":64},{""symbol"":""_const_1_8477"",""offset"":56},{""symbol"":""_const_1_501"",""offset"":48},{""symbol"":""_const_1_175"",""offset"":40},{""symbol"":""_const_0_899"",""offset"":32},{""symbol"":""_const_0_7653"",""offset"":24},{""symbol"":""_const_0_54119"",""offset"":16},{""symbol"":""_const_0_3901"",""offset"":8},{""symbol"":""_const_0_2986"",""offset"":0}]"
sdk-data-f7ce6bbe9fe4,d3dx8.lib,39a8e21889a7c1f0b966f04a9e7d392de14ddebb3e091dfa1e5ce3e19564fc28,obj\i386\cd3dxassembler.obj,428232,62,11,b2d3356e88394fba87f9fedf938320d4537d7d5c7d978f8fde52d90ede40c776,0x0065D5EC,"[{""symbol"":""??_C@_0L@GLHIAAFM@texm3x2pad?$AA@"",""offset"":0}]"
sdk-data-f9418539201f,d3dx8.lib,39a8e21889a7c1f0b966f04a9e7d392de14ddebb3e091dfa1e5ce3e19564fc28,obj\i386\inftrees.obj,1966486,11,31,0cc1a79ae5595368158c1400aaee28f633f7f4e0daa844278c1104793856d61f,0x00660C54,"[{""symbol"":""??_C@_0BP@NEEEJJNA@incomplete?5literal?1length?5tree?$AA@"",""offset"":0}]"
sdk-data-fb830426fde2,d3dx8.lib,39a8e21889a7c1f0b966f04a9e7d392de14ddebb3e091dfa1e5ce3e19564fc28,obj\i386\cd3dxassembler.obj,428232,31,5,7dd69e2c6b1a189ec98ed7f50fa4cb7a77b3329fdf1ce12f7185b87dbcec09ea,0x0065D4F4,"[{""symbol"":""??_C@_04LNEKGJAK@expp?$AA@"",""offset"":0}]"
sdk-data-fbb54bd12293,d3dx8.lib,39a8e21889a7c1f0b966f04a9e7d392de14ddebb3e091dfa1e5ce3e19564fc28,obj\i386\mifst.obj,1728528,2,40,39b9131dbd4425b4aba0f6a8a30240618bf5ef79bfbde5ac35835bb20f083058,0x00660E10,"[{""symbol"":""_const_zero"",""offset"":32},{""symbol"":""_x61f861f861f861f8"",""offset"":24},{""symbol"":""_x4546454645464546"",""offset"":16},{""symbol"":""_x539f539f539f539f"",""offset"":8},{""symbol"":""_x5a825a825a825a82"",""offset"":0}]"
