address,source_symbol,caller_address,caller_symbol,caller_member,caller_member_offset,caller_size,call_offset,evidence_id
0x0060BEF3,??0CD3DXFile@@QAE@XZ,0x00604A10,_D3DXAssembleShaderFromFileA@20,obj\i386\d3dx8core.obj,338212,140,16,R026
0x0060EA5C,??0CD3DXResource@@QAE@XZ,0x00604B65,_D3DXAssembleShaderFromResourceA@24,obj\i386\d3dx8core.obj,338212,142,16,R026
0x0060EBB4,??0CD3DXImage@@QAE@XZ,0x006106E4,?LoadDDS@CD3DXImage@@AAEJPBXK@Z,obj\i386\cd3dximage.obj,1516190,833,482,R026
0x0061119B,??0CD3DXBlt@@QAE@XZ,0x00610CCD,?Save@CD3DXImage@@QAEJPBXW4_D3DXIMAGE_FILEFORMAT@@H@Z,obj\i386\cd3dximage.obj,1516190,713,135,R026
0x006111A5,??1CD3DXBlt@@QAE@XZ,0x00610CCD,?Save@CD3DXImage@@QAEJPBXW4_D3DXIMAGE_FILEFORMAT@@H@Z,obj\i386\cd3dximage.obj,1516190,713,533,R026
0x00614B4D,??0CD3DXLockSurface@@QAE@XZ,0x00605410,_D3DXLoadSurfaceFromMemory@40,obj\i386\d3dx8tex.obj,1540360,223,24,R026
0x00614BCC,?Unlock@CD3DXLockVolume@@QAEJXZ,0x00614FFF,?Lock@CD3DXLockVolume@@QAEJPAUD3DX_BLT@@PAUIDirect3DVolume8@@PBUtagPALETTEENTRY@@PBU_D3DBOX@@KK@Z,obj\i386\cd3dxlock.obj,1511402,859,19,R026
0x0061FB27,??0CD3DXDwStack@@QAE@XZ,0x0060C12B,??0CD3DXAssembler@@QAE@XZ,obj\i386\cd3dxassembler.obj,428232,169,32,R026
0x0061FBEF,??0CD3DXSzStack@@QAE@XZ,0x0060C12B,??0CD3DXAssembler@@QAE@XZ,obj\i386\cd3dxassembler.obj,428232,169,19,R026
0x0062264F,?png_set_error_fn@D3DX@@YAXPAUpng_struct_def@1@PAXP6AX0PBD@Z3@Z,0x006226EE,?png_create_read_struct@D3DX@@YAPAUpng_struct_def@1@PBDPAXP6AXPAU21@0@Z3@Z,obj\i386\pngread.obj,1828564,259,76,R026
0x0062268F,?png_warning@D3DX@@YAXPAUpng_struct_def@1@PBD@Z,0x00625259,?png_set_IHDR@D3DX@@YAXPAUpng_struct_def@1@PAUpng_info_struct@1@KKHHHHH@Z,obj\i386\pngset.obj,1821726,161,133,R026
0x00623177,?png_get_valid@D3DX@@YAKPAUpng_struct_def@1@PAUpng_info_struct@1@K@Z,0x0061014E,?LoadPNG@CD3DXImage@@AAEJPBXK@Z,obj\i386\cd3dximage.obj,1516190,1430,474,R026
0x00623191,?png_get_rowbytes@D3DX@@YAKPAUpng_struct_def@1@PAUpng_info_struct@1@@Z,0x0061014E,?LoadPNG@CD3DXImage@@AAEJPBXK@Z,obj\i386\cd3dximage.obj,1516190,1430,754,R026
0x006231A7,?png_get_channels@D3DX@@YAEPAUpng_struct_def@1@PAUpng_info_struct@1@@Z,0x0061014E,?LoadPNG@CD3DXImage@@AAEJPBXK@Z,obj\i386\cd3dximage.obj,1516190,1430,665,R026
0x00623392,?png_set_bgr@D3DX@@YAXPAUpng_struct_def@1@@Z,0x0061014E,?LoadPNG@CD3DXImage@@AAEJPBXK@Z,obj\i386\cd3dximage.obj,1516190,1430,570,R026
0x0062339B,?png_set_swap@D3DX@@YAXPAUpng_struct_def@1@@Z,0x0061014E,?LoadPNG@CD3DXImage@@AAEJPBXK@Z,obj\i386\cd3dximage.obj,1516190,1430,276,R026
0x006233AD,?png_set_packing@D3DX@@YAXPAUpng_struct_def@1@@Z,0x0061014E,?LoadPNG@CD3DXImage@@AAEJPBXK@Z,obj\i386\cd3dximage.obj,1516190,1430,341,R026
0x006233DF,?png_set_interlace_handling@D3DX@@YAHPAUpng_struct_def@1@@Z,0x00622E77,?png_read_image@D3DX@@YAXPAUpng_struct_def@1@PAPAE@Z,obj\i386\pngread.obj,1828564,77,11,R026
0x00623C54,?png_set_gray_1_2_4_to_8@D3DX@@YAXPAUpng_struct_def@1@@Z,0x0061014E,?LoadPNG@CD3DXImage@@AAEJPBXK@Z,obj\i386\cd3dximage.obj,1516190,1430,362,R026
0x00623C5D,?png_set_tRNS_to_alpha@D3DX@@YAXPAUpng_struct_def@1@@Z,0x0061014E,?LoadPNG@CD3DXImage@@AAEJPBXK@Z,obj\i386\cd3dximage.obj,1516190,1430,489,R026
0x0062523E,?png_set_gAMA@D3DX@@YAXPAUpng_struct_def@1@PAUpng_info_struct@1@N@Z,0x00625339,?png_set_sRGB_gAMA_and_cHRM@D3DX@@YAXPAUpng_struct_def@1@PAUpng_info_struct@1@H@Z,obj\i386\pngset.obj,1821726,57,48,R026
0x0062531E,?png_set_sRGB@D3DX@@YAXPAUpng_struct_def@1@PAUpng_info_struct@1@H@Z,0x0061014E,?LoadPNG@CD3DXImage@@AAEJPBXK@Z,obj\i386\cd3dximage.obj,1516190,1430,399,R026
0x00625583,?png_info_destroy@D3DX@@YAXPAUpng_struct_def@1@PAUpng_info_struct@1@@Z,0x00622FC4,?png_read_destroy@D3DX@@YAXPAUpng_struct_def@1@PAUpng_info_struct@1@1@Z,obj\i386\pngread.obj,1828564,291,24,R026
0x00627205,?jdiv_round_up@D3DX@@YAJJJ@Z,0x006272E3,?initial_setup@D3DX@@YAXPAUjpeg_decompress_struct@1@@Z,obj\i386\jdinput.obj,1616660,443,277,R026
0x00627215,?jround_up@D3DX@@YAJJJ@Z,0x0062C003,?jinit_d_coef_controller@D3DX@@YAXPAUjpeg_decompress_struct@1@E@Z,obj\i386\jdcoefct.obj,1595984,248,110,R026
0x00627296,?jzero_far@D3DX@@YAXPAXI@Z,0x0062B4E6,?decompress_onepass@D3DX@@YAHPAUjpeg_decompress_struct@1@PAPAPAE@Z,obj\i386\jdcoefct.obj,1595984,474,77,R026
0x006277FC,?out_of_memory@D3DX@@YAXPAUjpeg_common_struct@1@H@Z,0x00627811,?alloc_small@D3DX@@YAPAXPAUjpeg_common_struct@1@HI@Z,obj\i386\jmemmgr.obj,1693364,252,33,R026
0x00628262,?jpeg_alloc_quant_table@D3DX@@YAPAUJQUANT_TBL@1@PAUjpeg_common_struct@1@@Z,0x00621B53,?get_dqt@D3DX@@YAEPAUjpeg_decompress_struct@1@@Z,obj\i386\jdmarker.obj,1624966,553,226,R026
0x0062827E,?jpeg_alloc_huff_table@D3DX@@YAPAUJHUFF_TBL@1@PAUjpeg_common_struct@1@@Z,0x006218BF,?get_dht@D3DX@@YAEPAUjpeg_decompress_struct@1@@Z,obj\i386\jdmarker.obj,1624966,660,590,R026
0x0062AE6E,?jpeg_open_backing_store@D3DX@@YAXPAUjpeg_common_struct@1@PAUbacking_store_struct@1@J@Z,0x00627B8D,?realize_virt_arrays@D3DX@@YAXPAUjpeg_common_struct@1@@Z,obj\i386\jmemmgr.obj,1693364,383,205,R026
0x0063DD50,?inflate_codes_free@D3DX@@YAXPAUinflate_codes_state@1@PAUz_stream_s@1@@Z,0x0063A80B,?inflate_blocks_reset@D3DX@@YAXPAUinflate_blocks_state@1@PAUz_stream_s@1@PAK@Z,obj\i386\infblock.obj,1948478,107,59,R026
