address,size,body_sha256,group_id,destination,inferred_role,evidence_id
0x00614BE2,5,389a18c5ccec2afe1449110a589b9d450bf21525961ad56b5fa59a695d0dbe00,lock_surface,0x00614B5D,D3DX8::ForwardingDestructor_00614BE2,R039
0x00614FFA,5,9c06a788e5c73b74800a7a93ada4ea0d68dc1ab6df8a11faf0a5de10030dbdb9,lock_volume,0x00614BCC,D3DX8::ForwardingDestructor_00614FFA,R039
0x006190D7,5,3b77ccb3c43464a80bf27c5a40820505fb7c8f3c6e79cfa50c2915d9a4dad856,codec_base,0x0061535A,D3DX8::ForwardingDestructor_006190D7,R039
0x00619114,5,15185307df720acd0b6944c2573a90f67a938d1492d99f63e67c169bb3f68348,codec_base,0x0061535A,D3DX8::ForwardingDestructor_00619114,R039
0x00619151,5,009eb180ccc1895678be5d61299c0493b88d5475df88e0c37b428845cf35c11a,codec_base,0x0061535A,D3DX8::ForwardingDestructor_00619151,R039
0x0061937A,5,2b32852d99c2cb5107fd1d5058ee39505dc88414bafb3c71da5a355f25508474,codec_base,0x0061535A,D3DX8::ForwardingDestructor_0061937A,R039
0x006193B7,5,f00dcba508af0dbf54784bb89faf75d7a6b1c571848651c2fe4b6308af1abed0,codec_base,0x0061535A,D3DX8::ForwardingDestructor_006193B7,R039
0x006193F4,5,66ed82e1eb4aae33b589e461b5b4ba7a42c1e6d8622c839ec5e081f50846b370,codec_base,0x0061535A,D3DX8::ForwardingDestructor_006193F4,R039
0x00619702,5,fdd0c9523452d0a7f25e97b3a619ddbcb5aec210061563edb5cc890c96046032,codec_base,0x0061535A,D3DX8::ForwardingDestructor_00619702,R039
0x0061973F,5,f8292fe338f3109119fdd050209045040631ea787a0af712ad4640e8c31e5ec6,codec_base,0x0061535A,D3DX8::ForwardingDestructor_0061973F,R039
0x0061977C,5,af03b4e937fa63c20958321e6fa356aa117a2f6dc5b72e4b9da205a58d443653,codec_base,0x0061535A,D3DX8::ForwardingDestructor_0061977C,R039
0x006197B9,5,69099918ffd63ecf2405f370ac870bb8bd140bb8ea2007d3247dfa63e356271f,codec_base,0x0061535A,D3DX8::ForwardingDestructor_006197B9,R039
0x006197F6,5,a7da3e1145de97161c021b9552e08719ff051d4ca38c4452dfcdfd8b02ae6c36,codec_base,0x0061535A,D3DX8::ForwardingDestructor_006197F6,R039
0x006198C0,5,6478f5750cae9e1eb01fd6549e3dde1dd231fc2e20d15bde74832a3bba67298a,codec_base,0x0061535A,D3DX8::ForwardingDestructor_006198C0,R039
0x0061996C,5,a193764a532e88ffc7dc4ed555f0e471e504d5730accce5bf6d09d47354764c6,codec_base,0x0061535A,D3DX8::ForwardingDestructor_0061996C,R039
0x00619B9B,5,b1ce28caf677c0cc1dac6266efd5447e57f627eb45b12af535ff0caa1c54896a,codec_base,0x0061535A,D3DX8::ForwardingDestructor_00619B9B,R039
0x00619BD8,5,c4e200dfbdec175af6509c048c3b5390ea73c691c19879e0ede20381ea16bf21,codec_base,0x0061535A,D3DX8::ForwardingDestructor_00619BD8,R039
0x00619C15,5,1dbc7b52a07c35ff052e17444cd56cc318c8e0f2dd16b5e67d61a3ec44ed6242,codec_base,0x0061535A,D3DX8::ForwardingDestructor_00619C15,R039
0x00619C6E,5,10cf1090966a3635ad88b459d84eddfc10f635b98fca87302a4490b498ee6dd2,codec_base,0x0061535A,D3DX8::ForwardingDestructor_00619C6E,R039
0x00619CAB,5,32134aaa14dd53dbfd583d1f47642ac4b9786efb6bee3e2bd78a6fd75862438f,codec_base,0x0061535A,D3DX8::ForwardingDestructor_00619CAB,R039
0x00619DE9,5,82ed114e24d3ec33f08b56a36705bfe8627bcfc79861498653f8f1840525e8f2,codec_base,0x0061535A,D3DX8::ForwardingDestructor_00619DE9,R039
0x00619E26,5,1198693cc5d0b3ced15ae50543d1833729664c8d814790a820a104a32c16854e,codec_base,0x0061535A,D3DX8::ForwardingDestructor_00619E26,R039
0x00619E63,5,2119761ac763e7d96e551d09bc6a20ebb194ff0c5ed72c12362d05de75bacc92,codec_base,0x0061535A,D3DX8::ForwardingDestructor_00619E63,R039
0x00619EA0,5,7d7f8709c09f475efdf3fd854f98bab87c82075b9471e2b5cbc39065574437bc,codec_base,0x0061535A,D3DX8::ForwardingDestructor_00619EA0,R039
0x00619EDD,5,65c494b02e773c4de69af1edd047b0a4b5ec558fa090c0611d9e189e0a974e16,codec_base,0x0061535A,D3DX8::ForwardingDestructor_00619EDD,R039
0x00619F1A,5,6bf63285bfc53997de29ca231892812e6ff15d69f971c989d36663644c511730,codec_base,0x0061535A,D3DX8::ForwardingDestructor_00619F1A,R039
0x00619F57,5,ca1402478b4ab3809e78fb5d42ceb1e944fd0fdd03c15097672f6341178735d1,codec_base,0x0061535A,D3DX8::ForwardingDestructor_00619F57,R039
0x00619F94,5,257345d099be461fa0e173df5a9b9a10d71d5406e75cfe9806d7e8b21ef175dc,codec_base,0x0061535A,D3DX8::ForwardingDestructor_00619F94,R039
0x00619FD1,5,16a03c85c1e2df907636111d603346a6d820a0ace996514d39a59cfa88a02be5,codec_base,0x0061535A,D3DX8::ForwardingDestructor_00619FD1,R039
0x0061A2B7,5,3dddee70e2abd0a07c4fda509fbf53c5baa7e461c4100a5ffd7fbdf3706037d6,codec_base,0x0061535A,D3DX8::ForwardingDestructor_0061A2B7,R039
0x0061A2F4,5,8e7252e5cbbd7644ca59ae60d66c05d2405c2864c33885a1c49f7d2cdee88658,codec_base,0x0061535A,D3DX8::ForwardingDestructor_0061A2F4,R039
0x0061A331,5,3e3e805e8d6a3fcc8adeb6649951b863213faabcfed244eeac156626be2be9a4,codec_base,0x0061535A,D3DX8::ForwardingDestructor_0061A331,R039
0x0061A36A,5,3fee32fde0c7c8119e70fa0967fd04291fe877c4973d6d6b238fb80018fedb33,codec_dxt,0x0061572C,D3DX8::ForwardingDestructor_0061A36A,R039
0x0061A3A3,5,16a03c85c1e2df907636111d603346a6d820a0ace996514d39a59cfa88a02be5,codec_dxt,0x0061572C,D3DX8::ForwardingDestructor_0061A3A3,R039
0x0061A3DC,5,7e49d6b056569dfa21a3efe572edcd98c57b68494db60259b3b0467deefd3b02,codec_dxt,0x0061572C,D3DX8::ForwardingDestructor_0061A3DC,R039
0x0061A415,5,1d03118e4d1122edb347c2d756265f386322db7eae670e3b896cd6d884d7010b,codec_dxt,0x0061572C,D3DX8::ForwardingDestructor_0061A415,R039
0x0061A44E,5,a50085ceccc918addaa8d4ed7f5e63a264728c70e11b030303d935559c34ca46,codec_dxt,0x0061572C,D3DX8::ForwardingDestructor_0061A44E,R039
0x0061AC60,5,740ba357796fba19e25a3649ffc8e3e4d493ebf3e71ecc7d3743526cf6421558,codec_yuv,0x0061A453,D3DX8::ForwardingDestructor_0061AC60,R039
0x0061AC81,5,7a2dbb9423b6a785965147ec184deb265ac5a4aa2c981c2c4b0f30b926270921,codec_yuv,0x0061A453,D3DX8::ForwardingDestructor_0061AC81,R039
