address,size,inferred_vendor_signature,coff_symbol,profile,nonrelocation_sha256,relocation_bindings
0x004044F0,103,"protected: void __thiscall std::vector<struct IDirectInputDevice8A *,class std::allocator<struct IDirectInputDevice8A *> >::_Tidy(void)",?_Tidy@?$vector@PAUIDirectInputDevice8A@@V?$allocator@PAUIDirectInputDevice8A@@@std@@@std@@IAEXXZ,VC71-Od-EH-GS,755519447f00882c1f9f95b318bd2bceb902d293e58e4e52a2ec86278a9bf5ce,"[{""offset"":34,""type"":""REL32"",""symbol"":""?_Destroy@?$vector@PAUIDirectInputDevice8A@@V?$allocator@PAUIDirectInputDevice8A@@@std@@@std@@IAEXPAPAUIDirectInputDevice8A@@0@Z"",""target"":""0x004044C0"",""addend"":0},{""offset"":65,""type"":""REL32"",""symbol"":""?deallocate@?$allocator@PAUIDirectInputDevice8A@@@std@@QAEXPAPAUIDirectInputDevice8A@@I@Z"",""target"":""0x00405100"",""addend"":0}]"
0x00404560,46,"protected: struct IDirectInputDevice8A * * __thiscall std::vector<struct IDirectInputDevice8A *,class std::allocator<struct IDirectInputDevice8A *> >::_Ufill(struct IDirectInputDevice8A * *,unsigned int,struct IDirectInputDevice8A * const &)",?_Ufill@?$vector@PAUIDirectInputDevice8A@@V?$allocator@PAUIDirectInputDevice8A@@@std@@@std@@IAEPAPAUIDirectInputDevice8A@@PAPAU3@IABQAU3@@Z,VC71-Od-EH-GS,7867ad7cf1d4514876defa0ebb687736eb78ddc29f326045e700d84a6dd408ab,"[{""offset"":24,""type"":""REL32"",""symbol"":""??$_Uninitialized_fill_n@PAPAUIDirectInputDevice8A@@IPAU1@V?$allocator@PAUIDirectInputDevice8A@@@std@@@std@@YAXPAPAUIDirectInputDevice8A@@IABQAU1@AAV?$allocator@PAUIDirectInputDevice8A@@@0@@Z"",""target"":""0x00405D20"",""addend"":0}]"
0x00404590,31,"public: class std::vector<struct DIJOYSTATE,class std::allocator<struct DIJOYSTATE> >::iterator __thiscall std::vector<struct DIJOYSTATE,class std::allocator<struct DIJOYSTATE> >::begin(void)",?begin@?$vector@UDIJOYSTATE@@V?$allocator@UDIJOYSTATE@@@std@@@std@@QAE?AViterator@12@XZ,VC71-Od-EH-GS,48ccf9c5a873fb47d715603b43bcb95f18976b1d0727bd628758ec1240319c6a,"[{""offset"":18,""type"":""REL32"",""symbol"":""??0iterator@?$vector@UDIJOYSTATE@@V?$allocator@UDIJOYSTATE@@@std@@@std@@QAE@PAUDIJOYSTATE@@@Z"",""target"":""0x004052F0"",""addend"":0}]"
0x004045B0,121,"protected: void __thiscall std::vector<struct DIJOYSTATE,class std::allocator<struct DIJOYSTATE> >::_Assign_n(unsigned int,struct DIJOYSTATE const &)",?_Assign_n@?$vector@UDIJOYSTATE@@V?$allocator@UDIJOYSTATE@@@std@@@std@@IAEXIABUDIJOYSTATE@@@Z,VC71-Od-EH-GS,45a09876a64a60237006ff03cb2e83028bf3c48dd2ec01bd9fb4ab3021f9f3a8,"[{""offset"":7,""type"":""DIR32"",""symbol"":""___security_cookie"",""target"":""0x0066FE30"",""addend"":0},{""offset"":40,""type"":""REL32"",""symbol"":""?end@?$vector@UDIJOYSTATE@@V?$allocator@UDIJOYSTATE@@@std@@@std@@QAE?AViterator@12@XZ"",""target"":""0x00405140"",""addend"":0},{""offset"":55,""type"":""REL32"",""symbol"":""?begin@?$vector@UDIJOYSTATE@@V?$allocator@UDIJOYSTATE@@@std@@@std@@QAE?AViterator@12@XZ"",""target"":""0x00404590"",""addend"":0},{""offset"":70,""type"":""REL32"",""symbol"":""?erase@?$vector@UDIJOYSTATE@@V?$allocator@UDIJOYSTATE@@@std@@@std@@QAE?AViterator@12@V312@0@Z"",""target"":""0x00405190"",""addend"":0},{""offset"":90,""type"":""REL32"",""symbol"":""?begin@?$vector@UDIJOYSTATE@@V?$allocator@UDIJOYSTATE@@@std@@@std@@QAE?AViterator@12@XZ"",""target"":""0x00404590"",""addend"":0},{""offset"":101,""type"":""REL32"",""symbol"":""?insert@?$vector@UDIJOYSTATE@@V?$allocator@UDIJOYSTATE@@@std@@@std@@QAEXViterator@12@IABUDIJOYSTATE@@@Z"",""target"":""0x00405160"",""addend"":0},{""offset"":109,""type"":""REL32"",""symbol"":""@__security_check_cookie@4"",""target"":""0x00640611"",""addend"":0}]"
0x00404630,110,"protected: void __thiscall std::vector<struct DIJOYSTATE,class std::allocator<struct DIJOYSTATE> >::_Tidy(void)",?_Tidy@?$vector@UDIJOYSTATE@@V?$allocator@UDIJOYSTATE@@@std@@@std@@IAEXXZ,VC71-Od-EH-GS,2415dde8108f341b7426d998b2b1e7708ee8a5544515efa10dae1a832dd0e517,"[{""offset"":34,""type"":""REL32"",""symbol"":""?_Destroy@?$vector@UDIJOYSTATE@@V?$allocator@UDIJOYSTATE@@@std@@@std@@IAEXPAUDIJOYSTATE@@0@Z"",""target"":""0x00405200"",""addend"":0},{""offset"":72,""type"":""REL32"",""symbol"":""?deallocate@?$allocator@UDIJOYSTATE@@@std@@QAEXPAUDIJOYSTATE@@I@Z"",""target"":""0x00405230"",""addend"":0}]"
0x004046A0,19,"public: struct IDirectInputDevice8A * & __thiscall std::vector<struct IDirectInputDevice8A *,class std::allocator<struct IDirectInputDevice8A *> >::iterator::operator*(void)const ",??Diterator@?$vector@PAUIDirectInputDevice8A@@V?$allocator@PAUIDirectInputDevice8A@@@std@@@std@@QBEAAPAUIDirectInputDevice8A@@XZ,VC71-Od-EH-GS,34d6af46dd3338abf5d997f2e605a0321d87bfe083118d27838b6e494535d81a,"[{""offset"":11,""type"":""REL32"",""symbol"":""??Dconst_iterator@?$vector@PAUIDirectInputDevice8A@@V?$allocator@PAUIDirectInputDevice8A@@@std@@@std@@QBEABQAUIDirectInputDevice8A@@XZ"",""target"":""0x004052E0"",""addend"":0}]"
0x004046C0,45,"public: class std::vector<struct IDirectInputDevice8A *,class std::allocator<struct IDirectInputDevice8A *> >::iterator __thiscall std::vector<struct IDirectInputDevice8A *,class std::allocator<struct IDirectInputDevice8A *> >::iterator::operator+(int)const ",??Hiterator@?$vector@PAUIDirectInputDevice8A@@V?$allocator@PAUIDirectInputDevice8A@@@std@@@std@@QBE?AV012@H@Z,VC71-Od-EH-GS,17b7c3ed41ad517cd3acb5efb05da7099a01f2bfdfc835c18427cf5361d45a1f,"[{""offset"":25,""type"":""REL32"",""symbol"":""??Yiterator@?$vector@PAUIDirectInputDevice8A@@V?$allocator@PAUIDirectInputDevice8A@@@std@@@std@@QAEAAV012@H@Z"",""target"":""0x00405270"",""addend"":0}]"
0x004046F0,45,"public: class std::vector<struct IDirectInputDevice8A *,class std::allocator<struct IDirectInputDevice8A *> >::iterator __thiscall std::vector<struct IDirectInputDevice8A *,class std::allocator<struct IDirectInputDevice8A *> >::iterator::operator-(int)const ",??Giterator@?$vector@PAUIDirectInputDevice8A@@V?$allocator@PAUIDirectInputDevice8A@@@std@@@std@@QBE?AV012@H@Z,VC71-Od-EH-GS,17b7c3ed41ad517cd3acb5efb05da7099a01f2bfdfc835c18427cf5361d45a1f,"[{""offset"":25,""type"":""REL32"",""symbol"":""??Ziterator@?$vector@PAUIDirectInputDevice8A@@V?$allocator@PAUIDirectInputDevice8A@@@std@@@std@@QAEAAV012@H@Z"",""target"":""0x00405290"",""addend"":0}]"
0x00404720,19,"public: struct DIJOYSTATE & __thiscall std::vector<struct DIJOYSTATE,class std::allocator<struct DIJOYSTATE> >::iterator::operator*(void)const ",??Diterator@?$vector@UDIJOYSTATE@@V?$allocator@UDIJOYSTATE@@@std@@@std@@QBEAAUDIJOYSTATE@@XZ,VC71-Od-EH-GS,34d6af46dd3338abf5d997f2e605a0321d87bfe083118d27838b6e494535d81a,"[{""offset"":11,""type"":""REL32"",""symbol"":""??Dconst_iterator@?$vector@UDIJOYSTATE@@V?$allocator@UDIJOYSTATE@@@std@@@std@@QBEABUDIJOYSTATE@@XZ"",""target"":""0x00405330"",""addend"":0}]"
0x00404740,45,"public: class std::vector<struct DIJOYSTATE,class std::allocator<struct DIJOYSTATE> >::iterator __thiscall std::vector<struct DIJOYSTATE,class std::allocator<struct DIJOYSTATE> >::iterator::operator+(int)const ",??Hiterator@?$vector@UDIJOYSTATE@@V?$allocator@UDIJOYSTATE@@@std@@@std@@QBE?AV012@H@Z,VC71-Od-EH-GS,17b7c3ed41ad517cd3acb5efb05da7099a01f2bfdfc835c18427cf5361d45a1f,"[{""offset"":25,""type"":""REL32"",""symbol"":""??Yiterator@?$vector@UDIJOYSTATE@@V?$allocator@UDIJOYSTATE@@@std@@@std@@QAEAAV012@H@Z"",""target"":""0x00405310"",""addend"":0}]"
0x00404A90,19,"public: unsigned int __thiscall std::vector<struct IDirectInputDevice8A *,class std::allocator<struct IDirectInputDevice8A *> >::max_size(void)const ",?max_size@?$vector@PAUIDirectInputDevice8A@@V?$allocator@PAUIDirectInputDevice8A@@@std@@@std@@QBEIXZ,VC71-Od-EH-GS,34d6af46dd3338abf5d997f2e605a0321d87bfe083118d27838b6e494535d81a,"[{""offset"":11,""type"":""REL32"",""symbol"":""?max_size@?$allocator@PAUIDirectInputDevice8A@@@std@@QBEIXZ"",""target"":""0x004055C0"",""addend"":0}]"
0x00404AB0,90,"protected: void __thiscall std::vector<struct IDirectInputDevice8A *,class std::allocator<struct IDirectInputDevice8A *> >::_Xlen(void)const ",?_Xlen@?$vector@PAUIDirectInputDevice8A@@V?$allocator@PAUIDirectInputDevice8A@@@std@@@std@@IBEXXZ,VC71-Od-EH-GS,971a2637092689bf3ac2cd32e80c2af74a598f5c04cea79353a6a929dce98ed0,"[{""offset"":6,""type"":""DIR32"",""symbol"":""__ehhandler$?_Xlen@?$vector@PAUIDirectInputDevice8A@@V?$allocator@PAUIDirectInputDevice8A@@@std@@@std@@IBEXXZ"",""target"":""0x00654D08"",""addend"":0},{""offset"":12,""type"":""DIR32"",""symbol"":""__except_list"",""target"":""0x00000000"",""addend"":0},{""offset"":20,""type"":""DIR32"",""symbol"":""__except_list"",""target"":""0x00000000"",""addend"":0},{""offset"":31,""type"":""DIR32"",""symbol"":""??_C@_0BD@OLBABOEK@vector?$DMT?$DO?5too?5long?$AA@"",""target"":""0x00657528"",""addend"":0},{""offset"":39,""type"":""REL32"",""symbol"":""??0?$basic_string@DU?$char_traits@D@std@@V?$allocator@D@2@@std@@QAE@PBD@Z"",""target"":""0x004053E0"",""addend"":0},{""offset"":58,""type"":""REL32"",""symbol"":""??0length_error@std@@QAE@ABV?$basic_string@DU?$char_traits@D@std@@V?$allocator@D@2@@1@@Z"",""target"":""0x00404B10"",""addend"":0},{""offset"":63,""type"":""DIR32"",""symbol"":""__TI3?AVlength_error@std@@"",""target"":""0x00667A38"",""addend"":0},{""offset"":72,""type"":""REL32"",""symbol"":""__CxxThrowException@8"",""target"":""0x00640C12"",""addend"":0},{""offset"":82,""type"":""DIR32"",""symbol"":""__except_list"",""target"":""0x00000000"",""addend"":0}]"
0x00404B10,37,"public: __thiscall std::length_error::length_error(class std::basic_string<char,struct std::char_traits<char>,class std::allocator<char> > const &)",??0length_error@std@@QAE@ABV?$basic_string@DU?$char_traits@D@std@@V?$allocator@D@2@@1@@Z,VC71-Od-EH-GS,a2a2cc97875cbbbddcccf8c1100b38e0c043571711367948dd9bdd82f8a60a92,"[{""offset"":15,""type"":""REL32"",""symbol"":""??0logic_error@std@@QAE@ABV?$basic_string@DU?$char_traits@D@std@@V?$allocator@D@2@@1@@Z"",""target"":""0x00404B40"",""addend"":0},{""offset"":24,""type"":""DIR32"",""symbol"":""??_7length_error@std@@6B@"",""target"":""0x00667670"",""addend"":0}]"
0x00404B40,93,"public: __thiscall std::logic_error::logic_error(class std::basic_string<char,struct std::char_traits<char>,class std::allocator<char> > const &)",??0logic_error@std@@QAE@ABV?$basic_string@DU?$char_traits@D@std@@V?$allocator@D@2@@1@@Z,VC71-Od-EH-GS,710ff594c008ffc2c562ac1dfd344586a47f958cbaaabf988e34a42072e36c5a,"[{""offset"":6,""type"":""DIR32"",""symbol"":""__ehhandler$??0logic_error@std@@QAE@ABV?$basic_string@DU?$char_traits@D@std@@V?$allocator@D@2@@1@@Z"",""target"":""0x00654D28"",""addend"":0},{""offset"":12,""type"":""DIR32"",""symbol"":""__except_list"",""target"":""0x00000000"",""addend"":0},{""offset"":20,""type"":""DIR32"",""symbol"":""__except_list"",""target"":""0x00000000"",""addend"":0},{""offset"":32,""type"":""REL32"",""symbol"":""??0exception@@QAE@XZ"",""target"":""0x00640C4C"",""addend"":0},{""offset"":48,""type"":""DIR32"",""symbol"":""??_7logic_error@std@@6B@"",""target"":""0x00667664"",""addend"":0},{""offset"":63,""type"":""REL32"",""symbol"":""??0?$basic_string@DU?$char_traits@D@std@@V?$allocator@D@2@@std@@QAE@ABV01@@Z"",""target"":""0x00404CA0"",""addend"":0},{""offset"":83,""type"":""DIR32"",""symbol"":""__except_list"",""target"":""0x00000000"",""addend"":0}]"
0x00404BA0,22,public: virtual char const * __thiscall std::logic_error::what(void)const ,?what@logic_error@std@@UBEPBDXZ,VC71-Od-EH-GS,39e9911583384d998c493daf428f1d83a0c139a21e898726f70b4872e0dbbaf8,"[{""offset"":14,""type"":""REL32"",""symbol"":""?c_str@?$basic_string@DU?$char_traits@D@std@@V?$allocator@D@2@@std@@QBEPBDXZ"",""target"":""0x00404D10"",""addend"":0}]"
0x00404BF0,84,public: virtual __thiscall std::logic_error::~logic_error(void),??1logic_error@std@@UAE@XZ,VC71-Od-EH-GS,8072062b305b41ecb8cc7651b9687b8f65a36e66dfb952d423a921952adc0f9c,"[{""offset"":6,""type"":""DIR32"",""symbol"":""__ehhandler$??1logic_error@std@@UAE@XZ"",""target"":""0x00654D48"",""addend"":0},{""offset"":12,""type"":""DIR32"",""symbol"":""__except_list"",""target"":""0x00000000"",""addend"":0},{""offset"":20,""type"":""DIR32"",""symbol"":""__except_list"",""target"":""0x00000000"",""addend"":0},{""offset"":33,""type"":""DIR32"",""symbol"":""??_7logic_error@std@@6B@"",""target"":""0x00667664"",""addend"":0},{""offset"":51,""type"":""REL32"",""symbol"":""??1?$basic_string@DU?$char_traits@D@std@@V?$allocator@D@2@@std@@QAE@XZ"",""target"":""0x00404CF0"",""addend"":0},{""offset"":66,""type"":""REL32"",""symbol"":""??1exception@@UAE@XZ"",""target"":""0x00640CE4"",""addend"":0},{""offset"":76,""type"":""DIR32"",""symbol"":""__except_list"",""target"":""0x00000000"",""addend"":0}]"
0x00404C50,28,public: virtual __thiscall std::length_error::~length_error(void),??1length_error@std@@UAE@XZ,VC71-Od-EH-GS,8163ac504b99d0fd9e7d334f403b4efe929bd1363f887ad1e05104b1f6313cd9,"[{""offset"":12,""type"":""DIR32"",""symbol"":""??_7length_error@std@@6B@"",""target"":""0x00667670"",""addend"":0},{""offset"":20,""type"":""REL32"",""symbol"":""??1logic_error@std@@UAE@XZ"",""target"":""0x00404BF0"",""addend"":0}]"
0x00404CA0,71,"public: __thiscall std::basic_string<char,struct std::char_traits<char>,class std::allocator<char> >::basic_string<char,struct std::char_traits<char>,class std::allocator<char> >(class std::basic_string<char,struct std::char_traits<char>,class std::allocator<char> > const &)",??0?$basic_string@DU?$char_traits@D@std@@V?$allocator@D@2@@std@@QAE@ABV01@@Z,VC71-Od-EH-GS,3c9b9097dbb2c2e921d7d7511852f6fb5ab79558c31616bcee73caa13878a624,"[{""offset"":17,""type"":""REL32"",""symbol"":""??0?$allocator@D@std@@QAE@ABV01@@Z"",""target"":""0x00404EE0"",""addend"":0},{""offset"":25,""type"":""REL32"",""symbol"":""??0?$_String_val@DV?$allocator@D@std@@@std@@IAE@V?$allocator@D@1@@Z"",""target"":""0x00404EC0"",""addend"":0},{""offset"":37,""type"":""REL32"",""symbol"":""?_Tidy@?$basic_string@DU?$char_traits@D@std@@V?$allocator@D@2@@std@@IAEX_NI@Z"",""target"":""0x00404E10"",""addend"":0},{""offset"":43,""type"":""DIR32"",""symbol"":""?npos@?$basic_string@DU?$char_traits@D@std@@V?$allocator@D@2@@std@@2IB"",""target"":""0x0065753C"",""addend"":0},{""offset"":58,""type"":""REL32"",""symbol"":""?assign@?$basic_string@DU?$char_traits@D@std@@V?$allocator@D@2@@std@@QAEAAV12@ABV12@II@Z"",""target"":""0x00404D30"",""addend"":0}]"
0x00404CF0,23,"public: __thiscall std::basic_string<char,struct std::char_traits<char>,class std::allocator<char> >::~basic_string<char,struct std::char_traits<char>,class std::allocator<char> >(void)",??1?$basic_string@DU?$char_traits@D@std@@V?$allocator@D@2@@std@@QAE@XZ,VC71-Od-EH-GS,316d0bc176cd06f0999be0867d6460f782a429fdcd7435f27ba65859e724bdda,"[{""offset"":15,""type"":""REL32"",""symbol"":""?_Tidy@?$basic_string@DU?$char_traits@D@std@@V?$allocator@D@2@@std@@IAEX_NI@Z"",""target"":""0x00404E10"",""addend"":0}]"
0x00404D10,19,"public: char const * __thiscall std::basic_string<char,struct std::char_traits<char>,class std::allocator<char> >::c_str(void)const ",?c_str@?$basic_string@DU?$char_traits@D@std@@V?$allocator@D@2@@std@@QBEPBDXZ,VC71-Od-EH-GS,34d6af46dd3338abf5d997f2e605a0321d87bfe083118d27838b6e494535d81a,"[{""offset"":11,""type"":""REL32"",""symbol"":""?_Myptr@?$basic_string@DU?$char_traits@D@std@@V?$allocator@D@2@@std@@QBEPBDXZ"",""target"":""0x00404E90"",""addend"":0}]"
0x00404D30,178,"public: class std::basic_string<char,struct std::char_traits<char>,class std::allocator<char> > & __thiscall std::basic_string<char,struct std::char_traits<char>,class std::allocator<char> >::assign(class std::basic_string<char,struct std::char_traits<char>,class std::allocator<char> > const &,unsigned int,unsigned int)",?assign@?$basic_string@DU?$char_traits@D@std@@V?$allocator@D@2@@std@@QAEAAV12@ABV12@II@Z,VC71-Od-EH-GS,bdcd49ea3d4c21bc7c5309cc7b9a91133783c84e4dbb0f63e99015321fbf51fd,"[{""offset"":13,""type"":""REL32"",""symbol"":""?size@?$basic_string@DU?$char_traits@D@std@@V?$allocator@D@2@@std@@QBEIXZ"",""target"":""0x00404FA0"",""addend"":0},{""offset"":26,""type"":""REL32"",""symbol"":""?_Xran@_String_base@std@@QBEXXZ"",""target"":""0x00654ACE"",""addend"":0},{""offset"":34,""type"":""REL32"",""symbol"":""?size@?$basic_string@DU?$char_traits@D@std@@V?$allocator@D@2@@std@@QBEIXZ"",""target"":""0x00404FA0"",""addend"":0},{""offset"":67,""type"":""DIR32"",""symbol"":""?npos@?$basic_string@DU?$char_traits@D@std@@V?$allocator@D@2@@std@@2IB"",""target"":""0x0065753C"",""addend"":0},{""offset"":83,""type"":""REL32"",""symbol"":""?erase@?$basic_string@DU?$char_traits@D@std@@V?$allocator@D@2@@std@@QAEAAV12@II@Z"",""target"":""0x00404EF0"",""addend"":0},{""offset"":97,""type"":""REL32"",""symbol"":""?erase@?$basic_string@DU?$char_traits@D@std@@V?$allocator@D@2@@std@@QAEAAV12@II@Z"",""target"":""0x00404EF0"",""addend"":0},{""offset"":113,""type"":""REL32"",""symbol"":""?_Grow@?$basic_string@DU?$char_traits@D@std@@V?$allocator@D@2@@std@@IAE_NI_N@Z"",""target"":""0x00405010"",""addend"":0},{""offset"":132,""type"":""REL32"",""symbol"":""?_Myptr@?$basic_string@DU?$char_traits@D@std@@V?$allocator@D@2@@std@@QBEPBDXZ"",""target"":""0x00404E90"",""addend"":0},{""offset"":144,""type"":""REL32"",""symbol"":""?_Myptr@?$basic_string@DU?$char_traits@D@std@@V?$allocator@D@2@@std@@QAEPADXZ"",""target"":""0x004050B0"",""addend"":0},{""offset"":150,""type"":""REL32"",""symbol"":""?copy@?$char_traits@D@std@@SAPADPADPBDI@Z"",""target"":""0x00404DF0"",""addend"":0},{""offset"":165,""type"":""REL32"",""symbol"":""?_Eos@?$basic_string@DU?$char_traits@D@std@@V?$allocator@D@2@@std@@IAEXI@Z"",""target"":""0x00404FC0"",""addend"":0}]"
0x00404DF0,25,"public: static char * __cdecl std::char_traits<char>::copy(char *,char const *,unsigned int)",?copy@?$char_traits@D@std@@SAPADPADPBDI@Z,VC71-Od-EH-GS,62ebf47293d861ba6638462ba31f6f3ef8842ad965e70d1b1c186904d054fdee,"[{""offset"":16,""type"":""REL32"",""symbol"":""_memcpy"",""target"":""0x00640F20"",""addend"":0}]"
0x00404E10,116,"protected: void __thiscall std::basic_string<char,struct std::char_traits<char>,class std::allocator<char> >::_Tidy(bool,unsigned int)",?_Tidy@?$basic_string@DU?$char_traits@D@std@@V?$allocator@D@2@@std@@IAEX_NI@Z,VC71-Od-EH-GS,44fcfafe3e9be61de1a6bc5970d50a00d348abb820cda1f5dd1ded44abb285a7,"[{""offset"":59,""type"":""REL32"",""symbol"":""?copy@?$char_traits@D@std@@SAPADPADPBDI@Z"",""target"":""0x00404DF0"",""addend"":0},{""offset"":84,""type"":""REL32"",""symbol"":""?deallocate@?$allocator@D@std@@QAEXPADI@Z"",""target"":""0x004050E0"",""addend"":0},{""offset"":106,""type"":""REL32"",""symbol"":""?_Eos@?$basic_string@DU?$char_traits@D@std@@V?$allocator@D@2@@std@@IAEXI@Z"",""target"":""0x00404FC0"",""addend"":0}]"
0x00404E90,45,"public: char const * __thiscall std::basic_string<char,struct std::char_traits<char>,class std::allocator<char> >::_Myptr(void)const ",?_Myptr@?$basic_string@DU?$char_traits@D@std@@V?$allocator@D@2@@std@@QBEPBDXZ,VC71-Od-EH-GS,2858e0a41b6b6349f13f6af90821c137d6b87e9526ab9a1254d3c8b44330f17b,[]
0x00404EC0,28,"protected: __thiscall std::_String_val<char,class std::allocator<char> >::_String_val<char,class std::allocator<char> >(class std::allocator<char>)",??0?$_String_val@DV?$allocator@D@std@@@std@@IAE@V?$allocator@D@1@@Z,VC71-Od-EH-GS,5a5bc7571b31897ab7b4704700b6d6b4d822e8789a3d0fe9b04b456b4a95f896,"[{""offset"":15,""type"":""REL32"",""symbol"":""??0?$allocator@D@std@@QAE@ABV01@@Z"",""target"":""0x00404EE0"",""addend"":0}]"
0x00404EE0,16,public: __thiscall std::allocator<char>::allocator<char>(class std::allocator<char> const &),??0?$allocator@D@std@@QAE@ABV01@@Z,VC71-Od-EH-GS,08591b9c945863c4a421e0123378c589f44fe525fd590f731e33703824d80440,[]
0x00404EF0,141,"public: class std::basic_string<char,struct std::char_traits<char>,class std::allocator<char> > & __thiscall std::basic_string<char,struct std::char_traits<char>,class std::allocator<char> >::erase(unsigned int,unsigned int)",?erase@?$basic_string@DU?$char_traits@D@std@@V?$allocator@D@2@@std@@QAEAAV12@II@Z,VC71-Od-EH-GS,26195f4475cb3e4863454e19bc5a0dfddf65aec8001334ee8d724ae6d206aba0,"[{""offset"":24,""type"":""REL32"",""symbol"":""?_Xran@_String_base@std@@QBEXXZ"",""target"":""0x00654ACE"",""addend"":0},{""offset"":77,""type"":""REL32"",""symbol"":""?_Myptr@?$basic_string@DU?$char_traits@D@std@@V?$allocator@D@2@@std@@QAEPADXZ"",""target"":""0x004050B0"",""addend"":0},{""offset"":92,""type"":""REL32"",""symbol"":""?_Myptr@?$basic_string@DU?$char_traits@D@std@@V?$allocator@D@2@@std@@QAEPADXZ"",""target"":""0x004050B0"",""addend"":0},{""offset"":101,""type"":""REL32"",""symbol"":""?move@?$char_traits@D@std@@SAPADPADPBDI@Z"",""target"":""0x00404F80"",""addend"":0},{""offset"":128,""type"":""REL32"",""symbol"":""?_Eos@?$basic_string@DU?$char_traits@D@std@@V?$allocator@D@2@@std@@IAEXI@Z"",""target"":""0x00404FC0"",""addend"":0}]"
0x00404F80,25,"public: static char * __cdecl std::char_traits<char>::move(char *,char const *,unsigned int)",?move@?$char_traits@D@std@@SAPADPADPBDI@Z,VC71-Od-EH-GS,62ebf47293d861ba6638462ba31f6f3ef8842ad965e70d1b1c186904d054fdee,"[{""offset"":16,""type"":""REL32"",""symbol"":""_memmove"",""target"":""0x00641260"",""addend"":0}]"
0x00404FA0,17,"public: unsigned int __thiscall std::basic_string<char,struct std::char_traits<char>,class std::allocator<char> >::size(void)const ",?size@?$basic_string@DU?$char_traits@D@std@@V?$allocator@D@2@@std@@QBEIXZ,VC71-Od-EH-GS,d3bc3e852e9ca92d62e0d140c341815bf8b7b6e7b043f9f8b0a5c45665694124,[]
0x00404FC0,52,"protected: void __thiscall std::basic_string<char,struct std::char_traits<char>,class std::allocator<char> >::_Eos(unsigned int)",?_Eos@?$basic_string@DU?$char_traits@D@std@@V?$allocator@D@2@@std@@IAEXI@Z,VC71-Od-EH-GS,5599ed8c90486d044043ee15adad802217571c284a4519ec6e5afff9915d056e,"[{""offset"":30,""type"":""REL32"",""symbol"":""?_Myptr@?$basic_string@DU?$char_traits@D@std@@V?$allocator@D@2@@std@@QAEPADXZ"",""target"":""0x004050B0"",""addend"":0},{""offset"":39,""type"":""REL32"",""symbol"":""?assign@?$char_traits@D@std@@SAXAADABD@Z"",""target"":""0x00405000"",""addend"":0}]"
0x00405000,15,"public: static void __cdecl std::char_traits<char>::assign(char &,char const &)",?assign@?$char_traits@D@std@@SAXAADABD@Z,VC71-Od-EH-GS,634d843eaa50249dc3d1328612585d4bf6c076af98d9f46ea4f545e6bf2853f3,[]
0x00405010,151,"protected: bool __thiscall std::basic_string<char,struct std::char_traits<char>,class std::allocator<char> >::_Grow(unsigned int,bool)",?_Grow@?$basic_string@DU?$char_traits@D@std@@V?$allocator@D@2@@std@@IAE_NI_N@Z,VC71-Od-EH-GS,cc2d45a5057d5d7d2e5420ff3c92bdbabc96121d6ddb75bb6d8707ba7992edb5,"[{""offset"":13,""type"":""REL32"",""symbol"":""?max_size@?$basic_string@DU?$char_traits@D@std@@V?$allocator@D@2@@std@@QBEIXZ"",""target"":""0x00405420"",""addend"":0},{""offset"":26,""type"":""REL32"",""symbol"":""?_Xlen@_String_base@std@@QBEXXZ"",""target"":""0x00654B0E"",""addend"":0},{""offset"":56,""type"":""REL32"",""symbol"":""?_Copy@?$basic_string@DU?$char_traits@D@std@@V?$allocator@D@2@@std@@IAEXII@Z"",""target"":""0x00405460"",""addend"":0},{""offset"":114,""type"":""REL32"",""symbol"":""?_Tidy@?$basic_string@DU?$char_traits@D@std@@V?$allocator@D@2@@std@@IAEX_NI@Z"",""target"":""0x00404E10"",""addend"":0},{""offset"":132,""type"":""REL32"",""symbol"":""?_Eos@?$basic_string@DU?$char_traits@D@std@@V?$allocator@D@2@@std@@IAEXI@Z"",""target"":""0x00404FC0"",""addend"":0}]"
0x004050B0,45,"public: char * __thiscall std::basic_string<char,struct std::char_traits<char>,class std::allocator<char> >::_Myptr(void)",?_Myptr@?$basic_string@DU?$char_traits@D@std@@V?$allocator@D@2@@std@@QAEPADXZ,VC71-Od-EH-GS,2858e0a41b6b6349f13f6af90821c137d6b87e9526ab9a1254d3c8b44330f17b,[]
0x004050E0,25,"public: void __thiscall std::allocator<char>::deallocate(char *,unsigned int)",?deallocate@?$allocator@D@std@@QAEXPADI@Z,VC71-Od-EH-GS,98d8393a76ac9fbc41250c6069af9c5f734d1f3529f958ca7e72be42b1585abc,"[{""offset"":12,""type"":""REL32"",""symbol"":""??3@YAXPAX@Z"",""target"":""0x00640F15"",""addend"":0}]"
0x00405100,25,"public: void __thiscall std::allocator<struct IDirectInputDevice8A *>::deallocate(struct IDirectInputDevice8A * *,unsigned int)",?deallocate@?$allocator@PAUIDirectInputDevice8A@@@std@@QAEXPAPAUIDirectInputDevice8A@@I@Z,VC71-Od-EH-GS,98d8393a76ac9fbc41250c6069af9c5f734d1f3529f958ca7e72be42b1585abc,"[{""offset"":12,""type"":""REL32"",""symbol"":""??3@YAXPAX@Z"",""target"":""0x00640F15"",""addend"":0}]"
0x00405120,27,public: struct IDirectInputDevice8A * * __thiscall std::allocator<struct IDirectInputDevice8A *>::allocate(unsigned int),?allocate@?$allocator@PAUIDirectInputDevice8A@@@std@@QAEPAPAUIDirectInputDevice8A@@I@Z,VC71-Od-EH-GS,76fb3dabc7b7eea5850822eba2d953b3b8e0320e33383773c37a3afd919292f3,"[{""offset"":14,""type"":""REL32"",""symbol"":""??$_Allocate@PAUIDirectInputDevice8A@@@std@@YAPAPAUIDirectInputDevice8A@@IPAPAU1@@Z"",""target"":""0x00405E00"",""addend"":0}]"
0x00405140,31,"public: class std::vector<struct DIJOYSTATE,class std::allocator<struct DIJOYSTATE> >::iterator __thiscall std::vector<struct DIJOYSTATE,class std::allocator<struct DIJOYSTATE> >::end(void)",?end@?$vector@UDIJOYSTATE@@V?$allocator@UDIJOYSTATE@@@std@@@std@@QAE?AViterator@12@XZ,VC71-Od-EH-GS,85545ee573cdd0ef76e9d09f970ab4b0952496734523f91c4c0291e4b80a6e01,"[{""offset"":18,""type"":""REL32"",""symbol"":""??0iterator@?$vector@UDIJOYSTATE@@V?$allocator@UDIJOYSTATE@@@std@@@std@@QAE@PAUDIJOYSTATE@@@Z"",""target"":""0x004052F0"",""addend"":0}]"
0x00405160,33,"public: void __thiscall std::vector<struct DIJOYSTATE,class std::allocator<struct DIJOYSTATE> >::insert(class std::vector<struct DIJOYSTATE,class std::allocator<struct DIJOYSTATE> >::iterator,unsigned int,struct DIJOYSTATE const &)",?insert@?$vector@UDIJOYSTATE@@V?$allocator@UDIJOYSTATE@@@std@@@std@@QAEXViterator@12@IABUDIJOYSTATE@@@Z,VC71-Od-EH-GS,6fdb0e4202a939b4e6c727d27c145a79302b8427558d59ec583bdf0a7eb35754,"[{""offset"":23,""type"":""REL32"",""symbol"":""?_Insert_n@?$vector@UDIJOYSTATE@@V?$allocator@UDIJOYSTATE@@@std@@@std@@IAEXViterator@12@IABUDIJOYSTATE@@@Z"",""target"":""0x004055F0"",""addend"":0}]"
0x00405190,99,"public: class std::vector<struct DIJOYSTATE,class std::allocator<struct DIJOYSTATE> >::iterator __thiscall std::vector<struct DIJOYSTATE,class std::allocator<struct DIJOYSTATE> >::erase(class std::vector<struct DIJOYSTATE,class std::allocator<struct DIJOYSTATE> >::iterator,class std::vector<struct DIJOYSTATE,class std::allocator<struct DIJOYSTATE> >::iterator)",?erase@?$vector@UDIJOYSTATE@@V?$allocator@UDIJOYSTATE@@@std@@@std@@QAE?AViterator@12@V312@0@Z,VC71-Od-EH-GS,cd144fc1a38c5da2746c626bad53fb185177176640d4e0b34c6573ecf6a875a0,"[{""offset"":17,""type"":""REL32"",""symbol"":""??9const_iterator@?$vector@UDIJOYSTATE@@V?$allocator@UDIJOYSTATE@@@std@@@std@@QBE_NABV012@@Z"",""target"":""0x00405A70"",""addend"":0},{""offset"":44,""type"":""REL32"",""symbol"":""??$copy@PAUDIJOYSTATE@@PAU1@@std@@YAPAUDIJOYSTATE@@PAU1@00@Z"",""target"":""0x00405E20"",""addend"":0},{""offset"":69,""type"":""REL32"",""symbol"":""?_Destroy@?$vector@UDIJOYSTATE@@V?$allocator@UDIJOYSTATE@@@std@@@std@@IAEXPAUDIJOYSTATE@@0@Z"",""target"":""0x00405200"",""addend"":0}]"
0x00405200,33,"protected: void __thiscall std::vector<struct DIJOYSTATE,class std::allocator<struct DIJOYSTATE> >::_Destroy(struct DIJOYSTATE *,struct DIJOYSTATE *)",?_Destroy@?$vector@UDIJOYSTATE@@V?$allocator@UDIJOYSTATE@@@std@@@std@@IAEXPAUDIJOYSTATE@@0@Z,VC71-Od-EH-GS,3eac578e140bb964088c726d7bd9934ed0e41df5b901c7948d57f432293f94f6,"[{""offset"":20,""type"":""REL32"",""symbol"":""??$_Destroy_range@UDIJOYSTATE@@V?$allocator@UDIJOYSTATE@@@std@@@std@@YAXPAUDIJOYSTATE@@0AAV?$allocator@UDIJOYSTATE@@@0@@Z"",""target"":""0x00405E60"",""addend"":0}]"
0x00405230,25,"public: void __thiscall std::allocator<struct DIJOYSTATE>::deallocate(struct DIJOYSTATE *,unsigned int)",?deallocate@?$allocator@UDIJOYSTATE@@@std@@QAEXPAUDIJOYSTATE@@I@Z,VC71-Od-EH-GS,98d8393a76ac9fbc41250c6069af9c5f734d1f3529f958ca7e72be42b1585abc,"[{""offset"":12,""type"":""REL32"",""symbol"":""??3@YAXPAX@Z"",""target"":""0x00640F15"",""addend"":0}]"
0x00405250,28,"public: __thiscall std::vector<struct IDirectInputDevice8A *,class std::allocator<struct IDirectInputDevice8A *> >::iterator::iterator(struct IDirectInputDevice8A * *)",??0iterator@?$vector@PAUIDirectInputDevice8A@@V?$allocator@PAUIDirectInputDevice8A@@@std@@@std@@QAE@PAPAUIDirectInputDevice8A@@@Z,VC71-Od-EH-GS,b5a54e6590401f346d8dc98072704e6fc565f15b95c4c6c81e3243eed3d860ac,"[{""offset"":15,""type"":""REL32"",""symbol"":""??0const_iterator@?$vector@PAUIDirectInputDevice8A@@V?$allocator@PAUIDirectInputDevice8A@@@std@@@std@@QAE@PAPAUIDirectInputDevice8A@@@Z"",""target"":""0x00405A10"",""addend"":0}]"
0x00405270,32,"public: class std::vector<struct IDirectInputDevice8A *,class std::allocator<struct IDirectInputDevice8A *> >::iterator & __thiscall std::vector<struct IDirectInputDevice8A *,class std::allocator<struct IDirectInputDevice8A *> >::iterator::operator+=(int)",??Yiterator@?$vector@PAUIDirectInputDevice8A@@V?$allocator@PAUIDirectInputDevice8A@@@std@@@std@@QAEAAV012@H@Z,VC71-Od-EH-GS,587ef1015cec43df958c885b305d15893812d7f26e607cc65e1832ac382bae85,[]
0x00405290,27,"public: class std::vector<struct IDirectInputDevice8A *,class std::allocator<struct IDirectInputDevice8A *> >::iterator & __thiscall std::vector<struct IDirectInputDevice8A *,class std::allocator<struct IDirectInputDevice8A *> >::iterator::operator-=(int)",??Ziterator@?$vector@PAUIDirectInputDevice8A@@V?$allocator@PAUIDirectInputDevice8A@@@std@@@std@@QAEAAV012@H@Z,VC71-Od-EH-GS,50882bbb19027b81738ae1448e6a199116b76672483be3f58ba705f26610c602,"[{""offset"":17,""type"":""REL32"",""symbol"":""??Yiterator@?$vector@PAUIDirectInputDevice8A@@V?$allocator@PAUIDirectInputDevice8A@@@std@@@std@@QAEAAV012@H@Z"",""target"":""0x00405270"",""addend"":0}]"
0x004052B0,35,"public: int __thiscall std::vector<struct IDirectInputDevice8A *,class std::allocator<struct IDirectInputDevice8A *> >::iterator::operator-(class std::vector<struct IDirectInputDevice8A *,class std::allocator<struct IDirectInputDevice8A *> >::const_iterator const &)const ",??Giterator@?$vector@PAUIDirectInputDevice8A@@V?$allocator@PAUIDirectInputDevice8A@@@std@@@std@@QBEHABVconst_iterator@12@@Z,VC71-Od-EH-GS,f360c2d4113574b647c5b6fb721124336edfffaf40b65e9e57e969a93febc2be,"[{""offset"":25,""type"":""REL32"",""symbol"":""??Gconst_iterator@?$vector@PAUIDirectInputDevice8A@@V?$allocator@PAUIDirectInputDevice8A@@@std@@@std@@QBEHABV012@@Z"",""target"":""0x00405A30"",""addend"":0}]"
0x004052E0,16,"public: struct IDirectInputDevice8A * const & __thiscall std::vector<struct IDirectInputDevice8A *,class std::allocator<struct IDirectInputDevice8A *> >::const_iterator::operator*(void)const ",??Dconst_iterator@?$vector@PAUIDirectInputDevice8A@@V?$allocator@PAUIDirectInputDevice8A@@@std@@@std@@QBEABQAUIDirectInputDevice8A@@XZ,VC71-Od-EH-GS,8857d15e5bce580adb0e5dc96d1aba616e10aa72982c77604b0d7b40d9671936,[]
0x004052F0,28,"public: __thiscall std::vector<struct DIJOYSTATE,class std::allocator<struct DIJOYSTATE> >::iterator::iterator(struct DIJOYSTATE *)",??0iterator@?$vector@UDIJOYSTATE@@V?$allocator@UDIJOYSTATE@@@std@@@std@@QAE@PAUDIJOYSTATE@@@Z,VC71-Od-EH-GS,b5a54e6590401f346d8dc98072704e6fc565f15b95c4c6c81e3243eed3d860ac,"[{""offset"":15,""type"":""REL32"",""symbol"":""??0const_iterator@?$vector@UDIJOYSTATE@@V?$allocator@UDIJOYSTATE@@@std@@@std@@QAE@PAUDIJOYSTATE@@@Z"",""target"":""0x00405A50"",""addend"":0}]"
0x00405310,32,"public: class std::vector<struct DIJOYSTATE,class std::allocator<struct DIJOYSTATE> >::iterator & __thiscall std::vector<struct DIJOYSTATE,class std::allocator<struct DIJOYSTATE> >::iterator::operator+=(int)",??Yiterator@?$vector@UDIJOYSTATE@@V?$allocator@UDIJOYSTATE@@@std@@@std@@QAEAAV012@H@Z,VC71-Od-EH-GS,0370be4bcb562ff3d65fc1a56d78d823b07fe52eecae1d75bdcaacb6bd47a6f3,[]
0x00405330,16,"public: struct DIJOYSTATE const & __thiscall std::vector<struct DIJOYSTATE,class std::allocator<struct DIJOYSTATE> >::const_iterator::operator*(void)const ",??Dconst_iterator@?$vector@UDIJOYSTATE@@V?$allocator@UDIJOYSTATE@@@std@@@std@@QBEABUDIJOYSTATE@@XZ,VC71-Od-EH-GS,8857d15e5bce580adb0e5dc96d1aba616e10aa72982c77604b0d7b40d9671936,[]
0x00405340,37,"public: __thiscall std::length_error::length_error(class std::basic_string<char,struct std::char_traits<char>,class std::allocator<char> > const &)",??0length_error@std@@QAE@ABV?$basic_string@DU?$char_traits@D@std@@V?$allocator@D@2@@1@@Z,VC71-Od-EH-GS,a2a2cc97875cbbbddcccf8c1100b38e0c043571711367948dd9bdd82f8a60a92,"[{""offset"":15,""type"":""REL32"",""symbol"":""??0logic_error@std@@QAE@ABV?$basic_string@DU?$char_traits@D@std@@V?$allocator@D@2@@1@@Z"",""target"":""0x00405370"",""addend"":0},{""offset"":24,""type"":""DIR32"",""symbol"":""??_7length_error@std@@6B@"",""target"":""0x00667670"",""addend"":0}]"
0x004053E0,58,"public: __thiscall std::basic_string<char,struct std::char_traits<char>,class std::allocator<char> >::basic_string<char,struct std::char_traits<char>,class std::allocator<char> >(char const *)",??0?$basic_string@DU?$char_traits@D@std@@V?$allocator@D@2@@std@@QAE@PBD@Z,VC71-Od-EH-GS,6b5b3fb6e46f798efedd16e9057d4001bbb5262a855ad5b7fc717ae7f35eba3d,"[{""offset"":13,""type"":""REL32"",""symbol"":""??0?$allocator@D@std@@QAE@XZ"",""target"":""0x00405AF0"",""addend"":0},{""offset"":21,""type"":""REL32"",""symbol"":""??0?$_String_val@DV?$allocator@D@std@@@std@@IAE@V?$allocator@D@1@@Z"",""target"":""0x00404EC0"",""addend"":0},{""offset"":33,""type"":""REL32"",""symbol"":""?_Tidy@?$basic_string@DU?$char_traits@D@std@@V?$allocator@D@2@@std@@IAEX_NI@Z"",""target"":""0x00404E10"",""addend"":0},{""offset"":45,""type"":""REL32"",""symbol"":""?assign@?$basic_string@DU?$char_traits@D@std@@V?$allocator@D@2@@std@@QAEAAV12@PBD@Z"",""target"":""0x00405AA0"",""addend"":0}]"
0x00405420,51,"public: unsigned int __thiscall std::basic_string<char,struct std::char_traits<char>,class std::allocator<char> >::max_size(void)const ",?max_size@?$basic_string@DU?$char_traits@D@std@@V?$allocator@D@2@@std@@QBEIXZ,VC71-Od-EH-GS,cbd1b0b02eb5710208ea1411baaee36eb31781139fd7fbb8161f50e818c2e5a7,"[{""offset"":13,""type"":""REL32"",""symbol"":""?max_size@?$allocator@D@std@@QBEIXZ"",""target"":""0x00405B20"",""addend"":0}]"
0x004055C0,44,public: unsigned int __thiscall std::allocator<struct IDirectInputDevice8A *>::max_size(void)const ,?max_size@?$allocator@PAUIDirectInputDevice8A@@@std@@QBEIXZ,VC71-Od-EH-GS,bc523fcaf1f01536edd063d18866ad152c9501b3e7d366d206d1e2c7dc843ef7,[]
0x00405940,19,"public: unsigned int __thiscall std::vector<struct DIJOYSTATE,class std::allocator<struct DIJOYSTATE> >::max_size(void)const ",?max_size@?$vector@UDIJOYSTATE@@V?$allocator@UDIJOYSTATE@@@std@@@std@@QBEIXZ,VC71-Od-EH-GS,34d6af46dd3338abf5d997f2e605a0321d87bfe083118d27838b6e494535d81a,"[{""offset"":11,""type"":""REL32"",""symbol"":""?max_size@?$allocator@UDIJOYSTATE@@@std@@QBEIXZ"",""target"":""0x004059E0"",""addend"":0}]"
0x00405960,90,"protected: void __thiscall std::vector<struct DIJOYSTATE,class std::allocator<struct DIJOYSTATE> >::_Xlen(void)const ",?_Xlen@?$vector@UDIJOYSTATE@@V?$allocator@UDIJOYSTATE@@@std@@@std@@IBEXXZ,VC71-Od-EH-GS,971a2637092689bf3ac2cd32e80c2af74a598f5c04cea79353a6a929dce98ed0,"[{""offset"":6,""type"":""DIR32"",""symbol"":""__ehhandler$?_Xlen@?$vector@UDIJOYSTATE@@V?$allocator@UDIJOYSTATE@@@std@@@std@@IBEXXZ"",""target"":""0x00654DA8"",""addend"":0},{""offset"":12,""type"":""DIR32"",""symbol"":""__except_list"",""target"":""0x00000000"",""addend"":0},{""offset"":20,""type"":""DIR32"",""symbol"":""__except_list"",""target"":""0x00000000"",""addend"":0},{""offset"":31,""type"":""DIR32"",""symbol"":""??_C@_0BD@OLBABOEK@vector?$DMT?$DO?5too?5long?$AA@"",""target"":""0x00657528"",""addend"":0},{""offset"":39,""type"":""REL32"",""symbol"":""??0?$basic_string@DU?$char_traits@D@std@@V?$allocator@D@2@@std@@QAE@PBD@Z"",""target"":""0x004053E0"",""addend"":0},{""offset"":58,""type"":""REL32"",""symbol"":""??0length_error@std@@QAE@ABV?$basic_string@DU?$char_traits@D@std@@V?$allocator@D@2@@1@@Z"",""target"":""0x00404B10"",""addend"":0},{""offset"":63,""type"":""DIR32"",""symbol"":""__TI3?AVlength_error@std@@"",""target"":""0x00667A38"",""addend"":0},{""offset"":72,""type"":""REL32"",""symbol"":""__CxxThrowException@8"",""target"":""0x00640C12"",""addend"":0},{""offset"":82,""type"":""DIR32"",""symbol"":""__except_list"",""target"":""0x00000000"",""addend"":0}]"
0x004059C0,27,public: struct DIJOYSTATE * __thiscall std::allocator<struct DIJOYSTATE>::allocate(unsigned int),?allocate@?$allocator@UDIJOYSTATE@@@std@@QAEPAUDIJOYSTATE@@I@Z,VC71-Od-EH-GS,76fb3dabc7b7eea5850822eba2d953b3b8e0320e33383773c37a3afd919292f3,"[{""offset"":14,""type"":""REL32"",""symbol"":""??$_Allocate@UDIJOYSTATE@@@std@@YAPAUDIJOYSTATE@@IPAU1@@Z"",""target"":""0x00405EA0"",""addend"":0}]"
0x004059E0,44,public: unsigned int __thiscall std::allocator<struct DIJOYSTATE>::max_size(void)const ,?max_size@?$allocator@UDIJOYSTATE@@@std@@QBEIXZ,VC71-Od-EH-GS,106c84fd7fc5eaab41b582ca791967ecfb5d3a581687d1656d078c6b3e35f3b7,[]
0x00405A10,24,"public: __thiscall std::vector<struct IDirectInputDevice8A *,class std::allocator<struct IDirectInputDevice8A *> >::const_iterator::const_iterator(struct IDirectInputDevice8A * *)",??0const_iterator@?$vector@PAUIDirectInputDevice8A@@V?$allocator@PAUIDirectInputDevice8A@@@std@@@std@@QAE@PAPAUIDirectInputDevice8A@@@Z,VC71-Od-EH-GS,22e907d6a10554107457345a5dc9d56c6b87be88b0b1c0b492613352e838e2b5,[]
0x00405A30,26,"public: int __thiscall std::vector<struct IDirectInputDevice8A *,class std::allocator<struct IDirectInputDevice8A *> >::const_iterator::operator-(class std::vector<struct IDirectInputDevice8A *,class std::allocator<struct IDirectInputDevice8A *> >::const_iterator const &)const ",??Gconst_iterator@?$vector@PAUIDirectInputDevice8A@@V?$allocator@PAUIDirectInputDevice8A@@@std@@@std@@QBEHABV012@@Z,VC71-Od-EH-GS,cafe67feb54e44c98ab4eb504b320492a4bd327d52aaa0a0652b7ce658acbda7,[]
0x00405A50,24,"public: __thiscall std::vector<struct DIJOYSTATE,class std::allocator<struct DIJOYSTATE> >::const_iterator::const_iterator(struct DIJOYSTATE *)",??0const_iterator@?$vector@UDIJOYSTATE@@V?$allocator@UDIJOYSTATE@@@std@@@std@@QAE@PAUDIJOYSTATE@@@Z,VC71-Od-EH-GS,22e907d6a10554107457345a5dc9d56c6b87be88b0b1c0b492613352e838e2b5,[]
0x00405A70,33,"public: bool __thiscall std::vector<struct DIJOYSTATE,class std::allocator<struct DIJOYSTATE> >::const_iterator::operator!=(class std::vector<struct DIJOYSTATE,class std::allocator<struct DIJOYSTATE> >::const_iterator const &)const ",??9const_iterator@?$vector@UDIJOYSTATE@@V?$allocator@UDIJOYSTATE@@@std@@@std@@QBE_NABV012@@Z,VC71-Od-EH-GS,45222d0f1ea2e8f3a2fb82596669d336b521a94e57868952c9b1dbfb05a92d25,"[{""offset"":15,""type"":""REL32"",""symbol"":""??8const_iterator@?$vector@UDIJOYSTATE@@V?$allocator@UDIJOYSTATE@@@std@@@std@@QBE_NABV012@@Z"",""target"":""0x00405C00"",""addend"":0}]"
0x00405AA0,38,"public: class std::basic_string<char,struct std::char_traits<char>,class std::allocator<char> > & __thiscall std::basic_string<char,struct std::char_traits<char>,class std::allocator<char> >::assign(char const *)",?assign@?$basic_string@DU?$char_traits@D@std@@V?$allocator@D@2@@std@@QAEAAV12@PBD@Z,VC71-Od-EH-GS,6a27a0563c030d968d642099543f0a0ec609cd7b9171376db22c1eb4cb71a9aa,"[{""offset"":12,""type"":""REL32"",""symbol"":""?length@?$char_traits@D@std@@SAIPBD@Z"",""target"":""0x00405AD0"",""addend"":0},{""offset"":28,""type"":""REL32"",""symbol"":""?assign@?$basic_string@DU?$char_traits@D@std@@V?$allocator@D@2@@std@@QAEAAV12@PBDI@Z"",""target"":""0x00405C20"",""addend"":0}]"
0x00405AD0,17,public: static unsigned int __cdecl std::char_traits<char>::length(char const *),?length@?$char_traits@D@std@@SAIPBD@Z,VC71-Od-EH-GS,1c268736a240e2202586552f52b8eb7a8cdf71939cb2129e2fb15cfe8a5723bc,"[{""offset"":8,""type"":""REL32"",""symbol"":""_strlen"",""target"":""0x00640620"",""addend"":0}]"
0x00405AF0,14,public: __thiscall std::allocator<char>::allocator<char>(void),??0?$allocator@D@std@@QAE@XZ,VC71-Od-EH-GS,befca35709395b425403c72a706d2f3c715162ad22664d93df30e0255a4d4e8c,[]
0x00405B00,27,public: char * __thiscall std::allocator<char>::allocate(unsigned int),?allocate@?$allocator@D@std@@QAEPADI@Z,VC71-Od-EH-GS,76fb3dabc7b7eea5850822eba2d953b3b8e0320e33383773c37a3afd919292f3,"[{""offset"":14,""type"":""REL32"",""symbol"":""??$_Allocate@D@std@@YAPADIPAD@Z"",""target"":""0x00405F60"",""addend"":0}]"
0x00405B20,44,public: unsigned int __thiscall std::allocator<char>::max_size(void)const ,?max_size@?$allocator@D@std@@QBEIXZ,VC71-Od-EH-GS,fc1b9ca4b4b1cf37f94b1524ccfa2105b3eea9053bd232eb06b4a942a55c3820,[]
0x00405B50,57,"public: unsigned int __thiscall std::vector<struct DIJOYSTATE,class std::allocator<struct DIJOYSTATE> >::capacity(void)const ",?capacity@?$vector@UDIJOYSTATE@@V?$allocator@UDIJOYSTATE@@@std@@@std@@QBEIXZ,VC71-Od-EH-GS,dd4e528e12a10441516e03fb4afc1bb217dc53e812df04a0f6d164883c84c7d5,[]
0x00405B90,57,"public: unsigned int __thiscall std::vector<struct DIJOYSTATE,class std::allocator<struct DIJOYSTATE> >::size(void)const ",?size@?$vector@UDIJOYSTATE@@V?$allocator@UDIJOYSTATE@@@std@@@std@@QBEIXZ,VC71-Od-EH-GS,c5f8ab0b75fdf96c9d9840e72899b99877c0bc418b1cfbb918e3d027cbc17930,[]
0x00405BD0,46,"protected: struct DIJOYSTATE * __thiscall std::vector<struct DIJOYSTATE,class std::allocator<struct DIJOYSTATE> >::_Ufill(struct DIJOYSTATE *,unsigned int,struct DIJOYSTATE const &)",?_Ufill@?$vector@UDIJOYSTATE@@V?$allocator@UDIJOYSTATE@@@std@@@std@@IAEPAUDIJOYSTATE@@PAU3@IABU3@@Z,VC71-Od-EH-GS,866acddd625b9a102a9bf4506a846e47eb8d9baf7795fc7f0a11b667abcfb29c,"[{""offset"":24,""type"":""REL32"",""symbol"":""??$_Uninitialized_fill_n@PAUDIJOYSTATE@@IU1@V?$allocator@UDIJOYSTATE@@@std@@@std@@YAXPAUDIJOYSTATE@@IABU1@AAV?$allocator@UDIJOYSTATE@@@0@@Z"",""target"":""0x00405F80"",""addend"":0}]"
0x00405C00,28,"public: bool __thiscall std::vector<struct DIJOYSTATE,class std::allocator<struct DIJOYSTATE> >::const_iterator::operator==(class std::vector<struct DIJOYSTATE,class std::allocator<struct DIJOYSTATE> >::const_iterator const &)const ",??8const_iterator@?$vector@UDIJOYSTATE@@V?$allocator@UDIJOYSTATE@@@std@@@std@@QBE_NABV012@@Z,VC71-Od-EH-GS,9fdb7f9f564eb3c2c3ff9d85fcdf500b86787d0463d19f8de067664f9daf43e6,[]
0x00405C20,125,"public: class std::basic_string<char,struct std::char_traits<char>,class std::allocator<char> > & __thiscall std::basic_string<char,struct std::char_traits<char>,class std::allocator<char> >::assign(char const *,unsigned int)",?assign@?$basic_string@DU?$char_traits@D@std@@V?$allocator@D@2@@std@@QAEAAV12@PBDI@Z,VC71-Od-EH-GS,719b0c75eb9e6062069024fdcdf67504aa8233f05ee4d7dd94325e799a7f5ca3,"[{""offset"":15,""type"":""REL32"",""symbol"":""?_Inside@?$basic_string@DU?$char_traits@D@std@@V?$allocator@D@2@@std@@IAE_NPBD@Z"",""target"":""0x00405CA0"",""addend"":0},{""offset"":34,""type"":""REL32"",""symbol"":""?_Myptr@?$basic_string@DU?$char_traits@D@std@@V?$allocator@D@2@@std@@QAEPADXZ"",""target"":""0x004050B0"",""addend"":0},{""offset"":52,""type"":""REL32"",""symbol"":""?assign@?$basic_string@DU?$char_traits@D@std@@V?$allocator@D@2@@std@@QAEAAV12@ABV12@II@Z"",""target"":""0x00404D30"",""addend"":0},{""offset"":68,""type"":""REL32"",""symbol"":""?_Grow@?$basic_string@DU?$char_traits@D@std@@V?$allocator@D@2@@std@@IAE_NI_N@Z"",""target"":""0x00405010"",""addend"":0},{""offset"":91,""type"":""REL32"",""symbol"":""?_Myptr@?$basic_string@DU?$char_traits@D@std@@V?$allocator@D@2@@std@@QAEPADXZ"",""target"":""0x004050B0"",""addend"":0},{""offset"":97,""type"":""REL32"",""symbol"":""?copy@?$char_traits@D@std@@SAPADPADPBDI@Z"",""target"":""0x00404DF0"",""addend"":0},{""offset"":112,""type"":""REL32"",""symbol"":""?_Eos@?$basic_string@DU?$char_traits@D@std@@V?$allocator@D@2@@std@@IAEXI@Z"",""target"":""0x00404FC0"",""addend"":0}]"
0x00405CA0,51,"protected: bool __thiscall std::basic_string<char,struct std::char_traits<char>,class std::allocator<char> >::_Inside(char const *)",?_Inside@?$basic_string@DU?$char_traits@D@std@@V?$allocator@D@2@@std@@IAE_NPBD@Z,VC71-Od-EH-GS,152ca6444951677093341abeafced7896a90c9090ee161cc8fe8e7ee5ea8d2cf,"[{""offset"":11,""type"":""REL32"",""symbol"":""?_Myptr@?$basic_string@DU?$char_traits@D@std@@V?$allocator@D@2@@std@@QAEPADXZ"",""target"":""0x004050B0"",""addend"":0},{""offset"":24,""type"":""REL32"",""symbol"":""?_Myptr@?$basic_string@DU?$char_traits@D@std@@V?$allocator@D@2@@std@@QAEPADXZ"",""target"":""0x004050B0"",""addend"":0}]"
0x00405CE0,51,"void __cdecl std::_Destroy_range<struct IDirectInputDevice8A *,class std::allocator<struct IDirectInputDevice8A *> >(struct IDirectInputDevice8A * *,struct IDirectInputDevice8A * *,class std::allocator<struct IDirectInputDevice8A *> &)",??$_Destroy_range@PAUIDirectInputDevice8A@@V?$allocator@PAUIDirectInputDevice8A@@@std@@@std@@YAXPAPAUIDirectInputDevice8A@@0AAV?$allocator@PAUIDirectInputDevice8A@@@0@@Z,VC71-Od-EH-GS,3f42c6dd16c50d5cd9d9708fa1fd79cdb1b40aa756355124494b7f12d427c4b4,"[{""offset"":13,""type"":""REL32"",""symbol"":""??$_Ptr_cat@UIDirectInputDevice8A@@@std@@YA?AU_Scalar_ptr_iterator_tag@0@PAPAUIDirectInputDevice8A@@0@Z"",""target"":""0x00405FC0"",""addend"":0},{""offset"":40,""type"":""REL32"",""symbol"":""??$_Destroy_range@PAUIDirectInputDevice8A@@V?$allocator@PAUIDirectInputDevice8A@@@std@@@std@@YAXPAPAUIDirectInputDevice8A@@0AAV?$allocator@PAUIDirectInputDevice8A@@@0@U_Scalar_ptr_iterator_tag@0@@Z"",""target"":""0x00405FD0"",""addend"":0}]"
0x00405D20,55,"void __cdecl std::_Uninitialized_fill_n<struct IDirectInputDevice8A * *,unsigned int,struct IDirectInputDevice8A *,class std::allocator<struct IDirectInputDevice8A *> >(struct IDirectInputDevice8A * *,unsigned int,struct IDirectInputDevice8A * const &,class std::allocator<struct IDirectInputDevice8A *> &)",??$_Uninitialized_fill_n@PAPAUIDirectInputDevice8A@@IPAU1@V?$allocator@PAUIDirectInputDevice8A@@@std@@@std@@YAXPAPAUIDirectInputDevice8A@@IABQAU1@AAV?$allocator@PAUIDirectInputDevice8A@@@0@@Z,VC71-Od-EH-GS,175c2b0811b10f79e9d3d58318d4d3ce4e55d73c0e6dcca4ddea5bd3cb989318,"[{""offset"":13,""type"":""REL32"",""symbol"":""??$_Ptr_cat@UIDirectInputDevice8A@@@std@@YA?AU_Scalar_ptr_iterator_tag@0@PAPAUIDirectInputDevice8A@@0@Z"",""target"":""0x00405FC0"",""addend"":0},{""offset"":44,""type"":""REL32"",""symbol"":""??$_Uninit_fill_n@PAUIDirectInputDevice8A@@IPAU1@@std@@YAXPAPAUIDirectInputDevice8A@@IABQAU1@AAV?$allocator@PAUIDirectInputDevice8A@@@0@U_Scalar_ptr_iterator_tag@0@@Z"",""target"":""0x00405FE0"",""addend"":0}]"
0x00405D60,37,"protected: struct IDirectInputDevice8A * * __thiscall std::vector<struct IDirectInputDevice8A *,class std::allocator<struct IDirectInputDevice8A *> >::_Ucopy<struct IDirectInputDevice8A * *>(struct IDirectInputDevice8A * *,struct IDirectInputDevice8A * *,struct IDirectInputDevice8A * *)",??$_Ucopy@PAPAUIDirectInputDevice8A@@@?$vector@PAUIDirectInputDevice8A@@V?$allocator@PAUIDirectInputDevice8A@@@std@@@std@@IAEPAPAUIDirectInputDevice8A@@PAPAU2@00@Z,VC71-Od-EH-GS,3f37abcf99e7def1e5779c21f4b036f13a515ae56b3950085d28e88bb4f426b2,"[{""offset"":24,""type"":""REL32"",""symbol"":""??$_Uninitialized_copy@PAPAUIDirectInputDevice8A@@PAPAU1@V?$allocator@PAUIDirectInputDevice8A@@@std@@@std@@YAPAPAUIDirectInputDevice8A@@PAPAU1@00AAV?$allocator@PAUIDirectInputDevice8A@@@0@@Z"",""target"":""0x00406000"",""addend"":0}]"
0x00405D90,36,"void __cdecl std::fill<struct IDirectInputDevice8A * *,struct IDirectInputDevice8A *>(struct IDirectInputDevice8A * *,struct IDirectInputDevice8A * *,struct IDirectInputDevice8A * const &)",??$fill@PAPAUIDirectInputDevice8A@@PAU1@@std@@YAXPAPAUIDirectInputDevice8A@@0ABQAU1@@Z,VC71-Od-EH-GS,000aadbc24f88c464bf56f1a61fce69e2806d0443a250fe017f3fd31b620524e,[]
0x00405DC0,51,"struct IDirectInputDevice8A * * __cdecl std::copy_backward<struct IDirectInputDevice8A * *,struct IDirectInputDevice8A * *>(struct IDirectInputDevice8A * *,struct IDirectInputDevice8A * *,struct IDirectInputDevice8A * *)",??$copy_backward@PAPAUIDirectInputDevice8A@@PAPAU1@@std@@YAPAPAUIDirectInputDevice8A@@PAPAU1@00@Z,VC71-Od-EH-GS,7db5450b11c13a645bcf74173e0786cb6a59ac5097d87ae65a2ddb431583bab5,"[{""offset"":13,""type"":""REL32"",""symbol"":""??$_Ptr_cat@UIDirectInputDevice8A@@@std@@YA?AU_Scalar_ptr_iterator_tag@0@PAPAUIDirectInputDevice8A@@0@Z"",""target"":""0x00405FC0"",""addend"":0},{""offset"":40,""type"":""REL32"",""symbol"":""??$_Copy_backward_opt@PAPAUIDirectInputDevice8A@@PAPAU1@@std@@YAPAPAUIDirectInputDevice8A@@PAPAU1@00U_Scalar_ptr_iterator_tag@0@@Z"",""target"":""0x00406040"",""addend"":0}]"
0x00405E00,20,"struct IDirectInputDevice8A * * __cdecl std::_Allocate<struct IDirectInputDevice8A *>(unsigned int,struct IDirectInputDevice8A * *)",??$_Allocate@PAUIDirectInputDevice8A@@@std@@YAPAPAUIDirectInputDevice8A@@IPAPAU1@@Z,VC71-Od-EH-GS,46d179bc7089064574a65de94c364d1767142c0ccb8f6d0062d856054d090878,"[{""offset"":11,""type"":""REL32"",""symbol"":""??2@YAPAXI@Z"",""target"":""0x0064159D"",""addend"":0}]"
0x00405E20,51,"struct DIJOYSTATE * __cdecl std::copy<struct DIJOYSTATE *,struct DIJOYSTATE *>(struct DIJOYSTATE *,struct DIJOYSTATE *,struct DIJOYSTATE *)",??$copy@PAUDIJOYSTATE@@PAU1@@std@@YAPAUDIJOYSTATE@@PAU1@00@Z,VC71-Od-EH-GS,05f7dc3c84a14f069c77b3c3968b95227eb499f80ef40f704e13025365bc70e8,"[{""offset"":13,""type"":""REL32"",""symbol"":""??$_Ptr_cat@PAUDIJOYSTATE@@PAU1@@std@@YA?AU_Nonscalar_ptr_iterator_tag@0@AAPAUDIJOYSTATE@@0@Z"",""target"":""0x00406080"",""addend"":0},{""offset"":40,""type"":""REL32"",""symbol"":""??$_Copy_opt@PAUDIJOYSTATE@@PAU1@@std@@YAPAUDIJOYSTATE@@PAU1@00U_Nonscalar_ptr_iterator_tag@0@@Z"",""target"":""0x00406090"",""addend"":0}]"
0x00405E60,51,"void __cdecl std::_Destroy_range<struct DIJOYSTATE,class std::allocator<struct DIJOYSTATE> >(struct DIJOYSTATE *,struct DIJOYSTATE *,class std::allocator<struct DIJOYSTATE> &)",??$_Destroy_range@UDIJOYSTATE@@V?$allocator@UDIJOYSTATE@@@std@@@std@@YAXPAUDIJOYSTATE@@0AAV?$allocator@UDIJOYSTATE@@@0@@Z,VC71-Od-EH-GS,e153440df8b51cedd8c8ad24cc3bb55ba8f42be4feb8a652ae23dc4500e661a6,"[{""offset"":13,""type"":""REL32"",""symbol"":""??$_Ptr_cat@PAUDIJOYSTATE@@PAU1@@std@@YA?AU_Nonscalar_ptr_iterator_tag@0@AAPAUDIJOYSTATE@@0@Z"",""target"":""0x00406080"",""addend"":0},{""offset"":40,""type"":""REL32"",""symbol"":""??$_Destroy_range@UDIJOYSTATE@@V?$allocator@UDIJOYSTATE@@@std@@@std@@YAXPAUDIJOYSTATE@@0AAV?$allocator@UDIJOYSTATE@@@0@U_Nonscalar_ptr_iterator_tag@0@@Z"",""target"":""0x004060D0"",""addend"":0}]"
0x00405EA0,20,"struct DIJOYSTATE * __cdecl std::_Allocate<struct DIJOYSTATE>(unsigned int,struct DIJOYSTATE *)",??$_Allocate@UDIJOYSTATE@@@std@@YAPAUDIJOYSTATE@@IPAU1@@Z,VC71-Od-EH-GS,9742bfd40b6f894a32b217ef2aeb343de5ee224a6a6310b2b2fe77b37ab81e71,"[{""offset"":11,""type"":""REL32"",""symbol"":""??2@YAPAXI@Z"",""target"":""0x0064159D"",""addend"":0}]"
0x00405EC0,37,"protected: struct DIJOYSTATE * __thiscall std::vector<struct DIJOYSTATE,class std::allocator<struct DIJOYSTATE> >::_Ucopy<struct DIJOYSTATE *>(struct DIJOYSTATE *,struct DIJOYSTATE *,struct DIJOYSTATE *)",??$_Ucopy@PAUDIJOYSTATE@@@?$vector@UDIJOYSTATE@@V?$allocator@UDIJOYSTATE@@@std@@@std@@IAEPAUDIJOYSTATE@@PAU2@00@Z,VC71-Od-EH-GS,3f37abcf99e7def1e5779c21f4b036f13a515ae56b3950085d28e88bb4f426b2,"[{""offset"":24,""type"":""REL32"",""symbol"":""??$_Uninitialized_copy@PAUDIJOYSTATE@@PAU1@V?$allocator@UDIJOYSTATE@@@std@@@std@@YAPAUDIJOYSTATE@@PAU1@00AAV?$allocator@UDIJOYSTATE@@@0@@Z"",""target"":""0x00406100"",""addend"":0}]"
0x00405EF0,43,"void __cdecl std::fill<struct DIJOYSTATE *,struct DIJOYSTATE>(struct DIJOYSTATE *,struct DIJOYSTATE *,struct DIJOYSTATE const &)",??$fill@PAUDIJOYSTATE@@U1@@std@@YAXPAUDIJOYSTATE@@0ABU1@@Z,VC71-Od-EH-GS,63effdbaa7a546d539a059c84b7bdc2de7374f3426c26f8d5b87df63a7d37dd4,[]
0x00405F20,51,"struct DIJOYSTATE * __cdecl std::copy_backward<struct DIJOYSTATE *,struct DIJOYSTATE *>(struct DIJOYSTATE *,struct DIJOYSTATE *,struct DIJOYSTATE *)",??$copy_backward@PAUDIJOYSTATE@@PAU1@@std@@YAPAUDIJOYSTATE@@PAU1@00@Z,VC71-Od-EH-GS,05f7dc3c84a14f069c77b3c3968b95227eb499f80ef40f704e13025365bc70e8,"[{""offset"":13,""type"":""REL32"",""symbol"":""??$_Ptr_cat@PAUDIJOYSTATE@@PAU1@@std@@YA?AU_Nonscalar_ptr_iterator_tag@0@AAPAUDIJOYSTATE@@0@Z"",""target"":""0x00406080"",""addend"":0},{""offset"":40,""type"":""REL32"",""symbol"":""??$_Copy_backward_opt@PAUDIJOYSTATE@@PAU1@@std@@YAPAUDIJOYSTATE@@PAU1@00U_Nonscalar_ptr_iterator_tag@0@@Z"",""target"":""0x00406140"",""addend"":0}]"
0x00405F60,17,"char * __cdecl std::_Allocate<char>(unsigned int,char *)",??$_Allocate@D@std@@YAPADIPAD@Z,VC71-Od-EH-GS,1c268736a240e2202586552f52b8eb7a8cdf71939cb2129e2fb15cfe8a5723bc,"[{""offset"":8,""type"":""REL32"",""symbol"":""??2@YAPAXI@Z"",""target"":""0x0064159D"",""addend"":0}]"
0x00405F80,55,"void __cdecl std::_Uninitialized_fill_n<struct DIJOYSTATE *,unsigned int,struct DIJOYSTATE,class std::allocator<struct DIJOYSTATE> >(struct DIJOYSTATE *,unsigned int,struct DIJOYSTATE const &,class std::allocator<struct DIJOYSTATE> &)",??$_Uninitialized_fill_n@PAUDIJOYSTATE@@IU1@V?$allocator@UDIJOYSTATE@@@std@@@std@@YAXPAUDIJOYSTATE@@IABU1@AAV?$allocator@UDIJOYSTATE@@@0@@Z,VC71-Od-EH-GS,51432e5a8256abb6e9cf660d9eb116be9c831240d6950d61213cee8eea941648,"[{""offset"":13,""type"":""REL32"",""symbol"":""??$_Ptr_cat@PAUDIJOYSTATE@@PAU1@@std@@YA?AU_Nonscalar_ptr_iterator_tag@0@AAPAUDIJOYSTATE@@0@Z"",""target"":""0x00406080"",""addend"":0},{""offset"":44,""type"":""REL32"",""symbol"":""??$_Uninit_fill_n@PAUDIJOYSTATE@@IU1@V?$allocator@UDIJOYSTATE@@@std@@@std@@YAXPAUDIJOYSTATE@@IABU1@AAV?$allocator@UDIJOYSTATE@@@0@U_Nonscalar_ptr_iterator_tag@0@@Z"",""target"":""0x00406180"",""addend"":0}]"
0x00405FC0,11,"struct std::_Scalar_ptr_iterator_tag __cdecl std::_Ptr_cat<struct IDirectInputDevice8A>(struct IDirectInputDevice8A * *,struct IDirectInputDevice8A * *)",??$_Ptr_cat@UIDirectInputDevice8A@@@std@@YA?AU_Scalar_ptr_iterator_tag@0@PAPAUIDirectInputDevice8A@@0@Z,VC71-Od-EH-GS,125af26ed15ea5e17205bbf1df6e31eeb82f0d79055557b9a04ec8a39e8679a8,[]
0x00405FD0,5,"void __cdecl std::_Destroy_range<struct IDirectInputDevice8A *,class std::allocator<struct IDirectInputDevice8A *> >(struct IDirectInputDevice8A * *,struct IDirectInputDevice8A * *,class std::allocator<struct IDirectInputDevice8A *> &,struct std::_Scalar_ptr_iterator_tag)",??$_Destroy_range@PAUIDirectInputDevice8A@@V?$allocator@PAUIDirectInputDevice8A@@@std@@@std@@YAXPAPAUIDirectInputDevice8A@@0AAV?$allocator@PAUIDirectInputDevice8A@@@0@U_Scalar_ptr_iterator_tag@0@@Z,VC71-Od-EH-GS,7178bc05f1e5707e6c3dae3e068488f3df05d53b0e5eb728edd1abc56533f087,[]
0x00405FE0,25,"void __cdecl std::_Uninit_fill_n<struct IDirectInputDevice8A *,unsigned int,struct IDirectInputDevice8A *>(struct IDirectInputDevice8A * *,unsigned int,struct IDirectInputDevice8A * const &,class std::allocator<struct IDirectInputDevice8A *> &,struct std::_Scalar_ptr_iterator_tag)",??$_Uninit_fill_n@PAUIDirectInputDevice8A@@IPAU1@@std@@YAXPAPAUIDirectInputDevice8A@@IABQAU1@AAV?$allocator@PAUIDirectInputDevice8A@@@0@U_Scalar_ptr_iterator_tag@0@@Z,VC71-Od-EH-GS,62ebf47293d861ba6638462ba31f6f3ef8842ad965e70d1b1c186904d054fdee,"[{""offset"":16,""type"":""REL32"",""symbol"":""??$fill_n@PAPAUIDirectInputDevice8A@@IPAU1@@std@@YAXPAPAUIDirectInputDevice8A@@IABQAU1@@Z"",""target"":""0x00406260"",""addend"":0}]"
0x00406000,55,"struct IDirectInputDevice8A * * __cdecl std::_Uninitialized_copy<struct IDirectInputDevice8A * *,struct IDirectInputDevice8A * *,class std::allocator<struct IDirectInputDevice8A *> >(struct IDirectInputDevice8A * *,struct IDirectInputDevice8A * *,struct IDirectInputDevice8A * *,class std::allocator<struct IDirectInputDevice8A *> &)",??$_Uninitialized_copy@PAPAUIDirectInputDevice8A@@PAPAU1@V?$allocator@PAUIDirectInputDevice8A@@@std@@@std@@YAPAPAUIDirectInputDevice8A@@PAPAU1@00AAV?$allocator@PAUIDirectInputDevice8A@@@0@@Z,VC71-Od-EH-GS,287825a2cecd4440f77d8e854a0218e7a29484f3e2e01ef877a2c285fc1e6e5c,"[{""offset"":13,""type"":""REL32"",""symbol"":""??$_Ptr_cat@UIDirectInputDevice8A@@@std@@YA?AU_Scalar_ptr_iterator_tag@0@PAPAUIDirectInputDevice8A@@0@Z"",""target"":""0x00405FC0"",""addend"":0},{""offset"":44,""type"":""REL32"",""symbol"":""??$_Uninit_copy@PAUIDirectInputDevice8A@@PAU1@@std@@YAPAPAUIDirectInputDevice8A@@PAPAU1@00AAV?$allocator@PAUIDirectInputDevice8A@@@0@U_Scalar_ptr_iterator_tag@0@@Z"",""target"":""0x00406290"",""addend"":0}]"
0x00406040,51,"struct IDirectInputDevice8A * * __cdecl std::_Copy_backward_opt<struct IDirectInputDevice8A * *,struct IDirectInputDevice8A * *>(struct IDirectInputDevice8A * *,struct IDirectInputDevice8A * *,struct IDirectInputDevice8A * *,struct std::_Scalar_ptr_iterator_tag)",??$_Copy_backward_opt@PAPAUIDirectInputDevice8A@@PAPAU1@@std@@YAPAPAUIDirectInputDevice8A@@PAPAU1@00U_Scalar_ptr_iterator_tag@0@@Z,VC71-Od-EH-GS,9f574b00b934df8b7091f0eda2bc173622688863b2596d6074b493dd0ca64d86,"[{""offset"":40,""type"":""REL32"",""symbol"":""_memmove"",""target"":""0x00641260"",""addend"":0}]"
0x00406080,11,"struct std::_Nonscalar_ptr_iterator_tag __cdecl std::_Ptr_cat<struct DIJOYSTATE *,struct DIJOYSTATE *>(struct DIJOYSTATE * &,struct DIJOYSTATE * &)",??$_Ptr_cat@PAUDIJOYSTATE@@PAU1@@std@@YA?AU_Nonscalar_ptr_iterator_tag@0@AAPAUDIJOYSTATE@@0@Z,VC71-Od-EH-GS,125af26ed15ea5e17205bbf1df6e31eeb82f0d79055557b9a04ec8a39e8679a8,[]
0x00406090,55,"struct DIJOYSTATE * __cdecl std::_Copy_opt<struct DIJOYSTATE *,struct DIJOYSTATE *>(struct DIJOYSTATE *,struct DIJOYSTATE *,struct DIJOYSTATE *,struct std::_Nonscalar_ptr_iterator_tag)",??$_Copy_opt@PAUDIJOYSTATE@@PAU1@@std@@YAPAUDIJOYSTATE@@PAU1@00U_Nonscalar_ptr_iterator_tag@0@@Z,VC71-Od-EH-GS,1a6f00e359baba1a98be0acd170cebd40a0a687995f60bb49f7cdd1a8b04decb,[]
0x004060D0,38,"void __cdecl std::_Destroy_range<struct DIJOYSTATE,class std::allocator<struct DIJOYSTATE> >(struct DIJOYSTATE *,struct DIJOYSTATE *,class std::allocator<struct DIJOYSTATE> &,struct std::_Nonscalar_ptr_iterator_tag)",??$_Destroy_range@UDIJOYSTATE@@V?$allocator@UDIJOYSTATE@@@std@@@std@@YAXPAUDIJOYSTATE@@0AAV?$allocator@UDIJOYSTATE@@@0@U_Nonscalar_ptr_iterator_tag@0@@Z,VC71-Od-EH-GS,8b812d3796ab01bcf2883c06709fb6b886b31db34e390e3aff4c3fb156dee6c5,"[{""offset"":30,""type"":""REL32"",""symbol"":""?destroy@?$allocator@UDIJOYSTATE@@@std@@QAEXPAUDIJOYSTATE@@@Z"",""target"":""0x00406240"",""addend"":0}]"
0x00406100,55,"struct DIJOYSTATE * __cdecl std::_Uninitialized_copy<struct DIJOYSTATE *,struct DIJOYSTATE *,class std::allocator<struct DIJOYSTATE> >(struct DIJOYSTATE *,struct DIJOYSTATE *,struct DIJOYSTATE *,class std::allocator<struct DIJOYSTATE> &)",??$_Uninitialized_copy@PAUDIJOYSTATE@@PAU1@V?$allocator@UDIJOYSTATE@@@std@@@std@@YAPAUDIJOYSTATE@@PAU1@00AAV?$allocator@UDIJOYSTATE@@@0@@Z,VC71-Od-EH-GS,26e1cff89a89f52064dbb1a8e74177472899353658b43dc41a27da0603b47fed,"[{""offset"":13,""type"":""REL32"",""symbol"":""??$_Ptr_cat@PAUDIJOYSTATE@@PAU1@@std@@YA?AU_Nonscalar_ptr_iterator_tag@0@AAPAUDIJOYSTATE@@0@Z"",""target"":""0x00406080"",""addend"":0},{""offset"":44,""type"":""REL32"",""symbol"":""??$_Uninit_copy@PAUDIJOYSTATE@@PAU1@V?$allocator@UDIJOYSTATE@@@std@@@std@@YAPAUDIJOYSTATE@@PAU1@00AAV?$allocator@UDIJOYSTATE@@@0@U_Nonscalar_ptr_iterator_tag@0@@Z"",""target"":""0x004062D0"",""addend"":0}]"
0x00406140,53,"struct DIJOYSTATE * __cdecl std::_Copy_backward_opt<struct DIJOYSTATE *,struct DIJOYSTATE *>(struct DIJOYSTATE *,struct DIJOYSTATE *,struct DIJOYSTATE *,struct std::_Nonscalar_ptr_iterator_tag)",??$_Copy_backward_opt@PAUDIJOYSTATE@@PAU1@@std@@YAPAUDIJOYSTATE@@PAU1@00U_Nonscalar_ptr_iterator_tag@0@@Z,VC71-Od-EH-GS,41cc03237520548cd5762f13b7b9b76409ef687fded1447ba4b7f463cbac45a7,[]
0x00406220,29,"public: void __thiscall std::allocator<struct DIJOYSTATE>::construct(struct DIJOYSTATE *,struct DIJOYSTATE const &)",?construct@?$allocator@UDIJOYSTATE@@@std@@QAEXPAUDIJOYSTATE@@ABU3@@Z,VC71-Od-EH-GS,7c6d9fb49bf679d9ce24e0ea5fcdcc441c4a612bbc57f5c6c01fdb7e501bdce0,"[{""offset"":16,""type"":""REL32"",""symbol"":""??$_Construct@UDIJOYSTATE@@U1@@std@@YAXPAUDIJOYSTATE@@ABU1@@Z"",""target"":""0x00406380"",""addend"":0}]"
0x00406240,25,public: void __thiscall std::allocator<struct DIJOYSTATE>::destroy(struct DIJOYSTATE *),?destroy@?$allocator@UDIJOYSTATE@@@std@@QAEXPAUDIJOYSTATE@@@Z,VC71-Od-EH-GS,f15b6ab0bb8c123fee8171d5aa3537e37ca40958350e515dc8a11a0d87089971,"[{""offset"":12,""type"":""REL32"",""symbol"":""??$_Destroy@UDIJOYSTATE@@@std@@YAXPAUDIJOYSTATE@@@Z"",""target"":""0x004063E0"",""addend"":0}]"
0x00406260,43,"void __cdecl std::fill_n<struct IDirectInputDevice8A * *,unsigned int,struct IDirectInputDevice8A *>(struct IDirectInputDevice8A * *,unsigned int,struct IDirectInputDevice8A * const &)",??$fill_n@PAPAUIDirectInputDevice8A@@IPAU1@@std@@YAXPAPAUIDirectInputDevice8A@@IABQAU1@@Z,VC71-Od-EH-GS,59ed9eed43499885b04da9cc1fdecc7ec7b56b5682f2f87c02678b7ea04e6e2e,[]
0x00406290,49,"struct IDirectInputDevice8A * * __cdecl std::_Uninit_copy<struct IDirectInputDevice8A *,struct IDirectInputDevice8A *>(struct IDirectInputDevice8A * *,struct IDirectInputDevice8A * *,struct IDirectInputDevice8A * *,class std::allocator<struct IDirectInputDevice8A *> &,struct std::_Scalar_ptr_iterator_tag)",??$_Uninit_copy@PAUIDirectInputDevice8A@@PAU1@@std@@YAPAPAUIDirectInputDevice8A@@PAPAU1@00AAV?$allocator@PAUIDirectInputDevice8A@@@0@U_Scalar_ptr_iterator_tag@0@@Z,VC71-Od-EH-GS,819764bcd5bc6281178f52a8c0ba4ef070a5f99a9e5222050118ebf0c230e616,"[{""offset"":32,""type"":""REL32"",""symbol"":""_memmove"",""target"":""0x00641260"",""addend"":0}]"
