address,size,family_key,coff_symbol,matching_symbols,source_sha256,body_sha256,relocation_bindings,indirect_call_count,callee_address,evidence_id
0x00409740,19,??1?$deque,??1?$deque@U?$DequeProbeRecord@$00@@V?$allocator@U?$DequeProbeRecord@$00@@@std@@@std@@QAE@XZ,"[""??1?$deque@U?$DequeProbeRecord@$00@@V?$allocator@U?$DequeProbeRecord@$00@@@std@@@std@@QAE@XZ"",""??1?$deque@U?$DequeProbeRecord@$01@@V?$allocator@U?$DequeProbeRecord@$01@@@std@@@std@@QAE@XZ"",""??1?$deque@U?$DequeProbeRecord@$03@@V?$allocator@U?$DequeProbeRecord@$03@@@std@@@std@@QAE@XZ"",""??1?$deque@U?$DequeProbeRecord@$07@@V?$allocator@U?$DequeProbeRecord@$07@@@std@@@std@@QAE@XZ"",""??1?$deque@U?$DequeProbeRecord@$0BA@@@V?$allocator@U?$DequeProbeRecord@$0BA@@@@std@@@std@@QAE@XZ"",""??1?$deque@U?$DequeProbeRecord@$0CA@@@V?$allocator@U?$DequeProbeRecord@$0CA@@@@std@@@std@@QAE@XZ"",""??1?$deque@U?$DequeProbeRecord@$0EA@@@V?$allocator@U?$DequeProbeRecord@$0EA@@@@std@@@std@@QAE@XZ""]",34d6af46dd3338abf5d997f2e605a0321d87bfe083118d27838b6e494535d81a,7b2a3eaf9cee7ad394fbeda90b25dfe3845f118b9acde6bf836936740fd8de40,"[{""offset"":11,""type"":""REL32"",""symbol"":""?_Tidy@?$deque@U?$DequeProbeRecord@$00@@V?$allocator@U?$DequeProbeRecord@$00@@@std@@@std@@IAEXXZ"",""addend"":0,""target_address"":""0x00409C60""}]",0,0x00409C60,R077
0x0040AD60,19,??1?$deque,??1?$deque@U?$DequeProbeRecord@$00@@V?$allocator@U?$DequeProbeRecord@$00@@@std@@@std@@QAE@XZ,"[""??1?$deque@U?$DequeProbeRecord@$00@@V?$allocator@U?$DequeProbeRecord@$00@@@std@@@std@@QAE@XZ"",""??1?$deque@U?$DequeProbeRecord@$01@@V?$allocator@U?$DequeProbeRecord@$01@@@std@@@std@@QAE@XZ"",""??1?$deque@U?$DequeProbeRecord@$03@@V?$allocator@U?$DequeProbeRecord@$03@@@std@@@std@@QAE@XZ"",""??1?$deque@U?$DequeProbeRecord@$07@@V?$allocator@U?$DequeProbeRecord@$07@@@std@@@std@@QAE@XZ"",""??1?$deque@U?$DequeProbeRecord@$0BA@@@V?$allocator@U?$DequeProbeRecord@$0BA@@@@std@@@std@@QAE@XZ"",""??1?$deque@U?$DequeProbeRecord@$0CA@@@V?$allocator@U?$DequeProbeRecord@$0CA@@@@std@@@std@@QAE@XZ"",""??1?$deque@U?$DequeProbeRecord@$0EA@@@V?$allocator@U?$DequeProbeRecord@$0EA@@@@std@@@std@@QAE@XZ""]",34d6af46dd3338abf5d997f2e605a0321d87bfe083118d27838b6e494535d81a,4ce386a347f08e5f53480efd8513967b28646c7252ffd9f5150f4106dec55a55,"[{""offset"":11,""type"":""REL32"",""symbol"":""?_Tidy@?$deque@U?$DequeProbeRecord@$00@@V?$allocator@U?$DequeProbeRecord@$00@@@std@@@std@@IAEXXZ"",""addend"":0,""target_address"":""0x00409C60""}]",0,0x00409C60,R077
0x0040DFB0,19,??1?$deque,??1?$deque@U?$DequeProbeRecord@$00@@V?$allocator@U?$DequeProbeRecord@$00@@@std@@@std@@QAE@XZ,"[""??1?$deque@U?$DequeProbeRecord@$00@@V?$allocator@U?$DequeProbeRecord@$00@@@std@@@std@@QAE@XZ"",""??1?$deque@U?$DequeProbeRecord@$01@@V?$allocator@U?$DequeProbeRecord@$01@@@std@@@std@@QAE@XZ"",""??1?$deque@U?$DequeProbeRecord@$03@@V?$allocator@U?$DequeProbeRecord@$03@@@std@@@std@@QAE@XZ"",""??1?$deque@U?$DequeProbeRecord@$07@@V?$allocator@U?$DequeProbeRecord@$07@@@std@@@std@@QAE@XZ"",""??1?$deque@U?$DequeProbeRecord@$0BA@@@V?$allocator@U?$DequeProbeRecord@$0BA@@@@std@@@std@@QAE@XZ"",""??1?$deque@U?$DequeProbeRecord@$0CA@@@V?$allocator@U?$DequeProbeRecord@$0CA@@@@std@@@std@@QAE@XZ"",""??1?$deque@U?$DequeProbeRecord@$0EA@@@V?$allocator@U?$DequeProbeRecord@$0EA@@@@std@@@std@@QAE@XZ""]",34d6af46dd3338abf5d997f2e605a0321d87bfe083118d27838b6e494535d81a,3e18629d1a4660ecdb6a2cf22695cb7726703ec2d129f0ed8f9773113deb4197,"[{""offset"":11,""type"":""REL32"",""symbol"":""?_Tidy@?$deque@U?$DequeProbeRecord@$00@@V?$allocator@U?$DequeProbeRecord@$00@@@std@@@std@@IAEXXZ"",""addend"":0,""target_address"":""0x0040E390""}]",0,0x0040E390,R077
0x004143B0,19,??1?$deque,??1?$deque@U?$DequeProbeRecord@$00@@V?$allocator@U?$DequeProbeRecord@$00@@@std@@@std@@QAE@XZ,"[""??1?$deque@U?$DequeProbeRecord@$00@@V?$allocator@U?$DequeProbeRecord@$00@@@std@@@std@@QAE@XZ"",""??1?$deque@U?$DequeProbeRecord@$01@@V?$allocator@U?$DequeProbeRecord@$01@@@std@@@std@@QAE@XZ"",""??1?$deque@U?$DequeProbeRecord@$03@@V?$allocator@U?$DequeProbeRecord@$03@@@std@@@std@@QAE@XZ"",""??1?$deque@U?$DequeProbeRecord@$07@@V?$allocator@U?$DequeProbeRecord@$07@@@std@@@std@@QAE@XZ"",""??1?$deque@U?$DequeProbeRecord@$0BA@@@V?$allocator@U?$DequeProbeRecord@$0BA@@@@std@@@std@@QAE@XZ"",""??1?$deque@U?$DequeProbeRecord@$0CA@@@V?$allocator@U?$DequeProbeRecord@$0CA@@@@std@@@std@@QAE@XZ"",""??1?$deque@U?$DequeProbeRecord@$0EA@@@V?$allocator@U?$DequeProbeRecord@$0EA@@@@std@@@std@@QAE@XZ""]",34d6af46dd3338abf5d997f2e605a0321d87bfe083118d27838b6e494535d81a,b164fd8eb38a619f68629e41b7b3122868646dc77c1b2d892e348d80d2792eeb,"[{""offset"":11,""type"":""REL32"",""symbol"":""?_Tidy@?$deque@U?$DequeProbeRecord@$00@@V?$allocator@U?$DequeProbeRecord@$00@@@std@@@std@@IAEXXZ"",""addend"":0,""target_address"":""0x00414D50""}]",0,0x00414D50,R077
0x00414530,19,??1?$deque,??1?$deque@U?$DequeProbeRecord@$00@@V?$allocator@U?$DequeProbeRecord@$00@@@std@@@std@@QAE@XZ,"[""??1?$deque@U?$DequeProbeRecord@$00@@V?$allocator@U?$DequeProbeRecord@$00@@@std@@@std@@QAE@XZ"",""??1?$deque@U?$DequeProbeRecord@$01@@V?$allocator@U?$DequeProbeRecord@$01@@@std@@@std@@QAE@XZ"",""??1?$deque@U?$DequeProbeRecord@$03@@V?$allocator@U?$DequeProbeRecord@$03@@@std@@@std@@QAE@XZ"",""??1?$deque@U?$DequeProbeRecord@$07@@V?$allocator@U?$DequeProbeRecord@$07@@@std@@@std@@QAE@XZ"",""??1?$deque@U?$DequeProbeRecord@$0BA@@@V?$allocator@U?$DequeProbeRecord@$0BA@@@@std@@@std@@QAE@XZ"",""??1?$deque@U?$DequeProbeRecord@$0CA@@@V?$allocator@U?$DequeProbeRecord@$0CA@@@@std@@@std@@QAE@XZ"",""??1?$deque@U?$DequeProbeRecord@$0EA@@@V?$allocator@U?$DequeProbeRecord@$0EA@@@@std@@@std@@QAE@XZ""]",34d6af46dd3338abf5d997f2e605a0321d87bfe083118d27838b6e494535d81a,daf154ef74233c90ea76c3d578c074e494f37c78b02219c29803ca8bda83c283,"[{""offset"":11,""type"":""REL32"",""symbol"":""?_Tidy@?$deque@U?$DequeProbeRecord@$00@@V?$allocator@U?$DequeProbeRecord@$00@@@std@@@std@@IAEXXZ"",""addend"":0,""target_address"":""0x00414D50""}]",0,0x00414D50,R077
0x004145A0,19,??1?$deque,??1?$deque@U?$DequeProbeRecord@$00@@V?$allocator@U?$DequeProbeRecord@$00@@@std@@@std@@QAE@XZ,"[""??1?$deque@U?$DequeProbeRecord@$00@@V?$allocator@U?$DequeProbeRecord@$00@@@std@@@std@@QAE@XZ"",""??1?$deque@U?$DequeProbeRecord@$01@@V?$allocator@U?$DequeProbeRecord@$01@@@std@@@std@@QAE@XZ"",""??1?$deque@U?$DequeProbeRecord@$03@@V?$allocator@U?$DequeProbeRecord@$03@@@std@@@std@@QAE@XZ"",""??1?$deque@U?$DequeProbeRecord@$07@@V?$allocator@U?$DequeProbeRecord@$07@@@std@@@std@@QAE@XZ"",""??1?$deque@U?$DequeProbeRecord@$0BA@@@V?$allocator@U?$DequeProbeRecord@$0BA@@@@std@@@std@@QAE@XZ"",""??1?$deque@U?$DequeProbeRecord@$0CA@@@V?$allocator@U?$DequeProbeRecord@$0CA@@@@std@@@std@@QAE@XZ"",""??1?$deque@U?$DequeProbeRecord@$0EA@@@V?$allocator@U?$DequeProbeRecord@$0EA@@@@std@@@std@@QAE@XZ""]",34d6af46dd3338abf5d997f2e605a0321d87bfe083118d27838b6e494535d81a,eb8864568ee049f1f76ee86453f74011e7af5b6dee7e6d589417b097d823a5ae,"[{""offset"":11,""type"":""REL32"",""symbol"":""?_Tidy@?$deque@U?$DequeProbeRecord@$00@@V?$allocator@U?$DequeProbeRecord@$00@@@std@@@std@@IAEXXZ"",""addend"":0,""target_address"":""0x004150B0""}]",0,0x004150B0,R077
0x00414720,19,??1?$deque,??1?$deque@U?$DequeProbeRecord@$00@@V?$allocator@U?$DequeProbeRecord@$00@@@std@@@std@@QAE@XZ,"[""??1?$deque@U?$DequeProbeRecord@$00@@V?$allocator@U?$DequeProbeRecord@$00@@@std@@@std@@QAE@XZ"",""??1?$deque@U?$DequeProbeRecord@$01@@V?$allocator@U?$DequeProbeRecord@$01@@@std@@@std@@QAE@XZ"",""??1?$deque@U?$DequeProbeRecord@$03@@V?$allocator@U?$DequeProbeRecord@$03@@@std@@@std@@QAE@XZ"",""??1?$deque@U?$DequeProbeRecord@$07@@V?$allocator@U?$DequeProbeRecord@$07@@@std@@@std@@QAE@XZ"",""??1?$deque@U?$DequeProbeRecord@$0BA@@@V?$allocator@U?$DequeProbeRecord@$0BA@@@@std@@@std@@QAE@XZ"",""??1?$deque@U?$DequeProbeRecord@$0CA@@@V?$allocator@U?$DequeProbeRecord@$0CA@@@@std@@@std@@QAE@XZ"",""??1?$deque@U?$DequeProbeRecord@$0EA@@@V?$allocator@U?$DequeProbeRecord@$0EA@@@@std@@@std@@QAE@XZ""]",34d6af46dd3338abf5d997f2e605a0321d87bfe083118d27838b6e494535d81a,0f78ca01952bbe1b0d78c76e0bd5bb42d573538219f84b5f042ed1db6bff0a48,"[{""offset"":11,""type"":""REL32"",""symbol"":""?_Tidy@?$deque@U?$DequeProbeRecord@$00@@V?$allocator@U?$DequeProbeRecord@$00@@@std@@@std@@IAEXXZ"",""addend"":0,""target_address"":""0x004150B0""}]",0,0x004150B0,R077
0x00414790,19,??1?$deque,??1?$deque@U?$DequeProbeRecord@$00@@V?$allocator@U?$DequeProbeRecord@$00@@@std@@@std@@QAE@XZ,"[""??1?$deque@U?$DequeProbeRecord@$00@@V?$allocator@U?$DequeProbeRecord@$00@@@std@@@std@@QAE@XZ"",""??1?$deque@U?$DequeProbeRecord@$01@@V?$allocator@U?$DequeProbeRecord@$01@@@std@@@std@@QAE@XZ"",""??1?$deque@U?$DequeProbeRecord@$03@@V?$allocator@U?$DequeProbeRecord@$03@@@std@@@std@@QAE@XZ"",""??1?$deque@U?$DequeProbeRecord@$07@@V?$allocator@U?$DequeProbeRecord@$07@@@std@@@std@@QAE@XZ"",""??1?$deque@U?$DequeProbeRecord@$0BA@@@V?$allocator@U?$DequeProbeRecord@$0BA@@@@std@@@std@@QAE@XZ"",""??1?$deque@U?$DequeProbeRecord@$0CA@@@V?$allocator@U?$DequeProbeRecord@$0CA@@@@std@@@std@@QAE@XZ"",""??1?$deque@U?$DequeProbeRecord@$0EA@@@V?$allocator@U?$DequeProbeRecord@$0EA@@@@std@@@std@@QAE@XZ""]",34d6af46dd3338abf5d997f2e605a0321d87bfe083118d27838b6e494535d81a,035ccf4db03cae436e8315dac3a81650a7d2d54cb08cc7c83d2333ca2b5e681e,"[{""offset"":11,""type"":""REL32"",""symbol"":""?_Tidy@?$deque@U?$DequeProbeRecord@$00@@V?$allocator@U?$DequeProbeRecord@$00@@@std@@@std@@IAEXXZ"",""addend"":0,""target_address"":""0x00415410""}]",0,0x00415410,R077
0x00414910,19,??1?$deque,??1?$deque@U?$DequeProbeRecord@$00@@V?$allocator@U?$DequeProbeRecord@$00@@@std@@@std@@QAE@XZ,"[""??1?$deque@U?$DequeProbeRecord@$00@@V?$allocator@U?$DequeProbeRecord@$00@@@std@@@std@@QAE@XZ"",""??1?$deque@U?$DequeProbeRecord@$01@@V?$allocator@U?$DequeProbeRecord@$01@@@std@@@std@@QAE@XZ"",""??1?$deque@U?$DequeProbeRecord@$03@@V?$allocator@U?$DequeProbeRecord@$03@@@std@@@std@@QAE@XZ"",""??1?$deque@U?$DequeProbeRecord@$07@@V?$allocator@U?$DequeProbeRecord@$07@@@std@@@std@@QAE@XZ"",""??1?$deque@U?$DequeProbeRecord@$0BA@@@V?$allocator@U?$DequeProbeRecord@$0BA@@@@std@@@std@@QAE@XZ"",""??1?$deque@U?$DequeProbeRecord@$0CA@@@V?$allocator@U?$DequeProbeRecord@$0CA@@@@std@@@std@@QAE@XZ"",""??1?$deque@U?$DequeProbeRecord@$0EA@@@V?$allocator@U?$DequeProbeRecord@$0EA@@@@std@@@std@@QAE@XZ""]",34d6af46dd3338abf5d997f2e605a0321d87bfe083118d27838b6e494535d81a,1b5d94d407a1be0d0e9d212c3185cedaa9feb3ba0e12aa5c68d4ed1b9a2a5230,"[{""offset"":11,""type"":""REL32"",""symbol"":""?_Tidy@?$deque@U?$DequeProbeRecord@$00@@V?$allocator@U?$DequeProbeRecord@$00@@@std@@@std@@IAEXXZ"",""addend"":0,""target_address"":""0x00415410""}]",0,0x00415410,R077
0x0041DCD0,19,??1?$deque,??1?$deque@U?$DequeProbeRecord@$00@@V?$allocator@U?$DequeProbeRecord@$00@@@std@@@std@@QAE@XZ,"[""??1?$deque@U?$DequeProbeRecord@$00@@V?$allocator@U?$DequeProbeRecord@$00@@@std@@@std@@QAE@XZ"",""??1?$deque@U?$DequeProbeRecord@$01@@V?$allocator@U?$DequeProbeRecord@$01@@@std@@@std@@QAE@XZ"",""??1?$deque@U?$DequeProbeRecord@$03@@V?$allocator@U?$DequeProbeRecord@$03@@@std@@@std@@QAE@XZ"",""??1?$deque@U?$DequeProbeRecord@$07@@V?$allocator@U?$DequeProbeRecord@$07@@@std@@@std@@QAE@XZ"",""??1?$deque@U?$DequeProbeRecord@$0BA@@@V?$allocator@U?$DequeProbeRecord@$0BA@@@@std@@@std@@QAE@XZ"",""??1?$deque@U?$DequeProbeRecord@$0CA@@@V?$allocator@U?$DequeProbeRecord@$0CA@@@@std@@@std@@QAE@XZ"",""??1?$deque@U?$DequeProbeRecord@$0EA@@@V?$allocator@U?$DequeProbeRecord@$0EA@@@@std@@@std@@QAE@XZ""]",34d6af46dd3338abf5d997f2e605a0321d87bfe083118d27838b6e494535d81a,8dbd1e2de1e490cb9381989505afe16aceadbdfc174c2034a9877b32ef609e2e,"[{""offset"":11,""type"":""REL32"",""symbol"":""?_Tidy@?$deque@U?$DequeProbeRecord@$00@@V?$allocator@U?$DequeProbeRecord@$00@@@std@@@std@@IAEXXZ"",""addend"":0,""target_address"":""0x0041E700""}]",0,0x0041E700,R077
0x0041DF50,19,??1?$deque,??1?$deque@U?$DequeProbeRecord@$00@@V?$allocator@U?$DequeProbeRecord@$00@@@std@@@std@@QAE@XZ,"[""??1?$deque@U?$DequeProbeRecord@$00@@V?$allocator@U?$DequeProbeRecord@$00@@@std@@@std@@QAE@XZ"",""??1?$deque@U?$DequeProbeRecord@$01@@V?$allocator@U?$DequeProbeRecord@$01@@@std@@@std@@QAE@XZ"",""??1?$deque@U?$DequeProbeRecord@$03@@V?$allocator@U?$DequeProbeRecord@$03@@@std@@@std@@QAE@XZ"",""??1?$deque@U?$DequeProbeRecord@$07@@V?$allocator@U?$DequeProbeRecord@$07@@@std@@@std@@QAE@XZ"",""??1?$deque@U?$DequeProbeRecord@$0BA@@@V?$allocator@U?$DequeProbeRecord@$0BA@@@@std@@@std@@QAE@XZ"",""??1?$deque@U?$DequeProbeRecord@$0CA@@@V?$allocator@U?$DequeProbeRecord@$0CA@@@@std@@@std@@QAE@XZ"",""??1?$deque@U?$DequeProbeRecord@$0EA@@@V?$allocator@U?$DequeProbeRecord@$0EA@@@@std@@@std@@QAE@XZ""]",34d6af46dd3338abf5d997f2e605a0321d87bfe083118d27838b6e494535d81a,681de0dfdc74f1b5e9619f7772bdc51937faf4cd7d4f4fb8cd7e11f000e2374f,"[{""offset"":11,""type"":""REL32"",""symbol"":""?_Tidy@?$deque@U?$DequeProbeRecord@$00@@V?$allocator@U?$DequeProbeRecord@$00@@@std@@@std@@IAEXXZ"",""addend"":0,""target_address"":""0x0041EB80""}]",0,0x0041EB80,R077
0x00420400,19,??1?$deque,??1?$deque@U?$DequeProbeRecord@$00@@V?$allocator@U?$DequeProbeRecord@$00@@@std@@@std@@QAE@XZ,"[""??1?$deque@U?$DequeProbeRecord@$00@@V?$allocator@U?$DequeProbeRecord@$00@@@std@@@std@@QAE@XZ"",""??1?$deque@U?$DequeProbeRecord@$01@@V?$allocator@U?$DequeProbeRecord@$01@@@std@@@std@@QAE@XZ"",""??1?$deque@U?$DequeProbeRecord@$03@@V?$allocator@U?$DequeProbeRecord@$03@@@std@@@std@@QAE@XZ"",""??1?$deque@U?$DequeProbeRecord@$07@@V?$allocator@U?$DequeProbeRecord@$07@@@std@@@std@@QAE@XZ"",""??1?$deque@U?$DequeProbeRecord@$0BA@@@V?$allocator@U?$DequeProbeRecord@$0BA@@@@std@@@std@@QAE@XZ"",""??1?$deque@U?$DequeProbeRecord@$0CA@@@V?$allocator@U?$DequeProbeRecord@$0CA@@@@std@@@std@@QAE@XZ"",""??1?$deque@U?$DequeProbeRecord@$0EA@@@V?$allocator@U?$DequeProbeRecord@$0EA@@@@std@@@std@@QAE@XZ""]",34d6af46dd3338abf5d997f2e605a0321d87bfe083118d27838b6e494535d81a,0ac7704b3f0764643696f421d64f31ea281ef4af73d52e4d6d26f23b063e9974,"[{""offset"":11,""type"":""REL32"",""symbol"":""?_Tidy@?$deque@U?$DequeProbeRecord@$00@@V?$allocator@U?$DequeProbeRecord@$00@@@std@@@std@@IAEXXZ"",""addend"":0,""target_address"":""0x0041E700""}]",0,0x0041E700,R077
0x00420420,19,??1?$deque,??1?$deque@U?$DequeProbeRecord@$00@@V?$allocator@U?$DequeProbeRecord@$00@@@std@@@std@@QAE@XZ,"[""??1?$deque@U?$DequeProbeRecord@$00@@V?$allocator@U?$DequeProbeRecord@$00@@@std@@@std@@QAE@XZ"",""??1?$deque@U?$DequeProbeRecord@$01@@V?$allocator@U?$DequeProbeRecord@$01@@@std@@@std@@QAE@XZ"",""??1?$deque@U?$DequeProbeRecord@$03@@V?$allocator@U?$DequeProbeRecord@$03@@@std@@@std@@QAE@XZ"",""??1?$deque@U?$DequeProbeRecord@$07@@V?$allocator@U?$DequeProbeRecord@$07@@@std@@@std@@QAE@XZ"",""??1?$deque@U?$DequeProbeRecord@$0BA@@@V?$allocator@U?$DequeProbeRecord@$0BA@@@@std@@@std@@QAE@XZ"",""??1?$deque@U?$DequeProbeRecord@$0CA@@@V?$allocator@U?$DequeProbeRecord@$0CA@@@@std@@@std@@QAE@XZ"",""??1?$deque@U?$DequeProbeRecord@$0EA@@@V?$allocator@U?$DequeProbeRecord@$0EA@@@@std@@@std@@QAE@XZ""]",34d6af46dd3338abf5d997f2e605a0321d87bfe083118d27838b6e494535d81a,8d3c976ca3086cf9e77e7df644653e538cfc71db0caee66062a43a4edd049b8e,"[{""offset"":11,""type"":""REL32"",""symbol"":""?_Tidy@?$deque@U?$DequeProbeRecord@$00@@V?$allocator@U?$DequeProbeRecord@$00@@@std@@@std@@IAEXXZ"",""addend"":0,""target_address"":""0x0041EB80""}]",0,0x0041EB80,R077
0x00421340,19,??1?$deque,??1?$deque@U?$DequeProbeRecord@$00@@V?$allocator@U?$DequeProbeRecord@$00@@@std@@@std@@QAE@XZ,"[""??1?$deque@U?$DequeProbeRecord@$00@@V?$allocator@U?$DequeProbeRecord@$00@@@std@@@std@@QAE@XZ"",""??1?$deque@U?$DequeProbeRecord@$01@@V?$allocator@U?$DequeProbeRecord@$01@@@std@@@std@@QAE@XZ"",""??1?$deque@U?$DequeProbeRecord@$03@@V?$allocator@U?$DequeProbeRecord@$03@@@std@@@std@@QAE@XZ"",""??1?$deque@U?$DequeProbeRecord@$07@@V?$allocator@U?$DequeProbeRecord@$07@@@std@@@std@@QAE@XZ"",""??1?$deque@U?$DequeProbeRecord@$0BA@@@V?$allocator@U?$DequeProbeRecord@$0BA@@@@std@@@std@@QAE@XZ"",""??1?$deque@U?$DequeProbeRecord@$0CA@@@V?$allocator@U?$DequeProbeRecord@$0CA@@@@std@@@std@@QAE@XZ"",""??1?$deque@U?$DequeProbeRecord@$0EA@@@V?$allocator@U?$DequeProbeRecord@$0EA@@@@std@@@std@@QAE@XZ""]",34d6af46dd3338abf5d997f2e605a0321d87bfe083118d27838b6e494535d81a,7d00fcff9c8131be1d8517bb731c538d7a8af193ca92044943aab45230bf1c3a,"[{""offset"":11,""type"":""REL32"",""symbol"":""?_Tidy@?$deque@U?$DequeProbeRecord@$00@@V?$allocator@U?$DequeProbeRecord@$00@@@std@@@std@@IAEXXZ"",""addend"":0,""target_address"":""0x004219C0""}]",0,0x004219C0,R077
0x004214C0,19,??1?$deque,??1?$deque@U?$DequeProbeRecord@$00@@V?$allocator@U?$DequeProbeRecord@$00@@@std@@@std@@QAE@XZ,"[""??1?$deque@U?$DequeProbeRecord@$00@@V?$allocator@U?$DequeProbeRecord@$00@@@std@@@std@@QAE@XZ"",""??1?$deque@U?$DequeProbeRecord@$01@@V?$allocator@U?$DequeProbeRecord@$01@@@std@@@std@@QAE@XZ"",""??1?$deque@U?$DequeProbeRecord@$03@@V?$allocator@U?$DequeProbeRecord@$03@@@std@@@std@@QAE@XZ"",""??1?$deque@U?$DequeProbeRecord@$07@@V?$allocator@U?$DequeProbeRecord@$07@@@std@@@std@@QAE@XZ"",""??1?$deque@U?$DequeProbeRecord@$0BA@@@V?$allocator@U?$DequeProbeRecord@$0BA@@@@std@@@std@@QAE@XZ"",""??1?$deque@U?$DequeProbeRecord@$0CA@@@V?$allocator@U?$DequeProbeRecord@$0CA@@@@std@@@std@@QAE@XZ"",""??1?$deque@U?$DequeProbeRecord@$0EA@@@V?$allocator@U?$DequeProbeRecord@$0EA@@@@std@@@std@@QAE@XZ""]",34d6af46dd3338abf5d997f2e605a0321d87bfe083118d27838b6e494535d81a,2d075c07314507cc7596dec181e8b13cc4a4491069f6378cfd5ebd2dc29bd470,"[{""offset"":11,""type"":""REL32"",""symbol"":""?_Tidy@?$deque@U?$DequeProbeRecord@$00@@V?$allocator@U?$DequeProbeRecord@$00@@@std@@@std@@IAEXXZ"",""addend"":0,""target_address"":""0x004219C0""}]",0,0x004219C0,R077
0x00421530,19,??1?$deque,??1?$deque@U?$DequeProbeRecord@$00@@V?$allocator@U?$DequeProbeRecord@$00@@@std@@@std@@QAE@XZ,"[""??1?$deque@U?$DequeProbeRecord@$00@@V?$allocator@U?$DequeProbeRecord@$00@@@std@@@std@@QAE@XZ"",""??1?$deque@U?$DequeProbeRecord@$01@@V?$allocator@U?$DequeProbeRecord@$01@@@std@@@std@@QAE@XZ"",""??1?$deque@U?$DequeProbeRecord@$03@@V?$allocator@U?$DequeProbeRecord@$03@@@std@@@std@@QAE@XZ"",""??1?$deque@U?$DequeProbeRecord@$07@@V?$allocator@U?$DequeProbeRecord@$07@@@std@@@std@@QAE@XZ"",""??1?$deque@U?$DequeProbeRecord@$0BA@@@V?$allocator@U?$DequeProbeRecord@$0BA@@@@std@@@std@@QAE@XZ"",""??1?$deque@U?$DequeProbeRecord@$0CA@@@V?$allocator@U?$DequeProbeRecord@$0CA@@@@std@@@std@@QAE@XZ"",""??1?$deque@U?$DequeProbeRecord@$0EA@@@V?$allocator@U?$DequeProbeRecord@$0EA@@@@std@@@std@@QAE@XZ""]",34d6af46dd3338abf5d997f2e605a0321d87bfe083118d27838b6e494535d81a,9d82d58bded25b54c55c5ded2f03139e867079cf89f6f674d9af77ad127ae3f5,"[{""offset"":11,""type"":""REL32"",""symbol"":""?_Tidy@?$deque@U?$DequeProbeRecord@$00@@V?$allocator@U?$DequeProbeRecord@$00@@@std@@@std@@IAEXXZ"",""addend"":0,""target_address"":""0x00421DD0""}]",0,0x00421DD0,R077
0x004216D0,19,??1?$deque,??1?$deque@U?$DequeProbeRecord@$00@@V?$allocator@U?$DequeProbeRecord@$00@@@std@@@std@@QAE@XZ,"[""??1?$deque@U?$DequeProbeRecord@$00@@V?$allocator@U?$DequeProbeRecord@$00@@@std@@@std@@QAE@XZ"",""??1?$deque@U?$DequeProbeRecord@$01@@V?$allocator@U?$DequeProbeRecord@$01@@@std@@@std@@QAE@XZ"",""??1?$deque@U?$DequeProbeRecord@$03@@V?$allocator@U?$DequeProbeRecord@$03@@@std@@@std@@QAE@XZ"",""??1?$deque@U?$DequeProbeRecord@$07@@V?$allocator@U?$DequeProbeRecord@$07@@@std@@@std@@QAE@XZ"",""??1?$deque@U?$DequeProbeRecord@$0BA@@@V?$allocator@U?$DequeProbeRecord@$0BA@@@@std@@@std@@QAE@XZ"",""??1?$deque@U?$DequeProbeRecord@$0CA@@@V?$allocator@U?$DequeProbeRecord@$0CA@@@@std@@@std@@QAE@XZ"",""??1?$deque@U?$DequeProbeRecord@$0EA@@@V?$allocator@U?$DequeProbeRecord@$0EA@@@@std@@@std@@QAE@XZ""]",34d6af46dd3338abf5d997f2e605a0321d87bfe083118d27838b6e494535d81a,a802d87234bfb45cbce126e52a8619977ee7566f8dc6fd2e01b30a00c7513315,"[{""offset"":11,""type"":""REL32"",""symbol"":""?_Tidy@?$deque@U?$DequeProbeRecord@$00@@V?$allocator@U?$DequeProbeRecord@$00@@@std@@@std@@IAEXXZ"",""addend"":0,""target_address"":""0x00421DD0""}]",0,0x00421DD0,R077
0x00423F30,19,??1?$deque,??1?$deque@U?$DequeProbeRecord@$00@@V?$allocator@U?$DequeProbeRecord@$00@@@std@@@std@@QAE@XZ,"[""??1?$deque@U?$DequeProbeRecord@$00@@V?$allocator@U?$DequeProbeRecord@$00@@@std@@@std@@QAE@XZ"",""??1?$deque@U?$DequeProbeRecord@$01@@V?$allocator@U?$DequeProbeRecord@$01@@@std@@@std@@QAE@XZ"",""??1?$deque@U?$DequeProbeRecord@$03@@V?$allocator@U?$DequeProbeRecord@$03@@@std@@@std@@QAE@XZ"",""??1?$deque@U?$DequeProbeRecord@$07@@V?$allocator@U?$DequeProbeRecord@$07@@@std@@@std@@QAE@XZ"",""??1?$deque@U?$DequeProbeRecord@$0BA@@@V?$allocator@U?$DequeProbeRecord@$0BA@@@@std@@@std@@QAE@XZ"",""??1?$deque@U?$DequeProbeRecord@$0CA@@@V?$allocator@U?$DequeProbeRecord@$0CA@@@@std@@@std@@QAE@XZ"",""??1?$deque@U?$DequeProbeRecord@$0EA@@@V?$allocator@U?$DequeProbeRecord@$0EA@@@@std@@@std@@QAE@XZ""]",34d6af46dd3338abf5d997f2e605a0321d87bfe083118d27838b6e494535d81a,a5426a82a6af6c9be3bb0042cdcbe2e5c1f14c079609564eb2ea17ab3c6bafae,"[{""offset"":11,""type"":""REL32"",""symbol"":""?_Tidy@?$deque@U?$DequeProbeRecord@$00@@V?$allocator@U?$DequeProbeRecord@$00@@@std@@@std@@IAEXXZ"",""addend"":0,""target_address"":""0x00424380""}]",0,0x00424380,R077
0x00424DE0,19,??1?$deque,??1?$deque@U?$DequeProbeRecord@$00@@V?$allocator@U?$DequeProbeRecord@$00@@@std@@@std@@QAE@XZ,"[""??1?$deque@U?$DequeProbeRecord@$00@@V?$allocator@U?$DequeProbeRecord@$00@@@std@@@std@@QAE@XZ"",""??1?$deque@U?$DequeProbeRecord@$01@@V?$allocator@U?$DequeProbeRecord@$01@@@std@@@std@@QAE@XZ"",""??1?$deque@U?$DequeProbeRecord@$03@@V?$allocator@U?$DequeProbeRecord@$03@@@std@@@std@@QAE@XZ"",""??1?$deque@U?$DequeProbeRecord@$07@@V?$allocator@U?$DequeProbeRecord@$07@@@std@@@std@@QAE@XZ"",""??1?$deque@U?$DequeProbeRecord@$0BA@@@V?$allocator@U?$DequeProbeRecord@$0BA@@@@std@@@std@@QAE@XZ"",""??1?$deque@U?$DequeProbeRecord@$0CA@@@V?$allocator@U?$DequeProbeRecord@$0CA@@@@std@@@std@@QAE@XZ"",""??1?$deque@U?$DequeProbeRecord@$0EA@@@V?$allocator@U?$DequeProbeRecord@$0EA@@@@std@@@std@@QAE@XZ""]",34d6af46dd3338abf5d997f2e605a0321d87bfe083118d27838b6e494535d81a,3314354dd3f1eb9151a72be7541c443e96f014932c6ab46b71032d88c7b60fbe,"[{""offset"":11,""type"":""REL32"",""symbol"":""?_Tidy@?$deque@U?$DequeProbeRecord@$00@@V?$allocator@U?$DequeProbeRecord@$00@@@std@@@std@@IAEXXZ"",""addend"":0,""target_address"":""0x00424380""}]",0,0x00424380,R077
0x0042DB80,19,??1?$deque,??1?$deque@U?$DequeProbeRecord@$00@@V?$allocator@U?$DequeProbeRecord@$00@@@std@@@std@@QAE@XZ,"[""??1?$deque@U?$DequeProbeRecord@$00@@V?$allocator@U?$DequeProbeRecord@$00@@@std@@@std@@QAE@XZ"",""??1?$deque@U?$DequeProbeRecord@$01@@V?$allocator@U?$DequeProbeRecord@$01@@@std@@@std@@QAE@XZ"",""??1?$deque@U?$DequeProbeRecord@$03@@V?$allocator@U?$DequeProbeRecord@$03@@@std@@@std@@QAE@XZ"",""??1?$deque@U?$DequeProbeRecord@$07@@V?$allocator@U?$DequeProbeRecord@$07@@@std@@@std@@QAE@XZ"",""??1?$deque@U?$DequeProbeRecord@$0BA@@@V?$allocator@U?$DequeProbeRecord@$0BA@@@@std@@@std@@QAE@XZ"",""??1?$deque@U?$DequeProbeRecord@$0CA@@@V?$allocator@U?$DequeProbeRecord@$0CA@@@@std@@@std@@QAE@XZ"",""??1?$deque@U?$DequeProbeRecord@$0EA@@@V?$allocator@U?$DequeProbeRecord@$0EA@@@@std@@@std@@QAE@XZ""]",34d6af46dd3338abf5d997f2e605a0321d87bfe083118d27838b6e494535d81a,56b0b8afb82f0a954822817320745a375f206e9b3dcfbdd49f1ff91f63a75939,"[{""offset"":11,""type"":""REL32"",""symbol"":""?_Tidy@?$deque@U?$DequeProbeRecord@$00@@V?$allocator@U?$DequeProbeRecord@$00@@@std@@@std@@IAEXXZ"",""addend"":0,""target_address"":""0x0042DEF0""}]",0,0x0042DEF0,R077
0x0045BF30,19,??1?$deque,??1?$deque@U?$DequeProbeRecord@$00@@V?$allocator@U?$DequeProbeRecord@$00@@@std@@@std@@QAE@XZ,"[""??1?$deque@U?$DequeProbeRecord@$00@@V?$allocator@U?$DequeProbeRecord@$00@@@std@@@std@@QAE@XZ"",""??1?$deque@U?$DequeProbeRecord@$01@@V?$allocator@U?$DequeProbeRecord@$01@@@std@@@std@@QAE@XZ"",""??1?$deque@U?$DequeProbeRecord@$03@@V?$allocator@U?$DequeProbeRecord@$03@@@std@@@std@@QAE@XZ"",""??1?$deque@U?$DequeProbeRecord@$07@@V?$allocator@U?$DequeProbeRecord@$07@@@std@@@std@@QAE@XZ"",""??1?$deque@U?$DequeProbeRecord@$0BA@@@V?$allocator@U?$DequeProbeRecord@$0BA@@@@std@@@std@@QAE@XZ"",""??1?$deque@U?$DequeProbeRecord@$0CA@@@V?$allocator@U?$DequeProbeRecord@$0CA@@@@std@@@std@@QAE@XZ"",""??1?$deque@U?$DequeProbeRecord@$0EA@@@V?$allocator@U?$DequeProbeRecord@$0EA@@@@std@@@std@@QAE@XZ""]",34d6af46dd3338abf5d997f2e605a0321d87bfe083118d27838b6e494535d81a,4d6416906c4d6caf01d433ec6b7d1c17d398f7143d463d467ca5d17360bc387e,"[{""offset"":11,""type"":""REL32"",""symbol"":""?_Tidy@?$deque@U?$DequeProbeRecord@$00@@V?$allocator@U?$DequeProbeRecord@$00@@@std@@@std@@IAEXXZ"",""addend"":0,""target_address"":""0x0045C480""}]",0,0x0045C480,R077
0x0045C0E0,19,??1?$deque,??1?$deque@U?$DequeProbeRecord@$00@@V?$allocator@U?$DequeProbeRecord@$00@@@std@@@std@@QAE@XZ,"[""??1?$deque@U?$DequeProbeRecord@$00@@V?$allocator@U?$DequeProbeRecord@$00@@@std@@@std@@QAE@XZ"",""??1?$deque@U?$DequeProbeRecord@$01@@V?$allocator@U?$DequeProbeRecord@$01@@@std@@@std@@QAE@XZ"",""??1?$deque@U?$DequeProbeRecord@$03@@V?$allocator@U?$DequeProbeRecord@$03@@@std@@@std@@QAE@XZ"",""??1?$deque@U?$DequeProbeRecord@$07@@V?$allocator@U?$DequeProbeRecord@$07@@@std@@@std@@QAE@XZ"",""??1?$deque@U?$DequeProbeRecord@$0BA@@@V?$allocator@U?$DequeProbeRecord@$0BA@@@@std@@@std@@QAE@XZ"",""??1?$deque@U?$DequeProbeRecord@$0CA@@@V?$allocator@U?$DequeProbeRecord@$0CA@@@@std@@@std@@QAE@XZ"",""??1?$deque@U?$DequeProbeRecord@$0EA@@@V?$allocator@U?$DequeProbeRecord@$0EA@@@@std@@@std@@QAE@XZ""]",34d6af46dd3338abf5d997f2e605a0321d87bfe083118d27838b6e494535d81a,bb8aa2502c2732e1f5577a74ba33669f72e2f2b92ab5ecb4f6078398609a2ec0,"[{""offset"":11,""type"":""REL32"",""symbol"":""?_Tidy@?$deque@U?$DequeProbeRecord@$00@@V?$allocator@U?$DequeProbeRecord@$00@@@std@@@std@@IAEXXZ"",""addend"":0,""target_address"":""0x0045C480""}]",0,0x0045C480,R077
0x005F8090,19,??1?$deque,??1?$deque@U?$DequeProbeRecord@$00@@V?$allocator@U?$DequeProbeRecord@$00@@@std@@@std@@QAE@XZ,"[""??1?$deque@U?$DequeProbeRecord@$00@@V?$allocator@U?$DequeProbeRecord@$00@@@std@@@std@@QAE@XZ"",""??1?$deque@U?$DequeProbeRecord@$01@@V?$allocator@U?$DequeProbeRecord@$01@@@std@@@std@@QAE@XZ"",""??1?$deque@U?$DequeProbeRecord@$03@@V?$allocator@U?$DequeProbeRecord@$03@@@std@@@std@@QAE@XZ"",""??1?$deque@U?$DequeProbeRecord@$07@@V?$allocator@U?$DequeProbeRecord@$07@@@std@@@std@@QAE@XZ"",""??1?$deque@U?$DequeProbeRecord@$0BA@@@V?$allocator@U?$DequeProbeRecord@$0BA@@@@std@@@std@@QAE@XZ"",""??1?$deque@U?$DequeProbeRecord@$0CA@@@V?$allocator@U?$DequeProbeRecord@$0CA@@@@std@@@std@@QAE@XZ"",""??1?$deque@U?$DequeProbeRecord@$0EA@@@V?$allocator@U?$DequeProbeRecord@$0EA@@@@std@@@std@@QAE@XZ""]",34d6af46dd3338abf5d997f2e605a0321d87bfe083118d27838b6e494535d81a,e1c1e293603acc295f1ceeae9cc4a37f6fc4cfd088cfc842341ef4dbdb328b0e,"[{""offset"":11,""type"":""REL32"",""symbol"":""?_Tidy@?$deque@U?$DequeProbeRecord@$00@@V?$allocator@U?$DequeProbeRecord@$00@@@std@@@std@@IAEXXZ"",""addend"":0,""target_address"":""0x005F8A00""}]",0,0x005F8A00,R077
0x005F82D0,19,??1?$deque,??1?$deque@U?$DequeProbeRecord@$00@@V?$allocator@U?$DequeProbeRecord@$00@@@std@@@std@@QAE@XZ,"[""??1?$deque@U?$DequeProbeRecord@$00@@V?$allocator@U?$DequeProbeRecord@$00@@@std@@@std@@QAE@XZ"",""??1?$deque@U?$DequeProbeRecord@$01@@V?$allocator@U?$DequeProbeRecord@$01@@@std@@@std@@QAE@XZ"",""??1?$deque@U?$DequeProbeRecord@$03@@V?$allocator@U?$DequeProbeRecord@$03@@@std@@@std@@QAE@XZ"",""??1?$deque@U?$DequeProbeRecord@$07@@V?$allocator@U?$DequeProbeRecord@$07@@@std@@@std@@QAE@XZ"",""??1?$deque@U?$DequeProbeRecord@$0BA@@@V?$allocator@U?$DequeProbeRecord@$0BA@@@@std@@@std@@QAE@XZ"",""??1?$deque@U?$DequeProbeRecord@$0CA@@@V?$allocator@U?$DequeProbeRecord@$0CA@@@@std@@@std@@QAE@XZ"",""??1?$deque@U?$DequeProbeRecord@$0EA@@@V?$allocator@U?$DequeProbeRecord@$0EA@@@@std@@@std@@QAE@XZ""]",34d6af46dd3338abf5d997f2e605a0321d87bfe083118d27838b6e494535d81a,6175cb6c934a658fc908aa5733c70cfa4cb8e810a460151128e4b2b7b3df4baf,"[{""offset"":11,""type"":""REL32"",""symbol"":""?_Tidy@?$deque@U?$DequeProbeRecord@$00@@V?$allocator@U?$DequeProbeRecord@$00@@@std@@@std@@IAEXXZ"",""addend"":0,""target_address"":""0x005F8A00""}]",0,0x005F8A00,R077
