address,size,family_key,coff_symbol,matching_symbols,source_sha256,body_sha256,relocation_bindings,indirect_call_count,witness_role,parent_address,parent_call_offset,callee_address,callee_file,callee_source_symbol,callee_source_sha256,callee_body_sha256,callee_relocation_bindings,callee_indirect_call_count,evidence_id
0x0040A970,51,??$copy_backward,??$copy_backward@PAKPAK@std@@YAPAKPAK00@Z,"[""??$copy_backward@PAEPAE@std@@YAPAEPAE00@Z"",""??$copy_backward@PAGPAG@std@@YAPAGPAG00@Z"",""??$copy_backward@PAKPAK@std@@YAPAKPAK00@Z"",""??$copy_backward@PAMPAM@std@@YAPAMPAM00@Z"",""??$copy_backward@PANPAN@std@@YAPANPAN00@Z"",""??$copy_backward@PAPAXPAPAX@std@@YAPAPAXPAPAX00@Z""]",7db5450b11c13a645bcf74173e0786cb6a59ac5097d87ae65a2ddb431583bab5,0dd7a081bdb3d508a6ac643679619c1245dbf03011cb240fac32aea530f4b1cc,"[{""offset"":13,""type"":""REL32"",""symbol"":""?_Ptr_cat@std@@YA?AU_Scalar_ptr_iterator_tag@1@PAK0@Z"",""addend"":0,""target_address"":""0x0040AAE0""},{""offset"":40,""type"":""REL32"",""symbol"":""??$_Copy_backward_opt@PAKPAK@std@@YAPAKPAK00U_Scalar_ptr_iterator_tag@0@@Z"",""addend"":0,""target_address"":""0x0040AB80""}]",0,wrapper,,,0x0040AB80,vendor-vector-operation-origins.csv,??$_Copy_backward_opt@PAKPAK@std@@YAPAKPAK00U_Scalar_ptr_iterator_tag@0@@Z,9f574b00b934df8b7091f0eda2bc173622688863b2596d6074b493dd0ca64d86,8f8db59f69a34904c9d7ea3ea141091ba7d790cd065157f4a858c1920b4cfa03,"[{""offset"":40,""type"":""REL32"",""symbol"":""_memmove"",""addend"":0,""target_address"":""0x00641260""}]",0,R092
0x0040F430,51,??$copy_backward,??$copy_backward@PAU?$VectorOperationRecord@$0CM@@@PAU1@@std@@YAPAU?$VectorOperationRecord@$0CM@@@PAU1@00@Z,"[""??$copy_backward@PAU?$VectorOperationRecord@$00@@PAU1@@std@@YAPAU?$VectorOperationRecord@$00@@PAU1@00@Z"",""??$copy_backward@PAU?$VectorOperationRecord@$01@@PAU1@@std@@YAPAU?$VectorOperationRecord@$01@@PAU1@00@Z"",""??$copy_backward@PAU?$VectorOperationRecord@$03@@PAU1@@std@@YAPAU?$VectorOperationRecord@$03@@PAU1@00@Z"",""??$copy_backward@PAU?$VectorOperationRecord@$07@@PAU1@@std@@YAPAU?$VectorOperationRecord@$07@@PAU1@00@Z"",""??$copy_backward@PAU?$VectorOperationRecord@$0BA@@@PAU1@@std@@YAPAU?$VectorOperationRecord@$0BA@@@PAU1@00@Z"",""??$copy_backward@PAU?$VectorOperationRecord@$0CA@@@PAU1@@std@@YAPAU?$VectorOperationRecord@$0CA@@@PAU1@00@Z"",""??$copy_backward@PAU?$VectorOperationRecord@$0CM@@@PAU1@@std@@YAPAU?$VectorOperationRecord@$0CM@@@PAU1@00@Z"",""??$copy_backward@PAU?$VectorOperationRecord@$0EA@@@PAU1@@std@@YAPAU?$VectorOperationRecord@$0EA@@@PAU1@00@Z"",""??$copy_backward@PAU?$VectorOperationRecord@$0FA@@@PAU1@@std@@YAPAU?$VectorOperationRecord@$0FA@@@PAU1@00@Z"",""??$copy_backward@PAU?$VectorOperationRecord@$0HE@@@PAU1@@std@@YAPAU?$VectorOperationRecord@$0HE@@@PAU1@00@Z""]",05f7dc3c84a14f069c77b3c3968b95227eb499f80ef40f704e13025365bc70e8,e9162ff3b5606fa03f288b41bbb5087530a15c5843995bd93a1360c49f20217f,"[{""offset"":13,""type"":""REL32"",""symbol"":""??$_Ptr_cat@PAU?$VectorOperationRecord@$0CM@@@PAU1@@std@@YA?AU_Nonscalar_ptr_iterator_tag@0@AAPAU?$VectorOperationRecord@$0CM@@@0@Z"",""addend"":0,""target_address"":""0x0040F5A0""},{""offset"":40,""type"":""REL32"",""symbol"":""??$_Copy_backward_opt@PAU?$VectorOperationRecord@$0CM@@@PAU1@@std@@YAPAU?$VectorOperationRecord@$0CM@@@PAU1@00U_Nonscalar_ptr_iterator_tag@0@@Z"",""addend"":0,""target_address"":""0x0040F6C0""}]",0,wrapper,,,0x0040F6C0,vendor-record-helper-origins.csv,??$_Copy_backward_opt@PAU?$VectorOperationRecord@$0CM@@@PAU1@@std@@YAPAU?$VectorOperationRecord@$0CM@@@PAU1@00U_Nonscalar_ptr_iterator_tag@0@@Z,65247ca41eedaaa5558b3f4a87d44696acb1b3b1d9daa92e99808a78be8b19b6,65247ca41eedaaa5558b3f4a87d44696acb1b3b1d9daa92e99808a78be8b19b6,[],0,R092
0x0040F4D0,51,??$copy_backward,??$copy_backward@PAKPAK@std@@YAPAKPAK00@Z,"[""??$copy_backward@PAEPAE@std@@YAPAEPAE00@Z"",""??$copy_backward@PAGPAG@std@@YAPAGPAG00@Z"",""??$copy_backward@PAKPAK@std@@YAPAKPAK00@Z"",""??$copy_backward@PAMPAM@std@@YAPAMPAM00@Z"",""??$copy_backward@PANPAN@std@@YAPANPAN00@Z"",""??$copy_backward@PAPAXPAPAX@std@@YAPAPAXPAPAX00@Z""]",7db5450b11c13a645bcf74173e0786cb6a59ac5097d87ae65a2ddb431583bab5,c8f519c80d307284f1f207c698036bb7d5a8680b0dbc8a3438aeb8d8efbf0d2f,"[{""offset"":13,""type"":""REL32"",""symbol"":""?_Ptr_cat@std@@YA?AU_Scalar_ptr_iterator_tag@1@PAK0@Z"",""addend"":0,""target_address"":""0x0040F620""},{""offset"":40,""type"":""REL32"",""symbol"":""??$_Copy_backward_opt@PAKPAK@std@@YAPAKPAK00U_Scalar_ptr_iterator_tag@0@@Z"",""addend"":0,""target_address"":""0x0040F740""}]",0,wrapper,,,0x0040F740,vendor-vector-operation-origins.csv,??$_Copy_backward_opt@PAKPAK@std@@YAPAKPAK00U_Scalar_ptr_iterator_tag@0@@Z,9f574b00b934df8b7091f0eda2bc173622688863b2596d6074b493dd0ca64d86,c3513c4d243a8bc71179731cd2bb25db00397ce396bbb4294175e0c75d913a06,"[{""offset"":40,""type"":""REL32"",""symbol"":""_memmove"",""addend"":0,""target_address"":""0x00641260""}]",0,R092
0x00445470,31,?begin,?begin@?$vector@U?$VectorOperationRecord@$0BA@@@V?$allocator@U?$VectorOperationRecord@$0BA@@@@std@@@std@@QAE?AViterator@12@XZ,"[""?begin@?$vector@EV?$allocator@E@std@@@std@@QAE?AViterator@12@XZ"",""?begin@?$vector@GV?$allocator@G@std@@@std@@QAE?AViterator@12@XZ"",""?begin@?$vector@KV?$allocator@K@std@@@std@@QAE?AViterator@12@XZ"",""?begin@?$vector@MV?$allocator@M@std@@@std@@QAE?AViterator@12@XZ"",""?begin@?$vector@NV?$allocator@N@std@@@std@@QAE?AViterator@12@XZ"",""?begin@?$vector@PAXV?$allocator@PAX@std@@@std@@QAE?AViterator@12@XZ"",""?begin@?$vector@U?$VectorOperationRecord@$00@@V?$allocator@U?$VectorOperationRecord@$00@@@std@@@std@@QAE?AViterator@12@XZ"",""?begin@?$vector@U?$VectorOperationRecord@$01@@V?$allocator@U?$VectorOperationRecord@$01@@@std@@@std@@QAE?AViterator@12@XZ"",""?begin@?$vector@U?$VectorOperationRecord@$03@@V?$allocator@U?$VectorOperationRecord@$03@@@std@@@std@@QAE?AViterator@12@XZ"",""?begin@?$vector@U?$VectorOperationRecord@$07@@V?$allocator@U?$VectorOperationRecord@$07@@@std@@@std@@QAE?AViterator@12@XZ"",""?begin@?$vector@U?$VectorOperationRecord@$0BA@@@V?$allocator@U?$VectorOperationRecord@$0BA@@@@std@@@std@@QAE?AViterator@12@XZ"",""?begin@?$vector@U?$VectorOperationRecord@$0CA@@@V?$allocator@U?$VectorOperationRecord@$0CA@@@@std@@@std@@QAE?AViterator@12@XZ"",""?begin@?$vector@U?$VectorOperationRecord@$0CM@@@V?$allocator@U?$VectorOperationRecord@$0CM@@@@std@@@std@@QAE?AViterator@12@XZ"",""?begin@?$vector@U?$VectorOperationRecord@$0EA@@@V?$allocator@U?$VectorOperationRecord@$0EA@@@@std@@@std@@QAE?AViterator@12@XZ"",""?begin@?$vector@U?$VectorOperationRecord@$0FA@@@V?$allocator@U?$VectorOperationRecord@$0FA@@@@std@@@std@@QAE?AViterator@12@XZ"",""?begin@?$vector@U?$VectorOperationRecord@$0HE@@@V?$allocator@U?$VectorOperationRecord@$0HE@@@@std@@@std@@QAE?AViterator@12@XZ""]",48ccf9c5a873fb47d715603b43bcb95f18976b1d0727bd628758ec1240319c6a,113886640e3563570d6cafee9c7068178be6510e860991884be1e6c591e34831,"[{""offset"":18,""type"":""REL32"",""symbol"":""??0iterator@?$vector@U?$VectorOperationRecord@$0BA@@@V?$allocator@U?$VectorOperationRecord@$0BA@@@@std@@@std@@QAE@PAU?$VectorOperationRecord@$0BA@@@@Z"",""addend"":0,""target_address"":""0x00445680""}]",0,child,0x00458CA0,38,,,,,,,,R092
0x00445620,45,??Hiterator,??Hiterator@?$vector@U?$VectorOperationRecord@$0BA@@@V?$allocator@U?$VectorOperationRecord@$0BA@@@@std@@@std@@QBE?AV012@H@Z,"[""??Hiterator@?$vector@EV?$allocator@E@std@@@std@@QBE?AV012@H@Z"",""??Hiterator@?$vector@GV?$allocator@G@std@@@std@@QBE?AV012@H@Z"",""??Hiterator@?$vector@KV?$allocator@K@std@@@std@@QBE?AV012@H@Z"",""??Hiterator@?$vector@MV?$allocator@M@std@@@std@@QBE?AV012@H@Z"",""??Hiterator@?$vector@NV?$allocator@N@std@@@std@@QBE?AV012@H@Z"",""??Hiterator@?$vector@PAXV?$allocator@PAX@std@@@std@@QBE?AV012@H@Z"",""??Hiterator@?$vector@U?$VectorOperationRecord@$00@@V?$allocator@U?$VectorOperationRecord@$00@@@std@@@std@@QBE?AV012@H@Z"",""??Hiterator@?$vector@U?$VectorOperationRecord@$01@@V?$allocator@U?$VectorOperationRecord@$01@@@std@@@std@@QBE?AV012@H@Z"",""??Hiterator@?$vector@U?$VectorOperationRecord@$03@@V?$allocator@U?$VectorOperationRecord@$03@@@std@@@std@@QBE?AV012@H@Z"",""??Hiterator@?$vector@U?$VectorOperationRecord@$07@@V?$allocator@U?$VectorOperationRecord@$07@@@std@@@std@@QBE?AV012@H@Z"",""??Hiterator@?$vector@U?$VectorOperationRecord@$0BA@@@V?$allocator@U?$VectorOperationRecord@$0BA@@@@std@@@std@@QBE?AV012@H@Z"",""??Hiterator@?$vector@U?$VectorOperationRecord@$0CA@@@V?$allocator@U?$VectorOperationRecord@$0CA@@@@std@@@std@@QBE?AV012@H@Z"",""??Hiterator@?$vector@U?$VectorOperationRecord@$0CM@@@V?$allocator@U?$VectorOperationRecord@$0CM@@@@std@@@std@@QBE?AV012@H@Z"",""??Hiterator@?$vector@U?$VectorOperationRecord@$0EA@@@V?$allocator@U?$VectorOperationRecord@$0EA@@@@std@@@std@@QBE?AV012@H@Z"",""??Hiterator@?$vector@U?$VectorOperationRecord@$0FA@@@V?$allocator@U?$VectorOperationRecord@$0FA@@@@std@@@std@@QBE?AV012@H@Z"",""??Hiterator@?$vector@U?$VectorOperationRecord@$0HE@@@V?$allocator@U?$VectorOperationRecord@$0HE@@@@std@@@std@@QBE?AV012@H@Z""]",17b7c3ed41ad517cd3acb5efb05da7099a01f2bfdfc835c18427cf5361d45a1f,d2674f7858c29d2d9507e349d00f88929ab1ff49dbd35529e32d744a24a353b7,"[{""offset"":25,""type"":""REL32"",""symbol"":""??Yiterator@?$vector@U?$VectorOperationRecord@$0BA@@@V?$allocator@U?$VectorOperationRecord@$0BA@@@@std@@@std@@QAEAAV012@H@Z"",""addend"":0,""target_address"":""0x004456A0""}]",0,child,0x00458CA0,101,,,,,,,,R092
0x00445680,28,??0iterator,??0iterator@?$vector@U?$VectorOperationRecord@$0BA@@@V?$allocator@U?$VectorOperationRecord@$0BA@@@@std@@@std@@QAE@PAU?$VectorOperationRecord@$0BA@@@@Z,"[""??0iterator@?$vector@EV?$allocator@E@std@@@std@@QAE@PAE@Z"",""??0iterator@?$vector@GV?$allocator@G@std@@@std@@QAE@PAG@Z"",""??0iterator@?$vector@KV?$allocator@K@std@@@std@@QAE@PAK@Z"",""??0iterator@?$vector@MV?$allocator@M@std@@@std@@QAE@PAM@Z"",""??0iterator@?$vector@NV?$allocator@N@std@@@std@@QAE@PAN@Z"",""??0iterator@?$vector@PAXV?$allocator@PAX@std@@@std@@QAE@PAPAX@Z"",""??0iterator@?$vector@U?$VectorOperationRecord@$00@@V?$allocator@U?$VectorOperationRecord@$00@@@std@@@std@@QAE@PAU?$VectorOperationRecord@$00@@@Z"",""??0iterator@?$vector@U?$VectorOperationRecord@$01@@V?$allocator@U?$VectorOperationRecord@$01@@@std@@@std@@QAE@PAU?$VectorOperationRecord@$01@@@Z"",""??0iterator@?$vector@U?$VectorOperationRecord@$03@@V?$allocator@U?$VectorOperationRecord@$03@@@std@@@std@@QAE@PAU?$VectorOperationRecord@$03@@@Z"",""??0iterator@?$vector@U?$VectorOperationRecord@$07@@V?$allocator@U?$VectorOperationRecord@$07@@@std@@@std@@QAE@PAU?$VectorOperationRecord@$07@@@Z"",""??0iterator@?$vector@U?$VectorOperationRecord@$0BA@@@V?$allocator@U?$VectorOperationRecord@$0BA@@@@std@@@std@@QAE@PAU?$VectorOperationRecord@$0BA@@@@Z"",""??0iterator@?$vector@U?$VectorOperationRecord@$0CA@@@V?$allocator@U?$VectorOperationRecord@$0CA@@@@std@@@std@@QAE@PAU?$VectorOperationRecord@$0CA@@@@Z"",""??0iterator@?$vector@U?$VectorOperationRecord@$0CM@@@V?$allocator@U?$VectorOperationRecord@$0CM@@@@std@@@std@@QAE@PAU?$VectorOperationRecord@$0CM@@@@Z"",""??0iterator@?$vector@U?$VectorOperationRecord@$0EA@@@V?$allocator@U?$VectorOperationRecord@$0EA@@@@std@@@std@@QAE@PAU?$VectorOperationRecord@$0EA@@@@Z"",""??0iterator@?$vector@U?$VectorOperationRecord@$0FA@@@V?$allocator@U?$VectorOperationRecord@$0FA@@@@std@@@std@@QAE@PAU?$VectorOperationRecord@$0FA@@@@Z"",""??0iterator@?$vector@U?$VectorOperationRecord@$0HE@@@V?$allocator@U?$VectorOperationRecord@$0HE@@@@std@@@std@@QAE@PAU?$VectorOperationRecord@$0HE@@@@Z""]",b5a54e6590401f346d8dc98072704e6fc565f15b95c4c6c81e3243eed3d860ac,0d655ce21a83067073052bab1da9b7917220c21851938655469e127978ab53ff,"[{""offset"":15,""type"":""REL32"",""symbol"":""??0const_iterator@?$vector@U?$VectorOperationRecord@$0BA@@@V?$allocator@U?$VectorOperationRecord@$0BA@@@@std@@@std@@QAE@PAU?$VectorOperationRecord@$0BA@@@@Z"",""addend"":0,""target_address"":""0x004456D0""}]",0,child,0x00458C80,18,,,,,,,,R092
0x004456A0,32,??Yiterator,??Yiterator@?$vector@U?$VectorOperationRecord@$0BA@@@V?$allocator@U?$VectorOperationRecord@$0BA@@@@std@@@std@@QAEAAV012@H@Z,"[""??Yiterator@?$vector@U?$VectorOperationRecord@$0BA@@@V?$allocator@U?$VectorOperationRecord@$0BA@@@@std@@@std@@QAEAAV012@H@Z""]",95571e2d68d1fe053297c4858e28ca1b25bf5a7a46b07e4df3981706f358e567,95571e2d68d1fe053297c4858e28ca1b25bf5a7a46b07e4df3981706f358e567,[],0,child,0x00445620,25,,,,,,,,R092
0x004456D0,24,??0const_iterator,??0const_iterator@?$vector@U?$VectorOperationRecord@$0BA@@@V?$allocator@U?$VectorOperationRecord@$0BA@@@@std@@@std@@QAE@PAU?$VectorOperationRecord@$0BA@@@@Z,"[""??0const_iterator@?$vector@EV?$allocator@E@std@@@std@@QAE@PAE@Z"",""??0const_iterator@?$vector@GV?$allocator@G@std@@@std@@QAE@PAG@Z"",""??0const_iterator@?$vector@KV?$allocator@K@std@@@std@@QAE@PAK@Z"",""??0const_iterator@?$vector@MV?$allocator@M@std@@@std@@QAE@PAM@Z"",""??0const_iterator@?$vector@NV?$allocator@N@std@@@std@@QAE@PAN@Z"",""??0const_iterator@?$vector@PAXV?$allocator@PAX@std@@@std@@QAE@PAPAX@Z"",""??0const_iterator@?$vector@U?$VectorOperationRecord@$00@@V?$allocator@U?$VectorOperationRecord@$00@@@std@@@std@@QAE@PAU?$VectorOperationRecord@$00@@@Z"",""??0const_iterator@?$vector@U?$VectorOperationRecord@$01@@V?$allocator@U?$VectorOperationRecord@$01@@@std@@@std@@QAE@PAU?$VectorOperationRecord@$01@@@Z"",""??0const_iterator@?$vector@U?$VectorOperationRecord@$03@@V?$allocator@U?$VectorOperationRecord@$03@@@std@@@std@@QAE@PAU?$VectorOperationRecord@$03@@@Z"",""??0const_iterator@?$vector@U?$VectorOperationRecord@$07@@V?$allocator@U?$VectorOperationRecord@$07@@@std@@@std@@QAE@PAU?$VectorOperationRecord@$07@@@Z"",""??0const_iterator@?$vector@U?$VectorOperationRecord@$0BA@@@V?$allocator@U?$VectorOperationRecord@$0BA@@@@std@@@std@@QAE@PAU?$VectorOperationRecord@$0BA@@@@Z"",""??0const_iterator@?$vector@U?$VectorOperationRecord@$0CA@@@V?$allocator@U?$VectorOperationRecord@$0CA@@@@std@@@std@@QAE@PAU?$VectorOperationRecord@$0CA@@@@Z"",""??0const_iterator@?$vector@U?$VectorOperationRecord@$0CM@@@V?$allocator@U?$VectorOperationRecord@$0CM@@@@std@@@std@@QAE@PAU?$VectorOperationRecord@$0CM@@@@Z"",""??0const_iterator@?$vector@U?$VectorOperationRecord@$0EA@@@V?$allocator@U?$VectorOperationRecord@$0EA@@@@std@@@std@@QAE@PAU?$VectorOperationRecord@$0EA@@@@Z"",""??0const_iterator@?$vector@U?$VectorOperationRecord@$0FA@@@V?$allocator@U?$VectorOperationRecord@$0FA@@@@std@@@std@@QAE@PAU?$VectorOperationRecord@$0FA@@@@Z"",""??0const_iterator@?$vector@U?$VectorOperationRecord@$0HE@@@V?$allocator@U?$VectorOperationRecord@$0HE@@@@std@@@std@@QAE@PAU?$VectorOperationRecord@$0HE@@@@Z""]",22e907d6a10554107457345a5dc9d56c6b87be88b0b1c0b492613352e838e2b5,22e907d6a10554107457345a5dc9d56c6b87be88b0b1c0b492613352e838e2b5,[],0,child,0x00445680,15,,,,,,,,R092
0x00458C80,31,?end,?end@?$vector@U?$VectorOperationRecord@$0BA@@@V?$allocator@U?$VectorOperationRecord@$0BA@@@@std@@@std@@QAE?AViterator@12@XZ,"[""?end@?$vector@EV?$allocator@E@std@@@std@@QAE?AViterator@12@XZ"",""?end@?$vector@GV?$allocator@G@std@@@std@@QAE?AViterator@12@XZ"",""?end@?$vector@KV?$allocator@K@std@@@std@@QAE?AViterator@12@XZ"",""?end@?$vector@MV?$allocator@M@std@@@std@@QAE?AViterator@12@XZ"",""?end@?$vector@NV?$allocator@N@std@@@std@@QAE?AViterator@12@XZ"",""?end@?$vector@PAXV?$allocator@PAX@std@@@std@@QAE?AViterator@12@XZ"",""?end@?$vector@U?$VectorOperationRecord@$00@@V?$allocator@U?$VectorOperationRecord@$00@@@std@@@std@@QAE?AViterator@12@XZ"",""?end@?$vector@U?$VectorOperationRecord@$01@@V?$allocator@U?$VectorOperationRecord@$01@@@std@@@std@@QAE?AViterator@12@XZ"",""?end@?$vector@U?$VectorOperationRecord@$03@@V?$allocator@U?$VectorOperationRecord@$03@@@std@@@std@@QAE?AViterator@12@XZ"",""?end@?$vector@U?$VectorOperationRecord@$07@@V?$allocator@U?$VectorOperationRecord@$07@@@std@@@std@@QAE?AViterator@12@XZ"",""?end@?$vector@U?$VectorOperationRecord@$0BA@@@V?$allocator@U?$VectorOperationRecord@$0BA@@@@std@@@std@@QAE?AViterator@12@XZ"",""?end@?$vector@U?$VectorOperationRecord@$0CA@@@V?$allocator@U?$VectorOperationRecord@$0CA@@@@std@@@std@@QAE?AViterator@12@XZ"",""?end@?$vector@U?$VectorOperationRecord@$0CM@@@V?$allocator@U?$VectorOperationRecord@$0CM@@@@std@@@std@@QAE?AViterator@12@XZ"",""?end@?$vector@U?$VectorOperationRecord@$0EA@@@V?$allocator@U?$VectorOperationRecord@$0EA@@@@std@@@std@@QAE?AViterator@12@XZ"",""?end@?$vector@U?$VectorOperationRecord@$0FA@@@V?$allocator@U?$VectorOperationRecord@$0FA@@@@std@@@std@@QAE?AViterator@12@XZ"",""?end@?$vector@U?$VectorOperationRecord@$0HE@@@V?$allocator@U?$VectorOperationRecord@$0HE@@@@std@@@std@@QAE?AViterator@12@XZ""]",85545ee573cdd0ef76e9d09f970ab4b0952496734523f91c4c0291e4b80a6e01,006d48098ff5f6d56dc331e267799438324f493c8dfe8d95f0d6f1e336103d3b,"[{""offset"":18,""type"":""REL32"",""symbol"":""??0iterator@?$vector@U?$VectorOperationRecord@$0BA@@@V?$allocator@U?$VectorOperationRecord@$0BA@@@@std@@@std@@QAE@PAU?$VectorOperationRecord@$0BA@@@@Z"",""addend"":0,""target_address"":""0x00445680""}]",0,child,0x00458A10,73,,,,,,,,R092
0x00459C10,35,??Giterator,??Giterator@?$vector@U?$VectorOperationRecord@$0BA@@@V?$allocator@U?$VectorOperationRecord@$0BA@@@@std@@@std@@QBEHABVconst_iterator@12@@Z,"[""??Giterator@?$vector@EV?$allocator@E@std@@@std@@QBEHABVconst_iterator@12@@Z"",""??Giterator@?$vector@GV?$allocator@G@std@@@std@@QBEHABVconst_iterator@12@@Z"",""??Giterator@?$vector@KV?$allocator@K@std@@@std@@QBEHABVconst_iterator@12@@Z"",""??Giterator@?$vector@MV?$allocator@M@std@@@std@@QBEHABVconst_iterator@12@@Z"",""??Giterator@?$vector@NV?$allocator@N@std@@@std@@QBEHABVconst_iterator@12@@Z"",""??Giterator@?$vector@PAXV?$allocator@PAX@std@@@std@@QBEHABVconst_iterator@12@@Z"",""??Giterator@?$vector@U?$VectorOperationRecord@$00@@V?$allocator@U?$VectorOperationRecord@$00@@@std@@@std@@QBEHABVconst_iterator@12@@Z"",""??Giterator@?$vector@U?$VectorOperationRecord@$01@@V?$allocator@U?$VectorOperationRecord@$01@@@std@@@std@@QBEHABVconst_iterator@12@@Z"",""??Giterator@?$vector@U?$VectorOperationRecord@$03@@V?$allocator@U?$VectorOperationRecord@$03@@@std@@@std@@QBEHABVconst_iterator@12@@Z"",""??Giterator@?$vector@U?$VectorOperationRecord@$07@@V?$allocator@U?$VectorOperationRecord@$07@@@std@@@std@@QBEHABVconst_iterator@12@@Z"",""??Giterator@?$vector@U?$VectorOperationRecord@$0BA@@@V?$allocator@U?$VectorOperationRecord@$0BA@@@@std@@@std@@QBEHABVconst_iterator@12@@Z"",""??Giterator@?$vector@U?$VectorOperationRecord@$0CA@@@V?$allocator@U?$VectorOperationRecord@$0CA@@@@std@@@std@@QBEHABVconst_iterator@12@@Z"",""??Giterator@?$vector@U?$VectorOperationRecord@$0CM@@@V?$allocator@U?$VectorOperationRecord@$0CM@@@@std@@@std@@QBEHABVconst_iterator@12@@Z"",""??Giterator@?$vector@U?$VectorOperationRecord@$0EA@@@V?$allocator@U?$VectorOperationRecord@$0EA@@@@std@@@std@@QBEHABVconst_iterator@12@@Z"",""??Giterator@?$vector@U?$VectorOperationRecord@$0FA@@@V?$allocator@U?$VectorOperationRecord@$0FA@@@@std@@@std@@QBEHABVconst_iterator@12@@Z"",""??Giterator@?$vector@U?$VectorOperationRecord@$0HE@@@V?$allocator@U?$VectorOperationRecord@$0HE@@@@std@@@std@@QBEHABVconst_iterator@12@@Z""]",f360c2d4113574b647c5b6fb721124336edfffaf40b65e9e57e969a93febc2be,91ac670c4ff9ec96b5958596152daca22e06018f8117587bf2b3e8894df913dd,"[{""offset"":25,""type"":""REL32"",""symbol"":""??Gconst_iterator@?$vector@U?$VectorOperationRecord@$0BA@@@V?$allocator@U?$VectorOperationRecord@$0BA@@@@std@@@std@@QBEHABV012@@Z"",""addend"":0,""target_address"":""0x0045A480""}]",0,child,0x00458CA0,47,,,,,,,,R092
0x0045A480,26,??Gconst_iterator,??Gconst_iterator@?$vector@U?$VectorOperationRecord@$0BA@@@V?$allocator@U?$VectorOperationRecord@$0BA@@@@std@@@std@@QBEHABV012@@Z,"[""??Gconst_iterator@?$vector@U?$VectorOperationRecord@$0BA@@@V?$allocator@U?$VectorOperationRecord@$0BA@@@@std@@@std@@QBEHABV012@@Z""]",da02121b21c5ec172e9e9096448473f6495acc7925cb8b27629e81740205130d,da02121b21c5ec172e9e9096448473f6495acc7925cb8b27629e81740205130d,[],0,child,0x00459C10,25,,,,,,,,R092
0x0045A780,51,??$copy_backward,??$copy_backward@PAU?$VectorOperationRecord@$0BA@@@PAU1@@std@@YAPAU?$VectorOperationRecord@$0BA@@@PAU1@00@Z,"[""??$copy_backward@PAU?$VectorOperationRecord@$00@@PAU1@@std@@YAPAU?$VectorOperationRecord@$00@@PAU1@00@Z"",""??$copy_backward@PAU?$VectorOperationRecord@$01@@PAU1@@std@@YAPAU?$VectorOperationRecord@$01@@PAU1@00@Z"",""??$copy_backward@PAU?$VectorOperationRecord@$03@@PAU1@@std@@YAPAU?$VectorOperationRecord@$03@@PAU1@00@Z"",""??$copy_backward@PAU?$VectorOperationRecord@$07@@PAU1@@std@@YAPAU?$VectorOperationRecord@$07@@PAU1@00@Z"",""??$copy_backward@PAU?$VectorOperationRecord@$0BA@@@PAU1@@std@@YAPAU?$VectorOperationRecord@$0BA@@@PAU1@00@Z"",""??$copy_backward@PAU?$VectorOperationRecord@$0CA@@@PAU1@@std@@YAPAU?$VectorOperationRecord@$0CA@@@PAU1@00@Z"",""??$copy_backward@PAU?$VectorOperationRecord@$0CM@@@PAU1@@std@@YAPAU?$VectorOperationRecord@$0CM@@@PAU1@00@Z"",""??$copy_backward@PAU?$VectorOperationRecord@$0EA@@@PAU1@@std@@YAPAU?$VectorOperationRecord@$0EA@@@PAU1@00@Z"",""??$copy_backward@PAU?$VectorOperationRecord@$0FA@@@PAU1@@std@@YAPAU?$VectorOperationRecord@$0FA@@@PAU1@00@Z"",""??$copy_backward@PAU?$VectorOperationRecord@$0HE@@@PAU1@@std@@YAPAU?$VectorOperationRecord@$0HE@@@PAU1@00@Z""]",05f7dc3c84a14f069c77b3c3968b95227eb499f80ef40f704e13025365bc70e8,a10b399d0a2682255dcf63b423b5d0584e2f1b4cf7ae7d328feac4095902420b,"[{""offset"":13,""type"":""REL32"",""symbol"":""??$_Ptr_cat@PAU?$VectorOperationRecord@$0BA@@@PAU1@@std@@YA?AU_Nonscalar_ptr_iterator_tag@0@AAPAU?$VectorOperationRecord@$0BA@@@0@Z"",""addend"":0,""target_address"":""0x0045AE00""},{""offset"":40,""type"":""REL32"",""symbol"":""??$_Copy_backward_opt@PAU?$VectorOperationRecord@$0BA@@@PAU1@@std@@YAPAU?$VectorOperationRecord@$0BA@@@PAU1@00U_Nonscalar_ptr_iterator_tag@0@@Z"",""addend"":0,""target_address"":""0x0045AF60""}]",0,wrapper,,,0x0045AF60,vendor-record-helper-origins.csv,??$_Copy_backward_opt@PAU?$VectorOperationRecord@$0BA@@@PAU1@@std@@YAPAU?$VectorOperationRecord@$0BA@@@PAU1@00U_Nonscalar_ptr_iterator_tag@0@@Z,7f1b43ff2154bab47ea0789c9043d9b9934f6e1bcd207df6ca273a5656da043f,7f1b43ff2154bab47ea0789c9043d9b9934f6e1bcd207df6ca273a5656da043f,[],0,R092
0x0045AA20,51,??$copy_backward,??$copy_backward@PAKPAK@std@@YAPAKPAK00@Z,"[""??$copy_backward@PAEPAE@std@@YAPAEPAE00@Z"",""??$copy_backward@PAGPAG@std@@YAPAGPAG00@Z"",""??$copy_backward@PAKPAK@std@@YAPAKPAK00@Z"",""??$copy_backward@PAMPAM@std@@YAPAMPAM00@Z"",""??$copy_backward@PANPAN@std@@YAPANPAN00@Z"",""??$copy_backward@PAPAXPAPAX@std@@YAPAPAXPAPAX00@Z""]",7db5450b11c13a645bcf74173e0786cb6a59ac5097d87ae65a2ddb431583bab5,75a18fb0a9b8e725caa8d63cf4e575b0425eb7a0fb215fb79670fb112c389d8f,"[{""offset"":13,""type"":""REL32"",""symbol"":""?_Ptr_cat@std@@YA?AU_Scalar_ptr_iterator_tag@1@PAK0@Z"",""addend"":0,""target_address"":""0x0045B020""},{""offset"":40,""type"":""REL32"",""symbol"":""??$_Copy_backward_opt@PAKPAK@std@@YAPAKPAK00U_Scalar_ptr_iterator_tag@0@@Z"",""addend"":0,""target_address"":""0x0045B130""}]",0,wrapper,,,0x0045B130,vendor-vector-operation-origins.csv,??$_Copy_backward_opt@PAKPAK@std@@YAPAKPAK00U_Scalar_ptr_iterator_tag@0@@Z,9f574b00b934df8b7091f0eda2bc173622688863b2596d6074b493dd0ca64d86,89016291998e6c869db7f2ef36c09c2890b9a85530eadce0ee0dadf5868d08cb,"[{""offset"":40,""type"":""REL32"",""symbol"":""_memmove"",""addend"":0,""target_address"":""0x00641260""}]",0,R092
0x0045B230,51,??$copy,??$copy@PAU?$VectorOperationRecord@$0BA@@@PAU1@@std@@YAPAU?$VectorOperationRecord@$0BA@@@PAU1@00@Z,"[""??$copy@PAU?$VectorOperationRecord@$00@@PAU1@@std@@YAPAU?$VectorOperationRecord@$00@@PAU1@00@Z"",""??$copy@PAU?$VectorOperationRecord@$01@@PAU1@@std@@YAPAU?$VectorOperationRecord@$01@@PAU1@00@Z"",""??$copy@PAU?$VectorOperationRecord@$03@@PAU1@@std@@YAPAU?$VectorOperationRecord@$03@@PAU1@00@Z"",""??$copy@PAU?$VectorOperationRecord@$07@@PAU1@@std@@YAPAU?$VectorOperationRecord@$07@@PAU1@00@Z"",""??$copy@PAU?$VectorOperationRecord@$0BA@@@PAU1@@std@@YAPAU?$VectorOperationRecord@$0BA@@@PAU1@00@Z"",""??$copy@PAU?$VectorOperationRecord@$0CA@@@PAU1@@std@@YAPAU?$VectorOperationRecord@$0CA@@@PAU1@00@Z"",""??$copy@PAU?$VectorOperationRecord@$0CM@@@PAU1@@std@@YAPAU?$VectorOperationRecord@$0CM@@@PAU1@00@Z"",""??$copy@PAU?$VectorOperationRecord@$0EA@@@PAU1@@std@@YAPAU?$VectorOperationRecord@$0EA@@@PAU1@00@Z"",""??$copy@PAU?$VectorOperationRecord@$0FA@@@PAU1@@std@@YAPAU?$VectorOperationRecord@$0FA@@@PAU1@00@Z"",""??$copy@PAU?$VectorOperationRecord@$0HE@@@PAU1@@std@@YAPAU?$VectorOperationRecord@$0HE@@@PAU1@00@Z""]",05f7dc3c84a14f069c77b3c3968b95227eb499f80ef40f704e13025365bc70e8,273f3baf77ef240f0a5ede9f2dce6cae37448935eb01f5485e3f901649b6cb7d,"[{""offset"":13,""type"":""REL32"",""symbol"":""??$_Ptr_cat@PAU?$VectorOperationRecord@$0BA@@@PAU1@@std@@YA?AU_Nonscalar_ptr_iterator_tag@0@AAPAU?$VectorOperationRecord@$0BA@@@0@Z"",""addend"":0,""target_address"":""0x0045AE00""},{""offset"":40,""type"":""REL32"",""symbol"":""??$_Copy_opt@PAU?$VectorOperationRecord@$0BA@@@PAU1@@std@@YAPAU?$VectorOperationRecord@$0BA@@@PAU1@00U_Nonscalar_ptr_iterator_tag@0@@Z"",""addend"":0,""target_address"":""0x0045B590""}]",0,wrapper,,,0x0045B590,vendor-record-helper-origins.csv,??$_Copy_opt@PAU?$VectorOperationRecord@$0BA@@@PAU1@@std@@YAPAU?$VectorOperationRecord@$0BA@@@PAU1@00U_Nonscalar_ptr_iterator_tag@0@@Z,7b3da138cacdb9ff74736b3ab82cf4d122bc6e1c34adb3ac88c78a4cbfac5811,7b3da138cacdb9ff74736b3ab82cf4d122bc6e1c34adb3ac88c78a4cbfac5811,[],0,R092
0x005FA360,51,??$copy_backward,??$copy_backward@PAU?$VectorOperationRecord@$0BA@@@PAU1@@std@@YAPAU?$VectorOperationRecord@$0BA@@@PAU1@00@Z,"[""??$copy_backward@PAU?$VectorOperationRecord@$00@@PAU1@@std@@YAPAU?$VectorOperationRecord@$00@@PAU1@00@Z"",""??$copy_backward@PAU?$VectorOperationRecord@$01@@PAU1@@std@@YAPAU?$VectorOperationRecord@$01@@PAU1@00@Z"",""??$copy_backward@PAU?$VectorOperationRecord@$03@@PAU1@@std@@YAPAU?$VectorOperationRecord@$03@@PAU1@00@Z"",""??$copy_backward@PAU?$VectorOperationRecord@$07@@PAU1@@std@@YAPAU?$VectorOperationRecord@$07@@PAU1@00@Z"",""??$copy_backward@PAU?$VectorOperationRecord@$0BA@@@PAU1@@std@@YAPAU?$VectorOperationRecord@$0BA@@@PAU1@00@Z"",""??$copy_backward@PAU?$VectorOperationRecord@$0CA@@@PAU1@@std@@YAPAU?$VectorOperationRecord@$0CA@@@PAU1@00@Z"",""??$copy_backward@PAU?$VectorOperationRecord@$0CM@@@PAU1@@std@@YAPAU?$VectorOperationRecord@$0CM@@@PAU1@00@Z"",""??$copy_backward@PAU?$VectorOperationRecord@$0EA@@@PAU1@@std@@YAPAU?$VectorOperationRecord@$0EA@@@PAU1@00@Z"",""??$copy_backward@PAU?$VectorOperationRecord@$0FA@@@PAU1@@std@@YAPAU?$VectorOperationRecord@$0FA@@@PAU1@00@Z"",""??$copy_backward@PAU?$VectorOperationRecord@$0HE@@@PAU1@@std@@YAPAU?$VectorOperationRecord@$0HE@@@PAU1@00@Z""]",05f7dc3c84a14f069c77b3c3968b95227eb499f80ef40f704e13025365bc70e8,7c5c43e7c81277769fa2805fae424fa1397a1d05501bcc0b1f723e9c781aadbf,"[{""offset"":13,""type"":""REL32"",""symbol"":""??$_Ptr_cat@PAU?$VectorOperationRecord@$0BA@@@PAU1@@std@@YA?AU_Nonscalar_ptr_iterator_tag@0@AAPAU?$VectorOperationRecord@$0BA@@@0@Z"",""addend"":0,""target_address"":""0x005FA620""},{""offset"":40,""type"":""REL32"",""symbol"":""??$_Copy_backward_opt@PAU?$VectorOperationRecord@$0BA@@@PAU1@@std@@YAPAU?$VectorOperationRecord@$0BA@@@PAU1@00U_Nonscalar_ptr_iterator_tag@0@@Z"",""addend"":0,""target_address"":""0x005FA750""}]",0,wrapper,,,0x005FA750,vendor-record-helper-origins.csv,??$_Copy_backward_opt@PAU?$VectorOperationRecord@$0BA@@@PAU1@@std@@YAPAU?$VectorOperationRecord@$0BA@@@PAU1@00U_Nonscalar_ptr_iterator_tag@0@@Z,7f1b43ff2154bab47ea0789c9043d9b9934f6e1bcd207df6ca273a5656da043f,7f1b43ff2154bab47ea0789c9043d9b9934f6e1bcd207df6ca273a5656da043f,[],0,R092
0x005FA410,51,??$copy_backward,??$copy_backward@PAKPAK@std@@YAPAKPAK00@Z,"[""??$copy_backward@PAEPAE@std@@YAPAEPAE00@Z"",""??$copy_backward@PAGPAG@std@@YAPAGPAG00@Z"",""??$copy_backward@PAKPAK@std@@YAPAKPAK00@Z"",""??$copy_backward@PAMPAM@std@@YAPAMPAM00@Z"",""??$copy_backward@PANPAN@std@@YAPANPAN00@Z"",""??$copy_backward@PAPAXPAPAX@std@@YAPAPAXPAPAX00@Z""]",7db5450b11c13a645bcf74173e0786cb6a59ac5097d87ae65a2ddb431583bab5,ade8c9b9578adbb9b3643f57f86b386bb9aadb24ea24db7e6eb3b59fd3cf7770,"[{""offset"":13,""type"":""REL32"",""symbol"":""?_Ptr_cat@std@@YA?AU_Scalar_ptr_iterator_tag@1@PAK0@Z"",""addend"":0,""target_address"":""0x005FA6B0""},{""offset"":40,""type"":""REL32"",""symbol"":""??$_Copy_backward_opt@PAKPAK@std@@YAPAKPAK00U_Scalar_ptr_iterator_tag@0@@Z"",""addend"":0,""target_address"":""0x005FA7D0""}]",0,wrapper,,,0x005FA7D0,vendor-vector-operation-origins.csv,??$_Copy_backward_opt@PAKPAK@std@@YAPAKPAK00U_Scalar_ptr_iterator_tag@0@@Z,9f574b00b934df8b7091f0eda2bc173622688863b2596d6074b493dd0ca64d86,693dd5fb20461941059017751cee15fb167af9167e7c11bad616f4c0fb4f9854,"[{""offset"":40,""type"":""REL32"",""symbol"":""_memmove"",""addend"":0,""target_address"":""0x00641260""}]",0,R092
