address,size,family_key,coff_symbol,matching_symbols,source_sha256,body_sha256,relocation_bindings,indirect_call_count,parent_address,parent_call_offset,evidence_id
0x0040AA60,11,??$_Ptr_cat,??$_Ptr_cat@U?$DequeProbeRecord@$00@@@std@@YA?AU_Scalar_ptr_iterator_tag@0@PAPAU?$DequeProbeRecord@$00@@0@Z,"[""??$_Ptr_cat@U?$DequeProbeRecord@$00@@@std@@YA?AU_Scalar_ptr_iterator_tag@0@PAPAU?$DequeProbeRecord@$00@@0@Z"",""??$_Ptr_cat@U?$DequeProbeRecord@$01@@@std@@YA?AU_Scalar_ptr_iterator_tag@0@PAPAU?$DequeProbeRecord@$01@@0@Z"",""??$_Ptr_cat@U?$DequeProbeRecord@$03@@@std@@YA?AU_Scalar_ptr_iterator_tag@0@PAPAU?$DequeProbeRecord@$03@@0@Z"",""??$_Ptr_cat@U?$DequeProbeRecord@$07@@@std@@YA?AU_Scalar_ptr_iterator_tag@0@PAPAU?$DequeProbeRecord@$07@@0@Z"",""??$_Ptr_cat@U?$DequeProbeRecord@$0BA@@@@std@@YA?AU_Scalar_ptr_iterator_tag@0@PAPAU?$DequeProbeRecord@$0BA@@@0@Z"",""??$_Ptr_cat@U?$DequeProbeRecord@$0CA@@@@std@@YA?AU_Scalar_ptr_iterator_tag@0@PAPAU?$DequeProbeRecord@$0CA@@@0@Z"",""??$_Ptr_cat@U?$DequeProbeRecord@$0EA@@@@std@@YA?AU_Scalar_ptr_iterator_tag@0@PAPAU?$DequeProbeRecord@$0EA@@@0@Z""]",125af26ed15ea5e17205bbf1df6e31eeb82f0d79055557b9a04ec8a39e8679a8,125af26ed15ea5e17205bbf1df6e31eeb82f0d79055557b9a04ec8a39e8679a8,[],0,0x0040A700,13,R087
0x0040AAD0,5,??$_Destroy_range,??$_Destroy_range@PAU?$DequeProbeRecord@$00@@V?$allocator@PAU?$DequeProbeRecord@$00@@@std@@@std@@YAXPAPAU?$DequeProbeRecord@$00@@0AAV?$allocator@PAU?$DequeProbeRecord@$00@@@0@U_Scalar_ptr_iterator_tag@0@@Z,"[""??$_Destroy_range@PAU?$DequeProbeRecord@$00@@V?$allocator@PAU?$DequeProbeRecord@$00@@@std@@@std@@YAXPAPAU?$DequeProbeRecord@$00@@0AAV?$allocator@PAU?$DequeProbeRecord@$00@@@0@U_Scalar_ptr_iterator_tag@0@@Z"",""??$_Destroy_range@PAU?$DequeProbeRecord@$01@@V?$allocator@PAU?$DequeProbeRecord@$01@@@std@@@std@@YAXPAPAU?$DequeProbeRecord@$01@@0AAV?$allocator@PAU?$DequeProbeRecord@$01@@@0@U_Scalar_ptr_iterator_tag@0@@Z"",""??$_Destroy_range@PAU?$DequeProbeRecord@$03@@V?$allocator@PAU?$DequeProbeRecord@$03@@@std@@@std@@YAXPAPAU?$DequeProbeRecord@$03@@0AAV?$allocator@PAU?$DequeProbeRecord@$03@@@0@U_Scalar_ptr_iterator_tag@0@@Z"",""??$_Destroy_range@PAU?$DequeProbeRecord@$07@@V?$allocator@PAU?$DequeProbeRecord@$07@@@std@@@std@@YAXPAPAU?$DequeProbeRecord@$07@@0AAV?$allocator@PAU?$DequeProbeRecord@$07@@@0@U_Scalar_ptr_iterator_tag@0@@Z"",""??$_Destroy_range@PAU?$DequeProbeRecord@$0BA@@@V?$allocator@PAU?$DequeProbeRecord@$0BA@@@@std@@@std@@YAXPAPAU?$DequeProbeRecord@$0BA@@@0AAV?$allocator@PAU?$DequeProbeRecord@$0BA@@@@0@U_Scalar_ptr_iterator_tag@0@@Z"",""??$_Destroy_range@PAU?$DequeProbeRecord@$0CA@@@V?$allocator@PAU?$DequeProbeRecord@$0CA@@@@std@@@std@@YAXPAPAU?$DequeProbeRecord@$0CA@@@0AAV?$allocator@PAU?$DequeProbeRecord@$0CA@@@@0@U_Scalar_ptr_iterator_tag@0@@Z"",""??$_Destroy_range@PAU?$DequeProbeRecord@$0EA@@@V?$allocator@PAU?$DequeProbeRecord@$0EA@@@@std@@@std@@YAXPAPAU?$DequeProbeRecord@$0EA@@@0AAV?$allocator@PAU?$DequeProbeRecord@$0EA@@@@0@U_Scalar_ptr_iterator_tag@0@@Z""]",7178bc05f1e5707e6c3dae3e068488f3df05d53b0e5eb728edd1abc56533f087,7178bc05f1e5707e6c3dae3e068488f3df05d53b0e5eb728edd1abc56533f087,[],0,0x0040A780,40,R087
0x0040AAE0,11,??$_Ptr_cat,??$_Ptr_cat@U?$DequeProbeRecord@$00@@@std@@YA?AU_Scalar_ptr_iterator_tag@0@PAPAU?$DequeProbeRecord@$00@@0@Z,"[""??$_Ptr_cat@U?$DequeProbeRecord@$00@@@std@@YA?AU_Scalar_ptr_iterator_tag@0@PAPAU?$DequeProbeRecord@$00@@0@Z"",""??$_Ptr_cat@U?$DequeProbeRecord@$01@@@std@@YA?AU_Scalar_ptr_iterator_tag@0@PAPAU?$DequeProbeRecord@$01@@0@Z"",""??$_Ptr_cat@U?$DequeProbeRecord@$03@@@std@@YA?AU_Scalar_ptr_iterator_tag@0@PAPAU?$DequeProbeRecord@$03@@0@Z"",""??$_Ptr_cat@U?$DequeProbeRecord@$07@@@std@@YA?AU_Scalar_ptr_iterator_tag@0@PAPAU?$DequeProbeRecord@$07@@0@Z"",""??$_Ptr_cat@U?$DequeProbeRecord@$0BA@@@@std@@YA?AU_Scalar_ptr_iterator_tag@0@PAPAU?$DequeProbeRecord@$0BA@@@0@Z"",""??$_Ptr_cat@U?$DequeProbeRecord@$0CA@@@@std@@YA?AU_Scalar_ptr_iterator_tag@0@PAPAU?$DequeProbeRecord@$0CA@@@0@Z"",""??$_Ptr_cat@U?$DequeProbeRecord@$0EA@@@@std@@YA?AU_Scalar_ptr_iterator_tag@0@PAPAU?$DequeProbeRecord@$0EA@@@0@Z""]",125af26ed15ea5e17205bbf1df6e31eeb82f0d79055557b9a04ec8a39e8679a8,125af26ed15ea5e17205bbf1df6e31eeb82f0d79055557b9a04ec8a39e8679a8,[],0,0x0040A880,13,R087
0x0040AB30,5,??$_Destroy_range,??$_Destroy_range@PAU?$DequeProbeRecord@$00@@V?$allocator@PAU?$DequeProbeRecord@$00@@@std@@@std@@YAXPAPAU?$DequeProbeRecord@$00@@0AAV?$allocator@PAU?$DequeProbeRecord@$00@@@0@U_Scalar_ptr_iterator_tag@0@@Z,"[""??$_Destroy_range@PAU?$DequeProbeRecord@$00@@V?$allocator@PAU?$DequeProbeRecord@$00@@@std@@@std@@YAXPAPAU?$DequeProbeRecord@$00@@0AAV?$allocator@PAU?$DequeProbeRecord@$00@@@0@U_Scalar_ptr_iterator_tag@0@@Z"",""??$_Destroy_range@PAU?$DequeProbeRecord@$01@@V?$allocator@PAU?$DequeProbeRecord@$01@@@std@@@std@@YAXPAPAU?$DequeProbeRecord@$01@@0AAV?$allocator@PAU?$DequeProbeRecord@$01@@@0@U_Scalar_ptr_iterator_tag@0@@Z"",""??$_Destroy_range@PAU?$DequeProbeRecord@$03@@V?$allocator@PAU?$DequeProbeRecord@$03@@@std@@@std@@YAXPAPAU?$DequeProbeRecord@$03@@0AAV?$allocator@PAU?$DequeProbeRecord@$03@@@0@U_Scalar_ptr_iterator_tag@0@@Z"",""??$_Destroy_range@PAU?$DequeProbeRecord@$07@@V?$allocator@PAU?$DequeProbeRecord@$07@@@std@@@std@@YAXPAPAU?$DequeProbeRecord@$07@@0AAV?$allocator@PAU?$DequeProbeRecord@$07@@@0@U_Scalar_ptr_iterator_tag@0@@Z"",""??$_Destroy_range@PAU?$DequeProbeRecord@$0BA@@@V?$allocator@PAU?$DequeProbeRecord@$0BA@@@@std@@@std@@YAXPAPAU?$DequeProbeRecord@$0BA@@@0AAV?$allocator@PAU?$DequeProbeRecord@$0BA@@@@0@U_Scalar_ptr_iterator_tag@0@@Z"",""??$_Destroy_range@PAU?$DequeProbeRecord@$0CA@@@V?$allocator@PAU?$DequeProbeRecord@$0CA@@@@std@@@std@@YAXPAPAU?$DequeProbeRecord@$0CA@@@0AAV?$allocator@PAU?$DequeProbeRecord@$0CA@@@@0@U_Scalar_ptr_iterator_tag@0@@Z"",""??$_Destroy_range@PAU?$DequeProbeRecord@$0EA@@@V?$allocator@PAU?$DequeProbeRecord@$0EA@@@@std@@@std@@YAXPAPAU?$DequeProbeRecord@$0EA@@@0AAV?$allocator@PAU?$DequeProbeRecord@$0EA@@@@0@U_Scalar_ptr_iterator_tag@0@@Z""]",7178bc05f1e5707e6c3dae3e068488f3df05d53b0e5eb728edd1abc56533f087,7178bc05f1e5707e6c3dae3e068488f3df05d53b0e5eb728edd1abc56533f087,[],0,0x0040A880,40,R087
0x0040AD10,14,??0?$allocator,??0?$allocator@U?$DequeProbeRecord@$00@@@std@@QAE@XZ,"[""??0?$allocator@D@std@@QAE@XZ"",""??0?$allocator@U?$DequeProbeRecord@$00@@@std@@QAE@XZ"",""??0?$allocator@U?$DequeProbeRecord@$01@@@std@@QAE@XZ"",""??0?$allocator@U?$DequeProbeRecord@$03@@@std@@QAE@XZ"",""??0?$allocator@U?$DequeProbeRecord@$07@@@std@@QAE@XZ"",""??0?$allocator@U?$DequeProbeRecord@$0BA@@@@std@@QAE@XZ"",""??0?$allocator@U?$DequeProbeRecord@$0CA@@@@std@@QAE@XZ"",""??0?$allocator@U?$DequeProbeRecord@$0EA@@@@std@@QAE@XZ""]",befca35709395b425403c72a706d2f3c715162ad22664d93df30e0255a4d4e8c,befca35709395b425403c72a706d2f3c715162ad22664d93df30e0255a4d4e8c,[],0,0x0040AC80,13,R087
0x0040AD40,16,??0?$allocator,??0?$allocator@U?$DequeProbeRecord@$00@@@std@@QAE@ABV01@@Z,"[""??0?$allocator@D@std@@QAE@ABV01@@Z"",""??0?$allocator@U?$DequeProbeRecord@$00@@@std@@QAE@ABV01@@Z"",""??0?$allocator@U?$DequeProbeRecord@$01@@@std@@QAE@ABV01@@Z"",""??0?$allocator@U?$DequeProbeRecord@$03@@@std@@QAE@ABV01@@Z"",""??0?$allocator@U?$DequeProbeRecord@$07@@@std@@QAE@ABV01@@Z"",""??0?$allocator@U?$DequeProbeRecord@$0BA@@@@std@@QAE@ABV01@@Z"",""??0?$allocator@U?$DequeProbeRecord@$0CA@@@@std@@QAE@ABV01@@Z"",""??0?$allocator@U?$DequeProbeRecord@$0EA@@@@std@@QAE@ABV01@@Z""]",08591b9c945863c4a421e0123378c589f44fe525fd590f731e33703824d80440,08591b9c945863c4a421e0123378c589f44fe525fd590f731e33703824d80440,[],0,0x0040ACD0,17,R087
0x0040E490,14,??0?$allocator,??0?$allocator@U?$DequeProbeRecord@$00@@@std@@QAE@XZ,"[""??0?$allocator@D@std@@QAE@XZ"",""??0?$allocator@U?$DequeProbeRecord@$00@@@std@@QAE@XZ"",""??0?$allocator@U?$DequeProbeRecord@$01@@@std@@QAE@XZ"",""??0?$allocator@U?$DequeProbeRecord@$03@@@std@@QAE@XZ"",""??0?$allocator@U?$DequeProbeRecord@$07@@@std@@QAE@XZ"",""??0?$allocator@U?$DequeProbeRecord@$0BA@@@@std@@QAE@XZ"",""??0?$allocator@U?$DequeProbeRecord@$0CA@@@@std@@QAE@XZ"",""??0?$allocator@U?$DequeProbeRecord@$0EA@@@@std@@QAE@XZ""]",befca35709395b425403c72a706d2f3c715162ad22664d93df30e0255a4d4e8c,befca35709395b425403c72a706d2f3c715162ad22664d93df30e0255a4d4e8c,[],0,0x0040DF60,13,R087
0x0040E920,16,??0?$allocator,??0?$allocator@U?$DequeProbeRecord@$00@@@std@@QAE@ABV01@@Z,"[""??0?$allocator@D@std@@QAE@ABV01@@Z"",""??0?$allocator@U?$DequeProbeRecord@$00@@@std@@QAE@ABV01@@Z"",""??0?$allocator@U?$DequeProbeRecord@$01@@@std@@QAE@ABV01@@Z"",""??0?$allocator@U?$DequeProbeRecord@$03@@@std@@QAE@ABV01@@Z"",""??0?$allocator@U?$DequeProbeRecord@$07@@@std@@QAE@ABV01@@Z"",""??0?$allocator@U?$DequeProbeRecord@$0BA@@@@std@@QAE@ABV01@@Z"",""??0?$allocator@U?$DequeProbeRecord@$0CA@@@@std@@QAE@ABV01@@Z"",""??0?$allocator@U?$DequeProbeRecord@$0EA@@@@std@@QAE@ABV01@@Z""]",08591b9c945863c4a421e0123378c589f44fe525fd590f731e33703824d80440,08591b9c945863c4a421e0123378c589f44fe525fd590f731e33703824d80440,[],0,0x0040E450,17,R087
0x0040F620,11,??$_Ptr_cat,??$_Ptr_cat@U?$DequeProbeRecord@$00@@@std@@YA?AU_Scalar_ptr_iterator_tag@0@PAPAU?$DequeProbeRecord@$00@@0@Z,"[""??$_Ptr_cat@U?$DequeProbeRecord@$00@@@std@@YA?AU_Scalar_ptr_iterator_tag@0@PAPAU?$DequeProbeRecord@$00@@0@Z"",""??$_Ptr_cat@U?$DequeProbeRecord@$01@@@std@@YA?AU_Scalar_ptr_iterator_tag@0@PAPAU?$DequeProbeRecord@$01@@0@Z"",""??$_Ptr_cat@U?$DequeProbeRecord@$03@@@std@@YA?AU_Scalar_ptr_iterator_tag@0@PAPAU?$DequeProbeRecord@$03@@0@Z"",""??$_Ptr_cat@U?$DequeProbeRecord@$07@@@std@@YA?AU_Scalar_ptr_iterator_tag@0@PAPAU?$DequeProbeRecord@$07@@0@Z"",""??$_Ptr_cat@U?$DequeProbeRecord@$0BA@@@@std@@YA?AU_Scalar_ptr_iterator_tag@0@PAPAU?$DequeProbeRecord@$0BA@@@0@Z"",""??$_Ptr_cat@U?$DequeProbeRecord@$0CA@@@@std@@YA?AU_Scalar_ptr_iterator_tag@0@PAPAU?$DequeProbeRecord@$0CA@@@0@Z"",""??$_Ptr_cat@U?$DequeProbeRecord@$0EA@@@@std@@YA?AU_Scalar_ptr_iterator_tag@0@PAPAU?$DequeProbeRecord@$0EA@@@0@Z""]",125af26ed15ea5e17205bbf1df6e31eeb82f0d79055557b9a04ec8a39e8679a8,125af26ed15ea5e17205bbf1df6e31eeb82f0d79055557b9a04ec8a39e8679a8,[],0,0x0040F350,13,R087
0x0040F670,5,??$_Destroy_range,??$_Destroy_range@PAU?$DequeProbeRecord@$00@@V?$allocator@PAU?$DequeProbeRecord@$00@@@std@@@std@@YAXPAPAU?$DequeProbeRecord@$00@@0AAV?$allocator@PAU?$DequeProbeRecord@$00@@@0@U_Scalar_ptr_iterator_tag@0@@Z,"[""??$_Destroy_range@PAU?$DequeProbeRecord@$00@@V?$allocator@PAU?$DequeProbeRecord@$00@@@std@@@std@@YAXPAPAU?$DequeProbeRecord@$00@@0AAV?$allocator@PAU?$DequeProbeRecord@$00@@@0@U_Scalar_ptr_iterator_tag@0@@Z"",""??$_Destroy_range@PAU?$DequeProbeRecord@$01@@V?$allocator@PAU?$DequeProbeRecord@$01@@@std@@@std@@YAXPAPAU?$DequeProbeRecord@$01@@0AAV?$allocator@PAU?$DequeProbeRecord@$01@@@0@U_Scalar_ptr_iterator_tag@0@@Z"",""??$_Destroy_range@PAU?$DequeProbeRecord@$03@@V?$allocator@PAU?$DequeProbeRecord@$03@@@std@@@std@@YAXPAPAU?$DequeProbeRecord@$03@@0AAV?$allocator@PAU?$DequeProbeRecord@$03@@@0@U_Scalar_ptr_iterator_tag@0@@Z"",""??$_Destroy_range@PAU?$DequeProbeRecord@$07@@V?$allocator@PAU?$DequeProbeRecord@$07@@@std@@@std@@YAXPAPAU?$DequeProbeRecord@$07@@0AAV?$allocator@PAU?$DequeProbeRecord@$07@@@0@U_Scalar_ptr_iterator_tag@0@@Z"",""??$_Destroy_range@PAU?$DequeProbeRecord@$0BA@@@V?$allocator@PAU?$DequeProbeRecord@$0BA@@@@std@@@std@@YAXPAPAU?$DequeProbeRecord@$0BA@@@0AAV?$allocator@PAU?$DequeProbeRecord@$0BA@@@@0@U_Scalar_ptr_iterator_tag@0@@Z"",""??$_Destroy_range@PAU?$DequeProbeRecord@$0CA@@@V?$allocator@PAU?$DequeProbeRecord@$0CA@@@@std@@@std@@YAXPAPAU?$DequeProbeRecord@$0CA@@@0AAV?$allocator@PAU?$DequeProbeRecord@$0CA@@@@0@U_Scalar_ptr_iterator_tag@0@@Z"",""??$_Destroy_range@PAU?$DequeProbeRecord@$0EA@@@V?$allocator@PAU?$DequeProbeRecord@$0EA@@@@std@@@std@@YAXPAPAU?$DequeProbeRecord@$0EA@@@0AAV?$allocator@PAU?$DequeProbeRecord@$0EA@@@@0@U_Scalar_ptr_iterator_tag@0@@Z""]",7178bc05f1e5707e6c3dae3e068488f3df05d53b0e5eb728edd1abc56533f087,7178bc05f1e5707e6c3dae3e068488f3df05d53b0e5eb728edd1abc56533f087,[],0,0x0040F350,40,R087
0x004123D0,16,??0?$allocator,??0?$allocator@U?$DequeProbeRecord@$00@@@std@@QAE@ABV01@@Z,"[""??0?$allocator@D@std@@QAE@ABV01@@Z"",""??0?$allocator@U?$DequeProbeRecord@$00@@@std@@QAE@ABV01@@Z"",""??0?$allocator@U?$DequeProbeRecord@$01@@@std@@QAE@ABV01@@Z"",""??0?$allocator@U?$DequeProbeRecord@$03@@@std@@QAE@ABV01@@Z"",""??0?$allocator@U?$DequeProbeRecord@$07@@@std@@QAE@ABV01@@Z"",""??0?$allocator@U?$DequeProbeRecord@$0BA@@@@std@@QAE@ABV01@@Z"",""??0?$allocator@U?$DequeProbeRecord@$0CA@@@@std@@QAE@ABV01@@Z"",""??0?$allocator@U?$DequeProbeRecord@$0EA@@@@std@@QAE@ABV01@@Z""]",08591b9c945863c4a421e0123378c589f44fe525fd590f731e33703824d80440,08591b9c945863c4a421e0123378c589f44fe525fd590f731e33703824d80440,[],0,0x00412390,17,R087
0x00412590,16,??0?$allocator,??0?$allocator@U?$DequeProbeRecord@$00@@@std@@QAE@ABV01@@Z,"[""??0?$allocator@D@std@@QAE@ABV01@@Z"",""??0?$allocator@U?$DequeProbeRecord@$00@@@std@@QAE@ABV01@@Z"",""??0?$allocator@U?$DequeProbeRecord@$01@@@std@@QAE@ABV01@@Z"",""??0?$allocator@U?$DequeProbeRecord@$03@@@std@@QAE@ABV01@@Z"",""??0?$allocator@U?$DequeProbeRecord@$07@@@std@@QAE@ABV01@@Z"",""??0?$allocator@U?$DequeProbeRecord@$0BA@@@@std@@QAE@ABV01@@Z"",""??0?$allocator@U?$DequeProbeRecord@$0CA@@@@std@@QAE@ABV01@@Z"",""??0?$allocator@U?$DequeProbeRecord@$0EA@@@@std@@QAE@ABV01@@Z""]",08591b9c945863c4a421e0123378c589f44fe525fd590f731e33703824d80440,08591b9c945863c4a421e0123378c589f44fe525fd590f731e33703824d80440,[],0,0x00412390,40,R087
0x00414E50,14,??0?$allocator,??0?$allocator@U?$DequeProbeRecord@$00@@@std@@QAE@XZ,"[""??0?$allocator@D@std@@QAE@XZ"",""??0?$allocator@U?$DequeProbeRecord@$00@@@std@@QAE@XZ"",""??0?$allocator@U?$DequeProbeRecord@$01@@@std@@QAE@XZ"",""??0?$allocator@U?$DequeProbeRecord@$03@@@std@@QAE@XZ"",""??0?$allocator@U?$DequeProbeRecord@$07@@@std@@QAE@XZ"",""??0?$allocator@U?$DequeProbeRecord@$0BA@@@@std@@QAE@XZ"",""??0?$allocator@U?$DequeProbeRecord@$0CA@@@@std@@QAE@XZ"",""??0?$allocator@U?$DequeProbeRecord@$0EA@@@@std@@QAE@XZ""]",befca35709395b425403c72a706d2f3c715162ad22664d93df30e0255a4d4e8c,befca35709395b425403c72a706d2f3c715162ad22664d93df30e0255a4d4e8c,[],0,0x00414360,13,R087
0x004151B0,14,??0?$allocator,??0?$allocator@U?$DequeProbeRecord@$00@@@std@@QAE@XZ,"[""??0?$allocator@D@std@@QAE@XZ"",""??0?$allocator@U?$DequeProbeRecord@$00@@@std@@QAE@XZ"",""??0?$allocator@U?$DequeProbeRecord@$01@@@std@@QAE@XZ"",""??0?$allocator@U?$DequeProbeRecord@$03@@@std@@QAE@XZ"",""??0?$allocator@U?$DequeProbeRecord@$07@@@std@@QAE@XZ"",""??0?$allocator@U?$DequeProbeRecord@$0BA@@@@std@@QAE@XZ"",""??0?$allocator@U?$DequeProbeRecord@$0CA@@@@std@@QAE@XZ"",""??0?$allocator@U?$DequeProbeRecord@$0EA@@@@std@@QAE@XZ""]",befca35709395b425403c72a706d2f3c715162ad22664d93df30e0255a4d4e8c,befca35709395b425403c72a706d2f3c715162ad22664d93df30e0255a4d4e8c,[],0,0x00414550,13,R087
0x00415510,14,??0?$allocator,??0?$allocator@U?$DequeProbeRecord@$00@@@std@@QAE@XZ,"[""??0?$allocator@D@std@@QAE@XZ"",""??0?$allocator@U?$DequeProbeRecord@$00@@@std@@QAE@XZ"",""??0?$allocator@U?$DequeProbeRecord@$01@@@std@@QAE@XZ"",""??0?$allocator@U?$DequeProbeRecord@$03@@@std@@QAE@XZ"",""??0?$allocator@U?$DequeProbeRecord@$07@@@std@@QAE@XZ"",""??0?$allocator@U?$DequeProbeRecord@$0BA@@@@std@@QAE@XZ"",""??0?$allocator@U?$DequeProbeRecord@$0CA@@@@std@@QAE@XZ"",""??0?$allocator@U?$DequeProbeRecord@$0EA@@@@std@@QAE@XZ""]",befca35709395b425403c72a706d2f3c715162ad22664d93df30e0255a4d4e8c,befca35709395b425403c72a706d2f3c715162ad22664d93df30e0255a4d4e8c,[],0,0x00414740,13,R087
0x004159F0,16,??0?$allocator,??0?$allocator@U?$DequeProbeRecord@$00@@@std@@QAE@ABV01@@Z,"[""??0?$allocator@D@std@@QAE@ABV01@@Z"",""??0?$allocator@U?$DequeProbeRecord@$00@@@std@@QAE@ABV01@@Z"",""??0?$allocator@U?$DequeProbeRecord@$01@@@std@@QAE@ABV01@@Z"",""??0?$allocator@U?$DequeProbeRecord@$03@@@std@@QAE@ABV01@@Z"",""??0?$allocator@U?$DequeProbeRecord@$07@@@std@@QAE@ABV01@@Z"",""??0?$allocator@U?$DequeProbeRecord@$0BA@@@@std@@QAE@ABV01@@Z"",""??0?$allocator@U?$DequeProbeRecord@$0CA@@@@std@@QAE@ABV01@@Z"",""??0?$allocator@U?$DequeProbeRecord@$0EA@@@@std@@QAE@ABV01@@Z""]",08591b9c945863c4a421e0123378c589f44fe525fd590f731e33703824d80440,08591b9c945863c4a421e0123378c589f44fe525fd590f731e33703824d80440,[],0,0x00414E10,17,R087
0x00415BE0,16,??0?$allocator,??0?$allocator@U?$DequeProbeRecord@$00@@@std@@QAE@ABV01@@Z,"[""??0?$allocator@D@std@@QAE@ABV01@@Z"",""??0?$allocator@U?$DequeProbeRecord@$00@@@std@@QAE@ABV01@@Z"",""??0?$allocator@U?$DequeProbeRecord@$01@@@std@@QAE@ABV01@@Z"",""??0?$allocator@U?$DequeProbeRecord@$03@@@std@@QAE@ABV01@@Z"",""??0?$allocator@U?$DequeProbeRecord@$07@@@std@@QAE@ABV01@@Z"",""??0?$allocator@U?$DequeProbeRecord@$0BA@@@@std@@QAE@ABV01@@Z"",""??0?$allocator@U?$DequeProbeRecord@$0CA@@@@std@@QAE@ABV01@@Z"",""??0?$allocator@U?$DequeProbeRecord@$0EA@@@@std@@QAE@ABV01@@Z""]",08591b9c945863c4a421e0123378c589f44fe525fd590f731e33703824d80440,08591b9c945863c4a421e0123378c589f44fe525fd590f731e33703824d80440,[],0,0x00415170,17,R087
0x00415DD0,16,??0?$allocator,??0?$allocator@U?$DequeProbeRecord@$00@@@std@@QAE@ABV01@@Z,"[""??0?$allocator@D@std@@QAE@ABV01@@Z"",""??0?$allocator@U?$DequeProbeRecord@$00@@@std@@QAE@ABV01@@Z"",""??0?$allocator@U?$DequeProbeRecord@$01@@@std@@QAE@ABV01@@Z"",""??0?$allocator@U?$DequeProbeRecord@$03@@@std@@QAE@ABV01@@Z"",""??0?$allocator@U?$DequeProbeRecord@$07@@@std@@QAE@ABV01@@Z"",""??0?$allocator@U?$DequeProbeRecord@$0BA@@@@std@@QAE@ABV01@@Z"",""??0?$allocator@U?$DequeProbeRecord@$0CA@@@@std@@QAE@ABV01@@Z"",""??0?$allocator@U?$DequeProbeRecord@$0EA@@@@std@@QAE@ABV01@@Z""]",08591b9c945863c4a421e0123378c589f44fe525fd590f731e33703824d80440,08591b9c945863c4a421e0123378c589f44fe525fd590f731e33703824d80440,[],0,0x004154D0,17,R087
0x00416430,11,??$_Ptr_cat,??$_Ptr_cat@U?$DequeProbeRecord@$00@@@std@@YA?AU_Scalar_ptr_iterator_tag@0@PAPAU?$DequeProbeRecord@$00@@0@Z,"[""??$_Ptr_cat@U?$DequeProbeRecord@$00@@@std@@YA?AU_Scalar_ptr_iterator_tag@0@PAPAU?$DequeProbeRecord@$00@@0@Z"",""??$_Ptr_cat@U?$DequeProbeRecord@$01@@@std@@YA?AU_Scalar_ptr_iterator_tag@0@PAPAU?$DequeProbeRecord@$01@@0@Z"",""??$_Ptr_cat@U?$DequeProbeRecord@$03@@@std@@YA?AU_Scalar_ptr_iterator_tag@0@PAPAU?$DequeProbeRecord@$03@@0@Z"",""??$_Ptr_cat@U?$DequeProbeRecord@$07@@@std@@YA?AU_Scalar_ptr_iterator_tag@0@PAPAU?$DequeProbeRecord@$07@@0@Z"",""??$_Ptr_cat@U?$DequeProbeRecord@$0BA@@@@std@@YA?AU_Scalar_ptr_iterator_tag@0@PAPAU?$DequeProbeRecord@$0BA@@@0@Z"",""??$_Ptr_cat@U?$DequeProbeRecord@$0CA@@@@std@@YA?AU_Scalar_ptr_iterator_tag@0@PAPAU?$DequeProbeRecord@$0CA@@@0@Z"",""??$_Ptr_cat@U?$DequeProbeRecord@$0EA@@@@std@@YA?AU_Scalar_ptr_iterator_tag@0@PAPAU?$DequeProbeRecord@$0EA@@@0@Z""]",125af26ed15ea5e17205bbf1df6e31eeb82f0d79055557b9a04ec8a39e8679a8,125af26ed15ea5e17205bbf1df6e31eeb82f0d79055557b9a04ec8a39e8679a8,[],0,0x00415FE0,13,R087
0x004164A0,5,??$_Destroy_range,??$_Destroy_range@PAU?$DequeProbeRecord@$00@@V?$allocator@PAU?$DequeProbeRecord@$00@@@std@@@std@@YAXPAPAU?$DequeProbeRecord@$00@@0AAV?$allocator@PAU?$DequeProbeRecord@$00@@@0@U_Scalar_ptr_iterator_tag@0@@Z,"[""??$_Destroy_range@PAU?$DequeProbeRecord@$00@@V?$allocator@PAU?$DequeProbeRecord@$00@@@std@@@std@@YAXPAPAU?$DequeProbeRecord@$00@@0AAV?$allocator@PAU?$DequeProbeRecord@$00@@@0@U_Scalar_ptr_iterator_tag@0@@Z"",""??$_Destroy_range@PAU?$DequeProbeRecord@$01@@V?$allocator@PAU?$DequeProbeRecord@$01@@@std@@@std@@YAXPAPAU?$DequeProbeRecord@$01@@0AAV?$allocator@PAU?$DequeProbeRecord@$01@@@0@U_Scalar_ptr_iterator_tag@0@@Z"",""??$_Destroy_range@PAU?$DequeProbeRecord@$03@@V?$allocator@PAU?$DequeProbeRecord@$03@@@std@@@std@@YAXPAPAU?$DequeProbeRecord@$03@@0AAV?$allocator@PAU?$DequeProbeRecord@$03@@@0@U_Scalar_ptr_iterator_tag@0@@Z"",""??$_Destroy_range@PAU?$DequeProbeRecord@$07@@V?$allocator@PAU?$DequeProbeRecord@$07@@@std@@@std@@YAXPAPAU?$DequeProbeRecord@$07@@0AAV?$allocator@PAU?$DequeProbeRecord@$07@@@0@U_Scalar_ptr_iterator_tag@0@@Z"",""??$_Destroy_range@PAU?$DequeProbeRecord@$0BA@@@V?$allocator@PAU?$DequeProbeRecord@$0BA@@@@std@@@std@@YAXPAPAU?$DequeProbeRecord@$0BA@@@0AAV?$allocator@PAU?$DequeProbeRecord@$0BA@@@@0@U_Scalar_ptr_iterator_tag@0@@Z"",""??$_Destroy_range@PAU?$DequeProbeRecord@$0CA@@@V?$allocator@PAU?$DequeProbeRecord@$0CA@@@@std@@@std@@YAXPAPAU?$DequeProbeRecord@$0CA@@@0AAV?$allocator@PAU?$DequeProbeRecord@$0CA@@@@0@U_Scalar_ptr_iterator_tag@0@@Z"",""??$_Destroy_range@PAU?$DequeProbeRecord@$0EA@@@V?$allocator@PAU?$DequeProbeRecord@$0EA@@@@std@@@std@@YAXPAPAU?$DequeProbeRecord@$0EA@@@0AAV?$allocator@PAU?$DequeProbeRecord@$0EA@@@@0@U_Scalar_ptr_iterator_tag@0@@Z""]",7178bc05f1e5707e6c3dae3e068488f3df05d53b0e5eb728edd1abc56533f087,7178bc05f1e5707e6c3dae3e068488f3df05d53b0e5eb728edd1abc56533f087,[],0,0x00416060,40,R087
0x004164B0,11,??$_Ptr_cat,??$_Ptr_cat@U?$DequeProbeRecord@$00@@@std@@YA?AU_Scalar_ptr_iterator_tag@0@PAPAU?$DequeProbeRecord@$00@@0@Z,"[""??$_Ptr_cat@U?$DequeProbeRecord@$00@@@std@@YA?AU_Scalar_ptr_iterator_tag@0@PAPAU?$DequeProbeRecord@$00@@0@Z"",""??$_Ptr_cat@U?$DequeProbeRecord@$01@@@std@@YA?AU_Scalar_ptr_iterator_tag@0@PAPAU?$DequeProbeRecord@$01@@0@Z"",""??$_Ptr_cat@U?$DequeProbeRecord@$03@@@std@@YA?AU_Scalar_ptr_iterator_tag@0@PAPAU?$DequeProbeRecord@$03@@0@Z"",""??$_Ptr_cat@U?$DequeProbeRecord@$07@@@std@@YA?AU_Scalar_ptr_iterator_tag@0@PAPAU?$DequeProbeRecord@$07@@0@Z"",""??$_Ptr_cat@U?$DequeProbeRecord@$0BA@@@@std@@YA?AU_Scalar_ptr_iterator_tag@0@PAPAU?$DequeProbeRecord@$0BA@@@0@Z"",""??$_Ptr_cat@U?$DequeProbeRecord@$0CA@@@@std@@YA?AU_Scalar_ptr_iterator_tag@0@PAPAU?$DequeProbeRecord@$0CA@@@0@Z"",""??$_Ptr_cat@U?$DequeProbeRecord@$0EA@@@@std@@YA?AU_Scalar_ptr_iterator_tag@0@PAPAU?$DequeProbeRecord@$0EA@@@0@Z""]",125af26ed15ea5e17205bbf1df6e31eeb82f0d79055557b9a04ec8a39e8679a8,125af26ed15ea5e17205bbf1df6e31eeb82f0d79055557b9a04ec8a39e8679a8,[],0,0x00416100,13,R087
0x00416520,5,??$_Destroy_range,??$_Destroy_range@PAU?$DequeProbeRecord@$00@@V?$allocator@PAU?$DequeProbeRecord@$00@@@std@@@std@@YAXPAPAU?$DequeProbeRecord@$00@@0AAV?$allocator@PAU?$DequeProbeRecord@$00@@@0@U_Scalar_ptr_iterator_tag@0@@Z,"[""??$_Destroy_range@PAU?$DequeProbeRecord@$00@@V?$allocator@PAU?$DequeProbeRecord@$00@@@std@@@std@@YAXPAPAU?$DequeProbeRecord@$00@@0AAV?$allocator@PAU?$DequeProbeRecord@$00@@@0@U_Scalar_ptr_iterator_tag@0@@Z"",""??$_Destroy_range@PAU?$DequeProbeRecord@$01@@V?$allocator@PAU?$DequeProbeRecord@$01@@@std@@@std@@YAXPAPAU?$DequeProbeRecord@$01@@0AAV?$allocator@PAU?$DequeProbeRecord@$01@@@0@U_Scalar_ptr_iterator_tag@0@@Z"",""??$_Destroy_range@PAU?$DequeProbeRecord@$03@@V?$allocator@PAU?$DequeProbeRecord@$03@@@std@@@std@@YAXPAPAU?$DequeProbeRecord@$03@@0AAV?$allocator@PAU?$DequeProbeRecord@$03@@@0@U_Scalar_ptr_iterator_tag@0@@Z"",""??$_Destroy_range@PAU?$DequeProbeRecord@$07@@V?$allocator@PAU?$DequeProbeRecord@$07@@@std@@@std@@YAXPAPAU?$DequeProbeRecord@$07@@0AAV?$allocator@PAU?$DequeProbeRecord@$07@@@0@U_Scalar_ptr_iterator_tag@0@@Z"",""??$_Destroy_range@PAU?$DequeProbeRecord@$0BA@@@V?$allocator@PAU?$DequeProbeRecord@$0BA@@@@std@@@std@@YAXPAPAU?$DequeProbeRecord@$0BA@@@0AAV?$allocator@PAU?$DequeProbeRecord@$0BA@@@@0@U_Scalar_ptr_iterator_tag@0@@Z"",""??$_Destroy_range@PAU?$DequeProbeRecord@$0CA@@@V?$allocator@PAU?$DequeProbeRecord@$0CA@@@@std@@@std@@YAXPAPAU?$DequeProbeRecord@$0CA@@@0AAV?$allocator@PAU?$DequeProbeRecord@$0CA@@@@0@U_Scalar_ptr_iterator_tag@0@@Z"",""??$_Destroy_range@PAU?$DequeProbeRecord@$0EA@@@V?$allocator@PAU?$DequeProbeRecord@$0EA@@@@std@@@std@@YAXPAPAU?$DequeProbeRecord@$0EA@@@0AAV?$allocator@PAU?$DequeProbeRecord@$0EA@@@@0@U_Scalar_ptr_iterator_tag@0@@Z""]",7178bc05f1e5707e6c3dae3e068488f3df05d53b0e5eb728edd1abc56533f087,7178bc05f1e5707e6c3dae3e068488f3df05d53b0e5eb728edd1abc56533f087,[],0,0x00416180,40,R087
0x00416530,11,??$_Ptr_cat,??$_Ptr_cat@U?$DequeProbeRecord@$00@@@std@@YA?AU_Scalar_ptr_iterator_tag@0@PAPAU?$DequeProbeRecord@$00@@0@Z,"[""??$_Ptr_cat@U?$DequeProbeRecord@$00@@@std@@YA?AU_Scalar_ptr_iterator_tag@0@PAPAU?$DequeProbeRecord@$00@@0@Z"",""??$_Ptr_cat@U?$DequeProbeRecord@$01@@@std@@YA?AU_Scalar_ptr_iterator_tag@0@PAPAU?$DequeProbeRecord@$01@@0@Z"",""??$_Ptr_cat@U?$DequeProbeRecord@$03@@@std@@YA?AU_Scalar_ptr_iterator_tag@0@PAPAU?$DequeProbeRecord@$03@@0@Z"",""??$_Ptr_cat@U?$DequeProbeRecord@$07@@@std@@YA?AU_Scalar_ptr_iterator_tag@0@PAPAU?$DequeProbeRecord@$07@@0@Z"",""??$_Ptr_cat@U?$DequeProbeRecord@$0BA@@@@std@@YA?AU_Scalar_ptr_iterator_tag@0@PAPAU?$DequeProbeRecord@$0BA@@@0@Z"",""??$_Ptr_cat@U?$DequeProbeRecord@$0CA@@@@std@@YA?AU_Scalar_ptr_iterator_tag@0@PAPAU?$DequeProbeRecord@$0CA@@@0@Z"",""??$_Ptr_cat@U?$DequeProbeRecord@$0EA@@@@std@@YA?AU_Scalar_ptr_iterator_tag@0@PAPAU?$DequeProbeRecord@$0EA@@@0@Z""]",125af26ed15ea5e17205bbf1df6e31eeb82f0d79055557b9a04ec8a39e8679a8,125af26ed15ea5e17205bbf1df6e31eeb82f0d79055557b9a04ec8a39e8679a8,[],0,0x00416220,13,R087
0x004165A0,5,??$_Destroy_range,??$_Destroy_range@PAU?$DequeProbeRecord@$00@@V?$allocator@PAU?$DequeProbeRecord@$00@@@std@@@std@@YAXPAPAU?$DequeProbeRecord@$00@@0AAV?$allocator@PAU?$DequeProbeRecord@$00@@@0@U_Scalar_ptr_iterator_tag@0@@Z,"[""??$_Destroy_range@PAU?$DequeProbeRecord@$00@@V?$allocator@PAU?$DequeProbeRecord@$00@@@std@@@std@@YAXPAPAU?$DequeProbeRecord@$00@@0AAV?$allocator@PAU?$DequeProbeRecord@$00@@@0@U_Scalar_ptr_iterator_tag@0@@Z"",""??$_Destroy_range@PAU?$DequeProbeRecord@$01@@V?$allocator@PAU?$DequeProbeRecord@$01@@@std@@@std@@YAXPAPAU?$DequeProbeRecord@$01@@0AAV?$allocator@PAU?$DequeProbeRecord@$01@@@0@U_Scalar_ptr_iterator_tag@0@@Z"",""??$_Destroy_range@PAU?$DequeProbeRecord@$03@@V?$allocator@PAU?$DequeProbeRecord@$03@@@std@@@std@@YAXPAPAU?$DequeProbeRecord@$03@@0AAV?$allocator@PAU?$DequeProbeRecord@$03@@@0@U_Scalar_ptr_iterator_tag@0@@Z"",""??$_Destroy_range@PAU?$DequeProbeRecord@$07@@V?$allocator@PAU?$DequeProbeRecord@$07@@@std@@@std@@YAXPAPAU?$DequeProbeRecord@$07@@0AAV?$allocator@PAU?$DequeProbeRecord@$07@@@0@U_Scalar_ptr_iterator_tag@0@@Z"",""??$_Destroy_range@PAU?$DequeProbeRecord@$0BA@@@V?$allocator@PAU?$DequeProbeRecord@$0BA@@@@std@@@std@@YAXPAPAU?$DequeProbeRecord@$0BA@@@0AAV?$allocator@PAU?$DequeProbeRecord@$0BA@@@@0@U_Scalar_ptr_iterator_tag@0@@Z"",""??$_Destroy_range@PAU?$DequeProbeRecord@$0CA@@@V?$allocator@PAU?$DequeProbeRecord@$0CA@@@@std@@@std@@YAXPAPAU?$DequeProbeRecord@$0CA@@@0AAV?$allocator@PAU?$DequeProbeRecord@$0CA@@@@0@U_Scalar_ptr_iterator_tag@0@@Z"",""??$_Destroy_range@PAU?$DequeProbeRecord@$0EA@@@V?$allocator@PAU?$DequeProbeRecord@$0EA@@@@std@@@std@@YAXPAPAU?$DequeProbeRecord@$0EA@@@0AAV?$allocator@PAU?$DequeProbeRecord@$0EA@@@@0@U_Scalar_ptr_iterator_tag@0@@Z""]",7178bc05f1e5707e6c3dae3e068488f3df05d53b0e5eb728edd1abc56533f087,7178bc05f1e5707e6c3dae3e068488f3df05d53b0e5eb728edd1abc56533f087,[],0,0x004162A0,40,R087
0x0041F0E0,16,??0?$allocator,??0?$allocator@U?$DequeProbeRecord@$00@@@std@@QAE@ABV01@@Z,"[""??0?$allocator@D@std@@QAE@ABV01@@Z"",""??0?$allocator@U?$DequeProbeRecord@$00@@@std@@QAE@ABV01@@Z"",""??0?$allocator@U?$DequeProbeRecord@$01@@@std@@QAE@ABV01@@Z"",""??0?$allocator@U?$DequeProbeRecord@$03@@@std@@QAE@ABV01@@Z"",""??0?$allocator@U?$DequeProbeRecord@$07@@@std@@QAE@ABV01@@Z"",""??0?$allocator@U?$DequeProbeRecord@$0BA@@@@std@@QAE@ABV01@@Z"",""??0?$allocator@U?$DequeProbeRecord@$0CA@@@@std@@QAE@ABV01@@Z"",""??0?$allocator@U?$DequeProbeRecord@$0EA@@@@std@@QAE@ABV01@@Z""]",08591b9c945863c4a421e0123378c589f44fe525fd590f731e33703824d80440,08591b9c945863c4a421e0123378c589f44fe525fd590f731e33703824d80440,[],0,0x0041F0A0,17,R087
0x0041FD80,16,??0?$allocator,??0?$allocator@U?$DequeProbeRecord@$00@@@std@@QAE@ABV01@@Z,"[""??0?$allocator@D@std@@QAE@ABV01@@Z"",""??0?$allocator@U?$DequeProbeRecord@$00@@@std@@QAE@ABV01@@Z"",""??0?$allocator@U?$DequeProbeRecord@$01@@@std@@QAE@ABV01@@Z"",""??0?$allocator@U?$DequeProbeRecord@$03@@@std@@QAE@ABV01@@Z"",""??0?$allocator@U?$DequeProbeRecord@$07@@@std@@QAE@ABV01@@Z"",""??0?$allocator@U?$DequeProbeRecord@$0BA@@@@std@@QAE@ABV01@@Z"",""??0?$allocator@U?$DequeProbeRecord@$0CA@@@@std@@QAE@ABV01@@Z"",""??0?$allocator@U?$DequeProbeRecord@$0EA@@@@std@@QAE@ABV01@@Z""]",08591b9c945863c4a421e0123378c589f44fe525fd590f731e33703824d80440,08591b9c945863c4a421e0123378c589f44fe525fd590f731e33703824d80440,[],0,0x0041F0A0,40,R087
0x0041FF60,11,??$_Ptr_cat,??$_Ptr_cat@U?$DequeProbeRecord@$00@@@std@@YA?AU_Scalar_ptr_iterator_tag@0@PAPAU?$DequeProbeRecord@$00@@0@Z,"[""??$_Ptr_cat@U?$DequeProbeRecord@$00@@@std@@YA?AU_Scalar_ptr_iterator_tag@0@PAPAU?$DequeProbeRecord@$00@@0@Z"",""??$_Ptr_cat@U?$DequeProbeRecord@$01@@@std@@YA?AU_Scalar_ptr_iterator_tag@0@PAPAU?$DequeProbeRecord@$01@@0@Z"",""??$_Ptr_cat@U?$DequeProbeRecord@$03@@@std@@YA?AU_Scalar_ptr_iterator_tag@0@PAPAU?$DequeProbeRecord@$03@@0@Z"",""??$_Ptr_cat@U?$DequeProbeRecord@$07@@@std@@YA?AU_Scalar_ptr_iterator_tag@0@PAPAU?$DequeProbeRecord@$07@@0@Z"",""??$_Ptr_cat@U?$DequeProbeRecord@$0BA@@@@std@@YA?AU_Scalar_ptr_iterator_tag@0@PAPAU?$DequeProbeRecord@$0BA@@@0@Z"",""??$_Ptr_cat@U?$DequeProbeRecord@$0CA@@@@std@@YA?AU_Scalar_ptr_iterator_tag@0@PAPAU?$DequeProbeRecord@$0CA@@@0@Z"",""??$_Ptr_cat@U?$DequeProbeRecord@$0EA@@@@std@@YA?AU_Scalar_ptr_iterator_tag@0@PAPAU?$DequeProbeRecord@$0EA@@@0@Z""]",125af26ed15ea5e17205bbf1df6e31eeb82f0d79055557b9a04ec8a39e8679a8,125af26ed15ea5e17205bbf1df6e31eeb82f0d79055557b9a04ec8a39e8679a8,[],0,0x0041FAA0,13,R087
0x0041FFD0,5,??$_Destroy_range,??$_Destroy_range@PAU?$DequeProbeRecord@$00@@V?$allocator@PAU?$DequeProbeRecord@$00@@@std@@@std@@YAXPAPAU?$DequeProbeRecord@$00@@0AAV?$allocator@PAU?$DequeProbeRecord@$00@@@0@U_Scalar_ptr_iterator_tag@0@@Z,"[""??$_Destroy_range@PAU?$DequeProbeRecord@$00@@V?$allocator@PAU?$DequeProbeRecord@$00@@@std@@@std@@YAXPAPAU?$DequeProbeRecord@$00@@0AAV?$allocator@PAU?$DequeProbeRecord@$00@@@0@U_Scalar_ptr_iterator_tag@0@@Z"",""??$_Destroy_range@PAU?$DequeProbeRecord@$01@@V?$allocator@PAU?$DequeProbeRecord@$01@@@std@@@std@@YAXPAPAU?$DequeProbeRecord@$01@@0AAV?$allocator@PAU?$DequeProbeRecord@$01@@@0@U_Scalar_ptr_iterator_tag@0@@Z"",""??$_Destroy_range@PAU?$DequeProbeRecord@$03@@V?$allocator@PAU?$DequeProbeRecord@$03@@@std@@@std@@YAXPAPAU?$DequeProbeRecord@$03@@0AAV?$allocator@PAU?$DequeProbeRecord@$03@@@0@U_Scalar_ptr_iterator_tag@0@@Z"",""??$_Destroy_range@PAU?$DequeProbeRecord@$07@@V?$allocator@PAU?$DequeProbeRecord@$07@@@std@@@std@@YAXPAPAU?$DequeProbeRecord@$07@@0AAV?$allocator@PAU?$DequeProbeRecord@$07@@@0@U_Scalar_ptr_iterator_tag@0@@Z"",""??$_Destroy_range@PAU?$DequeProbeRecord@$0BA@@@V?$allocator@PAU?$DequeProbeRecord@$0BA@@@@std@@@std@@YAXPAPAU?$DequeProbeRecord@$0BA@@@0AAV?$allocator@PAU?$DequeProbeRecord@$0BA@@@@0@U_Scalar_ptr_iterator_tag@0@@Z"",""??$_Destroy_range@PAU?$DequeProbeRecord@$0CA@@@V?$allocator@PAU?$DequeProbeRecord@$0CA@@@@std@@@std@@YAXPAPAU?$DequeProbeRecord@$0CA@@@0AAV?$allocator@PAU?$DequeProbeRecord@$0CA@@@@0@U_Scalar_ptr_iterator_tag@0@@Z"",""??$_Destroy_range@PAU?$DequeProbeRecord@$0EA@@@V?$allocator@PAU?$DequeProbeRecord@$0EA@@@@std@@@std@@YAXPAPAU?$DequeProbeRecord@$0EA@@@0AAV?$allocator@PAU?$DequeProbeRecord@$0EA@@@@0@U_Scalar_ptr_iterator_tag@0@@Z""]",7178bc05f1e5707e6c3dae3e068488f3df05d53b0e5eb728edd1abc56533f087,7178bc05f1e5707e6c3dae3e068488f3df05d53b0e5eb728edd1abc56533f087,[],0,0x0041FB20,40,R087
0x004200B0,11,??$_Ptr_cat,??$_Ptr_cat@U?$DequeProbeRecord@$00@@@std@@YA?AU_Scalar_ptr_iterator_tag@0@PAPAU?$DequeProbeRecord@$00@@0@Z,"[""??$_Ptr_cat@U?$DequeProbeRecord@$00@@@std@@YA?AU_Scalar_ptr_iterator_tag@0@PAPAU?$DequeProbeRecord@$00@@0@Z"",""??$_Ptr_cat@U?$DequeProbeRecord@$01@@@std@@YA?AU_Scalar_ptr_iterator_tag@0@PAPAU?$DequeProbeRecord@$01@@0@Z"",""??$_Ptr_cat@U?$DequeProbeRecord@$03@@@std@@YA?AU_Scalar_ptr_iterator_tag@0@PAPAU?$DequeProbeRecord@$03@@0@Z"",""??$_Ptr_cat@U?$DequeProbeRecord@$07@@@std@@YA?AU_Scalar_ptr_iterator_tag@0@PAPAU?$DequeProbeRecord@$07@@0@Z"",""??$_Ptr_cat@U?$DequeProbeRecord@$0BA@@@@std@@YA?AU_Scalar_ptr_iterator_tag@0@PAPAU?$DequeProbeRecord@$0BA@@@0@Z"",""??$_Ptr_cat@U?$DequeProbeRecord@$0CA@@@@std@@YA?AU_Scalar_ptr_iterator_tag@0@PAPAU?$DequeProbeRecord@$0CA@@@0@Z"",""??$_Ptr_cat@U?$DequeProbeRecord@$0EA@@@@std@@YA?AU_Scalar_ptr_iterator_tag@0@PAPAU?$DequeProbeRecord@$0EA@@@0@Z""]",125af26ed15ea5e17205bbf1df6e31eeb82f0d79055557b9a04ec8a39e8679a8,125af26ed15ea5e17205bbf1df6e31eeb82f0d79055557b9a04ec8a39e8679a8,[],0,0x0041FC60,13,R087
0x00420120,5,??$_Destroy_range,??$_Destroy_range@PAU?$DequeProbeRecord@$00@@V?$allocator@PAU?$DequeProbeRecord@$00@@@std@@@std@@YAXPAPAU?$DequeProbeRecord@$00@@0AAV?$allocator@PAU?$DequeProbeRecord@$00@@@0@U_Scalar_ptr_iterator_tag@0@@Z,"[""??$_Destroy_range@PAU?$DequeProbeRecord@$00@@V?$allocator@PAU?$DequeProbeRecord@$00@@@std@@@std@@YAXPAPAU?$DequeProbeRecord@$00@@0AAV?$allocator@PAU?$DequeProbeRecord@$00@@@0@U_Scalar_ptr_iterator_tag@0@@Z"",""??$_Destroy_range@PAU?$DequeProbeRecord@$01@@V?$allocator@PAU?$DequeProbeRecord@$01@@@std@@@std@@YAXPAPAU?$DequeProbeRecord@$01@@0AAV?$allocator@PAU?$DequeProbeRecord@$01@@@0@U_Scalar_ptr_iterator_tag@0@@Z"",""??$_Destroy_range@PAU?$DequeProbeRecord@$03@@V?$allocator@PAU?$DequeProbeRecord@$03@@@std@@@std@@YAXPAPAU?$DequeProbeRecord@$03@@0AAV?$allocator@PAU?$DequeProbeRecord@$03@@@0@U_Scalar_ptr_iterator_tag@0@@Z"",""??$_Destroy_range@PAU?$DequeProbeRecord@$07@@V?$allocator@PAU?$DequeProbeRecord@$07@@@std@@@std@@YAXPAPAU?$DequeProbeRecord@$07@@0AAV?$allocator@PAU?$DequeProbeRecord@$07@@@0@U_Scalar_ptr_iterator_tag@0@@Z"",""??$_Destroy_range@PAU?$DequeProbeRecord@$0BA@@@V?$allocator@PAU?$DequeProbeRecord@$0BA@@@@std@@@std@@YAXPAPAU?$DequeProbeRecord@$0BA@@@0AAV?$allocator@PAU?$DequeProbeRecord@$0BA@@@@0@U_Scalar_ptr_iterator_tag@0@@Z"",""??$_Destroy_range@PAU?$DequeProbeRecord@$0CA@@@V?$allocator@PAU?$DequeProbeRecord@$0CA@@@@std@@@std@@YAXPAPAU?$DequeProbeRecord@$0CA@@@0AAV?$allocator@PAU?$DequeProbeRecord@$0CA@@@@0@U_Scalar_ptr_iterator_tag@0@@Z"",""??$_Destroy_range@PAU?$DequeProbeRecord@$0EA@@@V?$allocator@PAU?$DequeProbeRecord@$0EA@@@@std@@@std@@YAXPAPAU?$DequeProbeRecord@$0EA@@@0AAV?$allocator@PAU?$DequeProbeRecord@$0EA@@@@0@U_Scalar_ptr_iterator_tag@0@@Z""]",7178bc05f1e5707e6c3dae3e068488f3df05d53b0e5eb728edd1abc56533f087,7178bc05f1e5707e6c3dae3e068488f3df05d53b0e5eb728edd1abc56533f087,[],0,0x0041FCE0,40,R087
0x004202D0,14,??0?$allocator,??0?$allocator@U?$DequeProbeRecord@$00@@@std@@QAE@XZ,"[""??0?$allocator@D@std@@QAE@XZ"",""??0?$allocator@U?$DequeProbeRecord@$00@@@std@@QAE@XZ"",""??0?$allocator@U?$DequeProbeRecord@$01@@@std@@QAE@XZ"",""??0?$allocator@U?$DequeProbeRecord@$03@@@std@@QAE@XZ"",""??0?$allocator@U?$DequeProbeRecord@$07@@@std@@QAE@XZ"",""??0?$allocator@U?$DequeProbeRecord@$0BA@@@@std@@QAE@XZ"",""??0?$allocator@U?$DequeProbeRecord@$0CA@@@@std@@QAE@XZ"",""??0?$allocator@U?$DequeProbeRecord@$0EA@@@@std@@QAE@XZ""]",befca35709395b425403c72a706d2f3c715162ad22664d93df30e0255a4d4e8c,befca35709395b425403c72a706d2f3c715162ad22664d93df30e0255a4d4e8c,[],0,0x00420240,13,R087
0x00420300,16,??0?$allocator,??0?$allocator@U?$DequeProbeRecord@$00@@@std@@QAE@ABV01@@Z,"[""??0?$allocator@D@std@@QAE@ABV01@@Z"",""??0?$allocator@U?$DequeProbeRecord@$00@@@std@@QAE@ABV01@@Z"",""??0?$allocator@U?$DequeProbeRecord@$01@@@std@@QAE@ABV01@@Z"",""??0?$allocator@U?$DequeProbeRecord@$03@@@std@@QAE@ABV01@@Z"",""??0?$allocator@U?$DequeProbeRecord@$07@@@std@@QAE@ABV01@@Z"",""??0?$allocator@U?$DequeProbeRecord@$0BA@@@@std@@QAE@ABV01@@Z"",""??0?$allocator@U?$DequeProbeRecord@$0CA@@@@std@@QAE@ABV01@@Z"",""??0?$allocator@U?$DequeProbeRecord@$0EA@@@@std@@QAE@ABV01@@Z""]",08591b9c945863c4a421e0123378c589f44fe525fd590f731e33703824d80440,08591b9c945863c4a421e0123378c589f44fe525fd590f731e33703824d80440,[],0,0x00420290,17,R087
0x004203B0,14,??0?$allocator,??0?$allocator@U?$DequeProbeRecord@$00@@@std@@QAE@XZ,"[""??0?$allocator@D@std@@QAE@XZ"",""??0?$allocator@U?$DequeProbeRecord@$00@@@std@@QAE@XZ"",""??0?$allocator@U?$DequeProbeRecord@$01@@@std@@QAE@XZ"",""??0?$allocator@U?$DequeProbeRecord@$03@@@std@@QAE@XZ"",""??0?$allocator@U?$DequeProbeRecord@$07@@@std@@QAE@XZ"",""??0?$allocator@U?$DequeProbeRecord@$0BA@@@@std@@QAE@XZ"",""??0?$allocator@U?$DequeProbeRecord@$0CA@@@@std@@QAE@XZ"",""??0?$allocator@U?$DequeProbeRecord@$0EA@@@@std@@QAE@XZ""]",befca35709395b425403c72a706d2f3c715162ad22664d93df30e0255a4d4e8c,befca35709395b425403c72a706d2f3c715162ad22664d93df30e0255a4d4e8c,[],0,0x00420320,13,R087
0x004203E0,16,??0?$allocator,??0?$allocator@U?$DequeProbeRecord@$00@@@std@@QAE@ABV01@@Z,"[""??0?$allocator@D@std@@QAE@ABV01@@Z"",""??0?$allocator@U?$DequeProbeRecord@$00@@@std@@QAE@ABV01@@Z"",""??0?$allocator@U?$DequeProbeRecord@$01@@@std@@QAE@ABV01@@Z"",""??0?$allocator@U?$DequeProbeRecord@$03@@@std@@QAE@ABV01@@Z"",""??0?$allocator@U?$DequeProbeRecord@$07@@@std@@QAE@ABV01@@Z"",""??0?$allocator@U?$DequeProbeRecord@$0BA@@@@std@@QAE@ABV01@@Z"",""??0?$allocator@U?$DequeProbeRecord@$0CA@@@@std@@QAE@ABV01@@Z"",""??0?$allocator@U?$DequeProbeRecord@$0EA@@@@std@@QAE@ABV01@@Z""]",08591b9c945863c4a421e0123378c589f44fe525fd590f731e33703824d80440,08591b9c945863c4a421e0123378c589f44fe525fd590f731e33703824d80440,[],0,0x00420370,17,R087
0x00421AC0,14,??0?$allocator,??0?$allocator@U?$DequeProbeRecord@$00@@@std@@QAE@XZ,"[""??0?$allocator@D@std@@QAE@XZ"",""??0?$allocator@U?$DequeProbeRecord@$00@@@std@@QAE@XZ"",""??0?$allocator@U?$DequeProbeRecord@$01@@@std@@QAE@XZ"",""??0?$allocator@U?$DequeProbeRecord@$03@@@std@@QAE@XZ"",""??0?$allocator@U?$DequeProbeRecord@$07@@@std@@QAE@XZ"",""??0?$allocator@U?$DequeProbeRecord@$0BA@@@@std@@QAE@XZ"",""??0?$allocator@U?$DequeProbeRecord@$0CA@@@@std@@QAE@XZ"",""??0?$allocator@U?$DequeProbeRecord@$0EA@@@@std@@QAE@XZ""]",befca35709395b425403c72a706d2f3c715162ad22664d93df30e0255a4d4e8c,befca35709395b425403c72a706d2f3c715162ad22664d93df30e0255a4d4e8c,[],0,0x004212F0,13,R087
0x00421ED0,14,??0?$allocator,??0?$allocator@U?$DequeProbeRecord@$00@@@std@@QAE@XZ,"[""??0?$allocator@D@std@@QAE@XZ"",""??0?$allocator@U?$DequeProbeRecord@$00@@@std@@QAE@XZ"",""??0?$allocator@U?$DequeProbeRecord@$01@@@std@@QAE@XZ"",""??0?$allocator@U?$DequeProbeRecord@$03@@@std@@QAE@XZ"",""??0?$allocator@U?$DequeProbeRecord@$07@@@std@@QAE@XZ"",""??0?$allocator@U?$DequeProbeRecord@$0BA@@@@std@@QAE@XZ"",""??0?$allocator@U?$DequeProbeRecord@$0CA@@@@std@@QAE@XZ"",""??0?$allocator@U?$DequeProbeRecord@$0EA@@@@std@@QAE@XZ""]",befca35709395b425403c72a706d2f3c715162ad22664d93df30e0255a4d4e8c,befca35709395b425403c72a706d2f3c715162ad22664d93df30e0255a4d4e8c,[],0,0x004214E0,13,R087
0x004221C0,16,??0?$allocator,??0?$allocator@U?$DequeProbeRecord@$00@@@std@@QAE@ABV01@@Z,"[""??0?$allocator@D@std@@QAE@ABV01@@Z"",""??0?$allocator@U?$DequeProbeRecord@$00@@@std@@QAE@ABV01@@Z"",""??0?$allocator@U?$DequeProbeRecord@$01@@@std@@QAE@ABV01@@Z"",""??0?$allocator@U?$DequeProbeRecord@$03@@@std@@QAE@ABV01@@Z"",""??0?$allocator@U?$DequeProbeRecord@$07@@@std@@QAE@ABV01@@Z"",""??0?$allocator@U?$DequeProbeRecord@$0BA@@@@std@@QAE@ABV01@@Z"",""??0?$allocator@U?$DequeProbeRecord@$0CA@@@@std@@QAE@ABV01@@Z"",""??0?$allocator@U?$DequeProbeRecord@$0EA@@@@std@@QAE@ABV01@@Z""]",08591b9c945863c4a421e0123378c589f44fe525fd590f731e33703824d80440,08591b9c945863c4a421e0123378c589f44fe525fd590f731e33703824d80440,[],0,0x00421A80,17,R087
0x004223B0,16,??0?$allocator,??0?$allocator@U?$DequeProbeRecord@$00@@@std@@QAE@ABV01@@Z,"[""??0?$allocator@D@std@@QAE@ABV01@@Z"",""??0?$allocator@U?$DequeProbeRecord@$00@@@std@@QAE@ABV01@@Z"",""??0?$allocator@U?$DequeProbeRecord@$01@@@std@@QAE@ABV01@@Z"",""??0?$allocator@U?$DequeProbeRecord@$03@@@std@@QAE@ABV01@@Z"",""??0?$allocator@U?$DequeProbeRecord@$07@@@std@@QAE@ABV01@@Z"",""??0?$allocator@U?$DequeProbeRecord@$0BA@@@@std@@QAE@ABV01@@Z"",""??0?$allocator@U?$DequeProbeRecord@$0CA@@@@std@@QAE@ABV01@@Z"",""??0?$allocator@U?$DequeProbeRecord@$0EA@@@@std@@QAE@ABV01@@Z""]",08591b9c945863c4a421e0123378c589f44fe525fd590f731e33703824d80440,08591b9c945863c4a421e0123378c589f44fe525fd590f731e33703824d80440,[],0,0x00421E90,17,R087
0x00422BB0,11,??$_Ptr_cat,??$_Ptr_cat@U?$DequeProbeRecord@$00@@@std@@YA?AU_Scalar_ptr_iterator_tag@0@PAPAU?$DequeProbeRecord@$00@@0@Z,"[""??$_Ptr_cat@U?$DequeProbeRecord@$00@@@std@@YA?AU_Scalar_ptr_iterator_tag@0@PAPAU?$DequeProbeRecord@$00@@0@Z"",""??$_Ptr_cat@U?$DequeProbeRecord@$01@@@std@@YA?AU_Scalar_ptr_iterator_tag@0@PAPAU?$DequeProbeRecord@$01@@0@Z"",""??$_Ptr_cat@U?$DequeProbeRecord@$03@@@std@@YA?AU_Scalar_ptr_iterator_tag@0@PAPAU?$DequeProbeRecord@$03@@0@Z"",""??$_Ptr_cat@U?$DequeProbeRecord@$07@@@std@@YA?AU_Scalar_ptr_iterator_tag@0@PAPAU?$DequeProbeRecord@$07@@0@Z"",""??$_Ptr_cat@U?$DequeProbeRecord@$0BA@@@@std@@YA?AU_Scalar_ptr_iterator_tag@0@PAPAU?$DequeProbeRecord@$0BA@@@0@Z"",""??$_Ptr_cat@U?$DequeProbeRecord@$0CA@@@@std@@YA?AU_Scalar_ptr_iterator_tag@0@PAPAU?$DequeProbeRecord@$0CA@@@0@Z"",""??$_Ptr_cat@U?$DequeProbeRecord@$0EA@@@@std@@YA?AU_Scalar_ptr_iterator_tag@0@PAPAU?$DequeProbeRecord@$0EA@@@0@Z""]",125af26ed15ea5e17205bbf1df6e31eeb82f0d79055557b9a04ec8a39e8679a8,125af26ed15ea5e17205bbf1df6e31eeb82f0d79055557b9a04ec8a39e8679a8,[],0,0x004226C0,13,R087
0x00422C20,5,??$_Destroy_range,??$_Destroy_range@PAU?$DequeProbeRecord@$00@@V?$allocator@PAU?$DequeProbeRecord@$00@@@std@@@std@@YAXPAPAU?$DequeProbeRecord@$00@@0AAV?$allocator@PAU?$DequeProbeRecord@$00@@@0@U_Scalar_ptr_iterator_tag@0@@Z,"[""??$_Destroy_range@PAU?$DequeProbeRecord@$00@@V?$allocator@PAU?$DequeProbeRecord@$00@@@std@@@std@@YAXPAPAU?$DequeProbeRecord@$00@@0AAV?$allocator@PAU?$DequeProbeRecord@$00@@@0@U_Scalar_ptr_iterator_tag@0@@Z"",""??$_Destroy_range@PAU?$DequeProbeRecord@$01@@V?$allocator@PAU?$DequeProbeRecord@$01@@@std@@@std@@YAXPAPAU?$DequeProbeRecord@$01@@0AAV?$allocator@PAU?$DequeProbeRecord@$01@@@0@U_Scalar_ptr_iterator_tag@0@@Z"",""??$_Destroy_range@PAU?$DequeProbeRecord@$03@@V?$allocator@PAU?$DequeProbeRecord@$03@@@std@@@std@@YAXPAPAU?$DequeProbeRecord@$03@@0AAV?$allocator@PAU?$DequeProbeRecord@$03@@@0@U_Scalar_ptr_iterator_tag@0@@Z"",""??$_Destroy_range@PAU?$DequeProbeRecord@$07@@V?$allocator@PAU?$DequeProbeRecord@$07@@@std@@@std@@YAXPAPAU?$DequeProbeRecord@$07@@0AAV?$allocator@PAU?$DequeProbeRecord@$07@@@0@U_Scalar_ptr_iterator_tag@0@@Z"",""??$_Destroy_range@PAU?$DequeProbeRecord@$0BA@@@V?$allocator@PAU?$DequeProbeRecord@$0BA@@@@std@@@std@@YAXPAPAU?$DequeProbeRecord@$0BA@@@0AAV?$allocator@PAU?$DequeProbeRecord@$0BA@@@@0@U_Scalar_ptr_iterator_tag@0@@Z"",""??$_Destroy_range@PAU?$DequeProbeRecord@$0CA@@@V?$allocator@PAU?$DequeProbeRecord@$0CA@@@@std@@@std@@YAXPAPAU?$DequeProbeRecord@$0CA@@@0AAV?$allocator@PAU?$DequeProbeRecord@$0CA@@@@0@U_Scalar_ptr_iterator_tag@0@@Z"",""??$_Destroy_range@PAU?$DequeProbeRecord@$0EA@@@V?$allocator@PAU?$DequeProbeRecord@$0EA@@@@std@@@std@@YAXPAPAU?$DequeProbeRecord@$0EA@@@0AAV?$allocator@PAU?$DequeProbeRecord@$0EA@@@@0@U_Scalar_ptr_iterator_tag@0@@Z""]",7178bc05f1e5707e6c3dae3e068488f3df05d53b0e5eb728edd1abc56533f087,7178bc05f1e5707e6c3dae3e068488f3df05d53b0e5eb728edd1abc56533f087,[],0,0x00422740,40,R087
0x00422C30,11,??$_Ptr_cat,??$_Ptr_cat@U?$DequeProbeRecord@$00@@@std@@YA?AU_Scalar_ptr_iterator_tag@0@PAPAU?$DequeProbeRecord@$00@@0@Z,"[""??$_Ptr_cat@U?$DequeProbeRecord@$00@@@std@@YA?AU_Scalar_ptr_iterator_tag@0@PAPAU?$DequeProbeRecord@$00@@0@Z"",""??$_Ptr_cat@U?$DequeProbeRecord@$01@@@std@@YA?AU_Scalar_ptr_iterator_tag@0@PAPAU?$DequeProbeRecord@$01@@0@Z"",""??$_Ptr_cat@U?$DequeProbeRecord@$03@@@std@@YA?AU_Scalar_ptr_iterator_tag@0@PAPAU?$DequeProbeRecord@$03@@0@Z"",""??$_Ptr_cat@U?$DequeProbeRecord@$07@@@std@@YA?AU_Scalar_ptr_iterator_tag@0@PAPAU?$DequeProbeRecord@$07@@0@Z"",""??$_Ptr_cat@U?$DequeProbeRecord@$0BA@@@@std@@YA?AU_Scalar_ptr_iterator_tag@0@PAPAU?$DequeProbeRecord@$0BA@@@0@Z"",""??$_Ptr_cat@U?$DequeProbeRecord@$0CA@@@@std@@YA?AU_Scalar_ptr_iterator_tag@0@PAPAU?$DequeProbeRecord@$0CA@@@0@Z"",""??$_Ptr_cat@U?$DequeProbeRecord@$0EA@@@@std@@YA?AU_Scalar_ptr_iterator_tag@0@PAPAU?$DequeProbeRecord@$0EA@@@0@Z""]",125af26ed15ea5e17205bbf1df6e31eeb82f0d79055557b9a04ec8a39e8679a8,125af26ed15ea5e17205bbf1df6e31eeb82f0d79055557b9a04ec8a39e8679a8,[],0,0x004227E0,13,R087
0x00422CA0,5,??$_Destroy_range,??$_Destroy_range@PAU?$DequeProbeRecord@$00@@V?$allocator@PAU?$DequeProbeRecord@$00@@@std@@@std@@YAXPAPAU?$DequeProbeRecord@$00@@0AAV?$allocator@PAU?$DequeProbeRecord@$00@@@0@U_Scalar_ptr_iterator_tag@0@@Z,"[""??$_Destroy_range@PAU?$DequeProbeRecord@$00@@V?$allocator@PAU?$DequeProbeRecord@$00@@@std@@@std@@YAXPAPAU?$DequeProbeRecord@$00@@0AAV?$allocator@PAU?$DequeProbeRecord@$00@@@0@U_Scalar_ptr_iterator_tag@0@@Z"",""??$_Destroy_range@PAU?$DequeProbeRecord@$01@@V?$allocator@PAU?$DequeProbeRecord@$01@@@std@@@std@@YAXPAPAU?$DequeProbeRecord@$01@@0AAV?$allocator@PAU?$DequeProbeRecord@$01@@@0@U_Scalar_ptr_iterator_tag@0@@Z"",""??$_Destroy_range@PAU?$DequeProbeRecord@$03@@V?$allocator@PAU?$DequeProbeRecord@$03@@@std@@@std@@YAXPAPAU?$DequeProbeRecord@$03@@0AAV?$allocator@PAU?$DequeProbeRecord@$03@@@0@U_Scalar_ptr_iterator_tag@0@@Z"",""??$_Destroy_range@PAU?$DequeProbeRecord@$07@@V?$allocator@PAU?$DequeProbeRecord@$07@@@std@@@std@@YAXPAPAU?$DequeProbeRecord@$07@@0AAV?$allocator@PAU?$DequeProbeRecord@$07@@@0@U_Scalar_ptr_iterator_tag@0@@Z"",""??$_Destroy_range@PAU?$DequeProbeRecord@$0BA@@@V?$allocator@PAU?$DequeProbeRecord@$0BA@@@@std@@@std@@YAXPAPAU?$DequeProbeRecord@$0BA@@@0AAV?$allocator@PAU?$DequeProbeRecord@$0BA@@@@0@U_Scalar_ptr_iterator_tag@0@@Z"",""??$_Destroy_range@PAU?$DequeProbeRecord@$0CA@@@V?$allocator@PAU?$DequeProbeRecord@$0CA@@@@std@@@std@@YAXPAPAU?$DequeProbeRecord@$0CA@@@0AAV?$allocator@PAU?$DequeProbeRecord@$0CA@@@@0@U_Scalar_ptr_iterator_tag@0@@Z"",""??$_Destroy_range@PAU?$DequeProbeRecord@$0EA@@@V?$allocator@PAU?$DequeProbeRecord@$0EA@@@@std@@@std@@YAXPAPAU?$DequeProbeRecord@$0EA@@@0AAV?$allocator@PAU?$DequeProbeRecord@$0EA@@@@0@U_Scalar_ptr_iterator_tag@0@@Z""]",7178bc05f1e5707e6c3dae3e068488f3df05d53b0e5eb728edd1abc56533f087,7178bc05f1e5707e6c3dae3e068488f3df05d53b0e5eb728edd1abc56533f087,[],0,0x00422860,40,R087
0x00424C30,11,??$_Ptr_cat,??$_Ptr_cat@U?$DequeProbeRecord@$00@@@std@@YA?AU_Scalar_ptr_iterator_tag@0@PAPAU?$DequeProbeRecord@$00@@0@Z,"[""??$_Ptr_cat@U?$DequeProbeRecord@$00@@@std@@YA?AU_Scalar_ptr_iterator_tag@0@PAPAU?$DequeProbeRecord@$00@@0@Z"",""??$_Ptr_cat@U?$DequeProbeRecord@$01@@@std@@YA?AU_Scalar_ptr_iterator_tag@0@PAPAU?$DequeProbeRecord@$01@@0@Z"",""??$_Ptr_cat@U?$DequeProbeRecord@$03@@@std@@YA?AU_Scalar_ptr_iterator_tag@0@PAPAU?$DequeProbeRecord@$03@@0@Z"",""??$_Ptr_cat@U?$DequeProbeRecord@$07@@@std@@YA?AU_Scalar_ptr_iterator_tag@0@PAPAU?$DequeProbeRecord@$07@@0@Z"",""??$_Ptr_cat@U?$DequeProbeRecord@$0BA@@@@std@@YA?AU_Scalar_ptr_iterator_tag@0@PAPAU?$DequeProbeRecord@$0BA@@@0@Z"",""??$_Ptr_cat@U?$DequeProbeRecord@$0CA@@@@std@@YA?AU_Scalar_ptr_iterator_tag@0@PAPAU?$DequeProbeRecord@$0CA@@@0@Z"",""??$_Ptr_cat@U?$DequeProbeRecord@$0EA@@@@std@@YA?AU_Scalar_ptr_iterator_tag@0@PAPAU?$DequeProbeRecord@$0EA@@@0@Z""]",125af26ed15ea5e17205bbf1df6e31eeb82f0d79055557b9a04ec8a39e8679a8,125af26ed15ea5e17205bbf1df6e31eeb82f0d79055557b9a04ec8a39e8679a8,[],0,0x00424A00,13,R087
0x00424CA0,5,??$_Destroy_range,??$_Destroy_range@PAU?$DequeProbeRecord@$00@@V?$allocator@PAU?$DequeProbeRecord@$00@@@std@@@std@@YAXPAPAU?$DequeProbeRecord@$00@@0AAV?$allocator@PAU?$DequeProbeRecord@$00@@@0@U_Scalar_ptr_iterator_tag@0@@Z,"[""??$_Destroy_range@PAU?$DequeProbeRecord@$00@@V?$allocator@PAU?$DequeProbeRecord@$00@@@std@@@std@@YAXPAPAU?$DequeProbeRecord@$00@@0AAV?$allocator@PAU?$DequeProbeRecord@$00@@@0@U_Scalar_ptr_iterator_tag@0@@Z"",""??$_Destroy_range@PAU?$DequeProbeRecord@$01@@V?$allocator@PAU?$DequeProbeRecord@$01@@@std@@@std@@YAXPAPAU?$DequeProbeRecord@$01@@0AAV?$allocator@PAU?$DequeProbeRecord@$01@@@0@U_Scalar_ptr_iterator_tag@0@@Z"",""??$_Destroy_range@PAU?$DequeProbeRecord@$03@@V?$allocator@PAU?$DequeProbeRecord@$03@@@std@@@std@@YAXPAPAU?$DequeProbeRecord@$03@@0AAV?$allocator@PAU?$DequeProbeRecord@$03@@@0@U_Scalar_ptr_iterator_tag@0@@Z"",""??$_Destroy_range@PAU?$DequeProbeRecord@$07@@V?$allocator@PAU?$DequeProbeRecord@$07@@@std@@@std@@YAXPAPAU?$DequeProbeRecord@$07@@0AAV?$allocator@PAU?$DequeProbeRecord@$07@@@0@U_Scalar_ptr_iterator_tag@0@@Z"",""??$_Destroy_range@PAU?$DequeProbeRecord@$0BA@@@V?$allocator@PAU?$DequeProbeRecord@$0BA@@@@std@@@std@@YAXPAPAU?$DequeProbeRecord@$0BA@@@0AAV?$allocator@PAU?$DequeProbeRecord@$0BA@@@@0@U_Scalar_ptr_iterator_tag@0@@Z"",""??$_Destroy_range@PAU?$DequeProbeRecord@$0CA@@@V?$allocator@PAU?$DequeProbeRecord@$0CA@@@@std@@@std@@YAXPAPAU?$DequeProbeRecord@$0CA@@@0AAV?$allocator@PAU?$DequeProbeRecord@$0CA@@@@0@U_Scalar_ptr_iterator_tag@0@@Z"",""??$_Destroy_range@PAU?$DequeProbeRecord@$0EA@@@V?$allocator@PAU?$DequeProbeRecord@$0EA@@@@std@@@std@@YAXPAPAU?$DequeProbeRecord@$0EA@@@0AAV?$allocator@PAU?$DequeProbeRecord@$0EA@@@@0@U_Scalar_ptr_iterator_tag@0@@Z""]",7178bc05f1e5707e6c3dae3e068488f3df05d53b0e5eb728edd1abc56533f087,7178bc05f1e5707e6c3dae3e068488f3df05d53b0e5eb728edd1abc56533f087,[],0,0x00424A80,40,R087
0x00424D90,14,??0?$allocator,??0?$allocator@U?$DequeProbeRecord@$00@@@std@@QAE@XZ,"[""??0?$allocator@D@std@@QAE@XZ"",""??0?$allocator@U?$DequeProbeRecord@$00@@@std@@QAE@XZ"",""??0?$allocator@U?$DequeProbeRecord@$01@@@std@@QAE@XZ"",""??0?$allocator@U?$DequeProbeRecord@$03@@@std@@QAE@XZ"",""??0?$allocator@U?$DequeProbeRecord@$07@@@std@@QAE@XZ"",""??0?$allocator@U?$DequeProbeRecord@$0BA@@@@std@@QAE@XZ"",""??0?$allocator@U?$DequeProbeRecord@$0CA@@@@std@@QAE@XZ"",""??0?$allocator@U?$DequeProbeRecord@$0EA@@@@std@@QAE@XZ""]",befca35709395b425403c72a706d2f3c715162ad22664d93df30e0255a4d4e8c,befca35709395b425403c72a706d2f3c715162ad22664d93df30e0255a4d4e8c,[],0,0x00424D00,13,R087
0x00424DC0,16,??0?$allocator,??0?$allocator@U?$DequeProbeRecord@$00@@@std@@QAE@ABV01@@Z,"[""??0?$allocator@D@std@@QAE@ABV01@@Z"",""??0?$allocator@U?$DequeProbeRecord@$00@@@std@@QAE@ABV01@@Z"",""??0?$allocator@U?$DequeProbeRecord@$01@@@std@@QAE@ABV01@@Z"",""??0?$allocator@U?$DequeProbeRecord@$03@@@std@@QAE@ABV01@@Z"",""??0?$allocator@U?$DequeProbeRecord@$07@@@std@@QAE@ABV01@@Z"",""??0?$allocator@U?$DequeProbeRecord@$0BA@@@@std@@QAE@ABV01@@Z"",""??0?$allocator@U?$DequeProbeRecord@$0CA@@@@std@@QAE@ABV01@@Z"",""??0?$allocator@U?$DequeProbeRecord@$0EA@@@@std@@QAE@ABV01@@Z""]",08591b9c945863c4a421e0123378c589f44fe525fd590f731e33703824d80440,08591b9c945863c4a421e0123378c589f44fe525fd590f731e33703824d80440,[],0,0x00424D50,17,R087
0x0042DFF0,14,??0?$allocator,??0?$allocator@U?$DequeProbeRecord@$00@@@std@@QAE@XZ,"[""??0?$allocator@D@std@@QAE@XZ"",""??0?$allocator@U?$DequeProbeRecord@$00@@@std@@QAE@XZ"",""??0?$allocator@U?$DequeProbeRecord@$01@@@std@@QAE@XZ"",""??0?$allocator@U?$DequeProbeRecord@$03@@@std@@QAE@XZ"",""??0?$allocator@U?$DequeProbeRecord@$07@@@std@@QAE@XZ"",""??0?$allocator@U?$DequeProbeRecord@$0BA@@@@std@@QAE@XZ"",""??0?$allocator@U?$DequeProbeRecord@$0CA@@@@std@@QAE@XZ"",""??0?$allocator@U?$DequeProbeRecord@$0EA@@@@std@@QAE@XZ""]",befca35709395b425403c72a706d2f3c715162ad22664d93df30e0255a4d4e8c,befca35709395b425403c72a706d2f3c715162ad22664d93df30e0255a4d4e8c,[],0,0x0042DB30,13,R087
0x0042E240,16,??0?$allocator,??0?$allocator@U?$DequeProbeRecord@$00@@@std@@QAE@ABV01@@Z,"[""??0?$allocator@D@std@@QAE@ABV01@@Z"",""??0?$allocator@U?$DequeProbeRecord@$00@@@std@@QAE@ABV01@@Z"",""??0?$allocator@U?$DequeProbeRecord@$01@@@std@@QAE@ABV01@@Z"",""??0?$allocator@U?$DequeProbeRecord@$03@@@std@@QAE@ABV01@@Z"",""??0?$allocator@U?$DequeProbeRecord@$07@@@std@@QAE@ABV01@@Z"",""??0?$allocator@U?$DequeProbeRecord@$0BA@@@@std@@QAE@ABV01@@Z"",""??0?$allocator@U?$DequeProbeRecord@$0CA@@@@std@@QAE@ABV01@@Z"",""??0?$allocator@U?$DequeProbeRecord@$0EA@@@@std@@QAE@ABV01@@Z""]",08591b9c945863c4a421e0123378c589f44fe525fd590f731e33703824d80440,08591b9c945863c4a421e0123378c589f44fe525fd590f731e33703824d80440,[],0,0x0042DFB0,17,R087
0x0042E590,11,??$_Ptr_cat,??$_Ptr_cat@U?$DequeProbeRecord@$00@@@std@@YA?AU_Scalar_ptr_iterator_tag@0@PAPAU?$DequeProbeRecord@$00@@0@Z,"[""??$_Ptr_cat@U?$DequeProbeRecord@$00@@@std@@YA?AU_Scalar_ptr_iterator_tag@0@PAPAU?$DequeProbeRecord@$00@@0@Z"",""??$_Ptr_cat@U?$DequeProbeRecord@$01@@@std@@YA?AU_Scalar_ptr_iterator_tag@0@PAPAU?$DequeProbeRecord@$01@@0@Z"",""??$_Ptr_cat@U?$DequeProbeRecord@$03@@@std@@YA?AU_Scalar_ptr_iterator_tag@0@PAPAU?$DequeProbeRecord@$03@@0@Z"",""??$_Ptr_cat@U?$DequeProbeRecord@$07@@@std@@YA?AU_Scalar_ptr_iterator_tag@0@PAPAU?$DequeProbeRecord@$07@@0@Z"",""??$_Ptr_cat@U?$DequeProbeRecord@$0BA@@@@std@@YA?AU_Scalar_ptr_iterator_tag@0@PAPAU?$DequeProbeRecord@$0BA@@@0@Z"",""??$_Ptr_cat@U?$DequeProbeRecord@$0CA@@@@std@@YA?AU_Scalar_ptr_iterator_tag@0@PAPAU?$DequeProbeRecord@$0CA@@@0@Z"",""??$_Ptr_cat@U?$DequeProbeRecord@$0EA@@@@std@@YA?AU_Scalar_ptr_iterator_tag@0@PAPAU?$DequeProbeRecord@$0EA@@@0@Z""]",125af26ed15ea5e17205bbf1df6e31eeb82f0d79055557b9a04ec8a39e8679a8,125af26ed15ea5e17205bbf1df6e31eeb82f0d79055557b9a04ec8a39e8679a8,[],0,0x0042E410,13,R087
0x0042E600,5,??$_Destroy_range,??$_Destroy_range@PAU?$DequeProbeRecord@$00@@V?$allocator@PAU?$DequeProbeRecord@$00@@@std@@@std@@YAXPAPAU?$DequeProbeRecord@$00@@0AAV?$allocator@PAU?$DequeProbeRecord@$00@@@0@U_Scalar_ptr_iterator_tag@0@@Z,"[""??$_Destroy_range@PAU?$DequeProbeRecord@$00@@V?$allocator@PAU?$DequeProbeRecord@$00@@@std@@@std@@YAXPAPAU?$DequeProbeRecord@$00@@0AAV?$allocator@PAU?$DequeProbeRecord@$00@@@0@U_Scalar_ptr_iterator_tag@0@@Z"",""??$_Destroy_range@PAU?$DequeProbeRecord@$01@@V?$allocator@PAU?$DequeProbeRecord@$01@@@std@@@std@@YAXPAPAU?$DequeProbeRecord@$01@@0AAV?$allocator@PAU?$DequeProbeRecord@$01@@@0@U_Scalar_ptr_iterator_tag@0@@Z"",""??$_Destroy_range@PAU?$DequeProbeRecord@$03@@V?$allocator@PAU?$DequeProbeRecord@$03@@@std@@@std@@YAXPAPAU?$DequeProbeRecord@$03@@0AAV?$allocator@PAU?$DequeProbeRecord@$03@@@0@U_Scalar_ptr_iterator_tag@0@@Z"",""??$_Destroy_range@PAU?$DequeProbeRecord@$07@@V?$allocator@PAU?$DequeProbeRecord@$07@@@std@@@std@@YAXPAPAU?$DequeProbeRecord@$07@@0AAV?$allocator@PAU?$DequeProbeRecord@$07@@@0@U_Scalar_ptr_iterator_tag@0@@Z"",""??$_Destroy_range@PAU?$DequeProbeRecord@$0BA@@@V?$allocator@PAU?$DequeProbeRecord@$0BA@@@@std@@@std@@YAXPAPAU?$DequeProbeRecord@$0BA@@@0AAV?$allocator@PAU?$DequeProbeRecord@$0BA@@@@0@U_Scalar_ptr_iterator_tag@0@@Z"",""??$_Destroy_range@PAU?$DequeProbeRecord@$0CA@@@V?$allocator@PAU?$DequeProbeRecord@$0CA@@@@std@@@std@@YAXPAPAU?$DequeProbeRecord@$0CA@@@0AAV?$allocator@PAU?$DequeProbeRecord@$0CA@@@@0@U_Scalar_ptr_iterator_tag@0@@Z"",""??$_Destroy_range@PAU?$DequeProbeRecord@$0EA@@@V?$allocator@PAU?$DequeProbeRecord@$0EA@@@@std@@@std@@YAXPAPAU?$DequeProbeRecord@$0EA@@@0AAV?$allocator@PAU?$DequeProbeRecord@$0EA@@@@0@U_Scalar_ptr_iterator_tag@0@@Z""]",7178bc05f1e5707e6c3dae3e068488f3df05d53b0e5eb728edd1abc56533f087,7178bc05f1e5707e6c3dae3e068488f3df05d53b0e5eb728edd1abc56533f087,[],0,0x0042E490,40,R087
0x0045B020,11,??$_Ptr_cat,??$_Ptr_cat@U?$DequeProbeRecord@$00@@@std@@YA?AU_Scalar_ptr_iterator_tag@0@PAPAU?$DequeProbeRecord@$00@@0@Z,"[""??$_Ptr_cat@U?$DequeProbeRecord@$00@@@std@@YA?AU_Scalar_ptr_iterator_tag@0@PAPAU?$DequeProbeRecord@$00@@0@Z"",""??$_Ptr_cat@U?$DequeProbeRecord@$01@@@std@@YA?AU_Scalar_ptr_iterator_tag@0@PAPAU?$DequeProbeRecord@$01@@0@Z"",""??$_Ptr_cat@U?$DequeProbeRecord@$03@@@std@@YA?AU_Scalar_ptr_iterator_tag@0@PAPAU?$DequeProbeRecord@$03@@0@Z"",""??$_Ptr_cat@U?$DequeProbeRecord@$07@@@std@@YA?AU_Scalar_ptr_iterator_tag@0@PAPAU?$DequeProbeRecord@$07@@0@Z"",""??$_Ptr_cat@U?$DequeProbeRecord@$0BA@@@@std@@YA?AU_Scalar_ptr_iterator_tag@0@PAPAU?$DequeProbeRecord@$0BA@@@0@Z"",""??$_Ptr_cat@U?$DequeProbeRecord@$0CA@@@@std@@YA?AU_Scalar_ptr_iterator_tag@0@PAPAU?$DequeProbeRecord@$0CA@@@0@Z"",""??$_Ptr_cat@U?$DequeProbeRecord@$0EA@@@@std@@YA?AU_Scalar_ptr_iterator_tag@0@PAPAU?$DequeProbeRecord@$0EA@@@0@Z""]",125af26ed15ea5e17205bbf1df6e31eeb82f0d79055557b9a04ec8a39e8679a8,125af26ed15ea5e17205bbf1df6e31eeb82f0d79055557b9a04ec8a39e8679a8,[],0,0x0045A8C0,13,R087
0x0045B070,5,??$_Destroy_range,??$_Destroy_range@PAU?$DequeProbeRecord@$00@@V?$allocator@PAU?$DequeProbeRecord@$00@@@std@@@std@@YAXPAPAU?$DequeProbeRecord@$00@@0AAV?$allocator@PAU?$DequeProbeRecord@$00@@@0@U_Scalar_ptr_iterator_tag@0@@Z,"[""??$_Destroy_range@PAU?$DequeProbeRecord@$00@@V?$allocator@PAU?$DequeProbeRecord@$00@@@std@@@std@@YAXPAPAU?$DequeProbeRecord@$00@@0AAV?$allocator@PAU?$DequeProbeRecord@$00@@@0@U_Scalar_ptr_iterator_tag@0@@Z"",""??$_Destroy_range@PAU?$DequeProbeRecord@$01@@V?$allocator@PAU?$DequeProbeRecord@$01@@@std@@@std@@YAXPAPAU?$DequeProbeRecord@$01@@0AAV?$allocator@PAU?$DequeProbeRecord@$01@@@0@U_Scalar_ptr_iterator_tag@0@@Z"",""??$_Destroy_range@PAU?$DequeProbeRecord@$03@@V?$allocator@PAU?$DequeProbeRecord@$03@@@std@@@std@@YAXPAPAU?$DequeProbeRecord@$03@@0AAV?$allocator@PAU?$DequeProbeRecord@$03@@@0@U_Scalar_ptr_iterator_tag@0@@Z"",""??$_Destroy_range@PAU?$DequeProbeRecord@$07@@V?$allocator@PAU?$DequeProbeRecord@$07@@@std@@@std@@YAXPAPAU?$DequeProbeRecord@$07@@0AAV?$allocator@PAU?$DequeProbeRecord@$07@@@0@U_Scalar_ptr_iterator_tag@0@@Z"",""??$_Destroy_range@PAU?$DequeProbeRecord@$0BA@@@V?$allocator@PAU?$DequeProbeRecord@$0BA@@@@std@@@std@@YAXPAPAU?$DequeProbeRecord@$0BA@@@0AAV?$allocator@PAU?$DequeProbeRecord@$0BA@@@@0@U_Scalar_ptr_iterator_tag@0@@Z"",""??$_Destroy_range@PAU?$DequeProbeRecord@$0CA@@@V?$allocator@PAU?$DequeProbeRecord@$0CA@@@@std@@@std@@YAXPAPAU?$DequeProbeRecord@$0CA@@@0AAV?$allocator@PAU?$DequeProbeRecord@$0CA@@@@0@U_Scalar_ptr_iterator_tag@0@@Z"",""??$_Destroy_range@PAU?$DequeProbeRecord@$0EA@@@V?$allocator@PAU?$DequeProbeRecord@$0EA@@@@std@@@std@@YAXPAPAU?$DequeProbeRecord@$0EA@@@0AAV?$allocator@PAU?$DequeProbeRecord@$0EA@@@@0@U_Scalar_ptr_iterator_tag@0@@Z""]",7178bc05f1e5707e6c3dae3e068488f3df05d53b0e5eb728edd1abc56533f087,7178bc05f1e5707e6c3dae3e068488f3df05d53b0e5eb728edd1abc56533f087,[],0,0x0045A8C0,40,R087
0x0045C580,14,??0?$allocator,??0?$allocator@U?$DequeProbeRecord@$00@@@std@@QAE@XZ,"[""??0?$allocator@D@std@@QAE@XZ"",""??0?$allocator@U?$DequeProbeRecord@$00@@@std@@QAE@XZ"",""??0?$allocator@U?$DequeProbeRecord@$01@@@std@@QAE@XZ"",""??0?$allocator@U?$DequeProbeRecord@$03@@@std@@QAE@XZ"",""??0?$allocator@U?$DequeProbeRecord@$07@@@std@@QAE@XZ"",""??0?$allocator@U?$DequeProbeRecord@$0BA@@@@std@@QAE@XZ"",""??0?$allocator@U?$DequeProbeRecord@$0CA@@@@std@@QAE@XZ"",""??0?$allocator@U?$DequeProbeRecord@$0EA@@@@std@@QAE@XZ""]",befca35709395b425403c72a706d2f3c715162ad22664d93df30e0255a4d4e8c,befca35709395b425403c72a706d2f3c715162ad22664d93df30e0255a4d4e8c,[],0,0x0045BEE0,13,R087
0x0045C820,16,??0?$allocator,??0?$allocator@U?$DequeProbeRecord@$00@@@std@@QAE@ABV01@@Z,"[""??0?$allocator@D@std@@QAE@ABV01@@Z"",""??0?$allocator@U?$DequeProbeRecord@$00@@@std@@QAE@ABV01@@Z"",""??0?$allocator@U?$DequeProbeRecord@$01@@@std@@QAE@ABV01@@Z"",""??0?$allocator@U?$DequeProbeRecord@$03@@@std@@QAE@ABV01@@Z"",""??0?$allocator@U?$DequeProbeRecord@$07@@@std@@QAE@ABV01@@Z"",""??0?$allocator@U?$DequeProbeRecord@$0BA@@@@std@@QAE@ABV01@@Z"",""??0?$allocator@U?$DequeProbeRecord@$0CA@@@@std@@QAE@ABV01@@Z"",""??0?$allocator@U?$DequeProbeRecord@$0EA@@@@std@@QAE@ABV01@@Z""]",08591b9c945863c4a421e0123378c589f44fe525fd590f731e33703824d80440,08591b9c945863c4a421e0123378c589f44fe525fd590f731e33703824d80440,[],0,0x0045C540,17,R087
0x0045CC80,11,??$_Ptr_cat,??$_Ptr_cat@U?$DequeProbeRecord@$00@@@std@@YA?AU_Scalar_ptr_iterator_tag@0@PAPAU?$DequeProbeRecord@$00@@0@Z,"[""??$_Ptr_cat@U?$DequeProbeRecord@$00@@@std@@YA?AU_Scalar_ptr_iterator_tag@0@PAPAU?$DequeProbeRecord@$00@@0@Z"",""??$_Ptr_cat@U?$DequeProbeRecord@$01@@@std@@YA?AU_Scalar_ptr_iterator_tag@0@PAPAU?$DequeProbeRecord@$01@@0@Z"",""??$_Ptr_cat@U?$DequeProbeRecord@$03@@@std@@YA?AU_Scalar_ptr_iterator_tag@0@PAPAU?$DequeProbeRecord@$03@@0@Z"",""??$_Ptr_cat@U?$DequeProbeRecord@$07@@@std@@YA?AU_Scalar_ptr_iterator_tag@0@PAPAU?$DequeProbeRecord@$07@@0@Z"",""??$_Ptr_cat@U?$DequeProbeRecord@$0BA@@@@std@@YA?AU_Scalar_ptr_iterator_tag@0@PAPAU?$DequeProbeRecord@$0BA@@@0@Z"",""??$_Ptr_cat@U?$DequeProbeRecord@$0CA@@@@std@@YA?AU_Scalar_ptr_iterator_tag@0@PAPAU?$DequeProbeRecord@$0CA@@@0@Z"",""??$_Ptr_cat@U?$DequeProbeRecord@$0EA@@@@std@@YA?AU_Scalar_ptr_iterator_tag@0@PAPAU?$DequeProbeRecord@$0EA@@@0@Z""]",125af26ed15ea5e17205bbf1df6e31eeb82f0d79055557b9a04ec8a39e8679a8,125af26ed15ea5e17205bbf1df6e31eeb82f0d79055557b9a04ec8a39e8679a8,[],0,0x0045CA40,13,R087
0x0045CCF0,5,??$_Destroy_range,??$_Destroy_range@PAU?$DequeProbeRecord@$00@@V?$allocator@PAU?$DequeProbeRecord@$00@@@std@@@std@@YAXPAPAU?$DequeProbeRecord@$00@@0AAV?$allocator@PAU?$DequeProbeRecord@$00@@@0@U_Scalar_ptr_iterator_tag@0@@Z,"[""??$_Destroy_range@PAU?$DequeProbeRecord@$00@@V?$allocator@PAU?$DequeProbeRecord@$00@@@std@@@std@@YAXPAPAU?$DequeProbeRecord@$00@@0AAV?$allocator@PAU?$DequeProbeRecord@$00@@@0@U_Scalar_ptr_iterator_tag@0@@Z"",""??$_Destroy_range@PAU?$DequeProbeRecord@$01@@V?$allocator@PAU?$DequeProbeRecord@$01@@@std@@@std@@YAXPAPAU?$DequeProbeRecord@$01@@0AAV?$allocator@PAU?$DequeProbeRecord@$01@@@0@U_Scalar_ptr_iterator_tag@0@@Z"",""??$_Destroy_range@PAU?$DequeProbeRecord@$03@@V?$allocator@PAU?$DequeProbeRecord@$03@@@std@@@std@@YAXPAPAU?$DequeProbeRecord@$03@@0AAV?$allocator@PAU?$DequeProbeRecord@$03@@@0@U_Scalar_ptr_iterator_tag@0@@Z"",""??$_Destroy_range@PAU?$DequeProbeRecord@$07@@V?$allocator@PAU?$DequeProbeRecord@$07@@@std@@@std@@YAXPAPAU?$DequeProbeRecord@$07@@0AAV?$allocator@PAU?$DequeProbeRecord@$07@@@0@U_Scalar_ptr_iterator_tag@0@@Z"",""??$_Destroy_range@PAU?$DequeProbeRecord@$0BA@@@V?$allocator@PAU?$DequeProbeRecord@$0BA@@@@std@@@std@@YAXPAPAU?$DequeProbeRecord@$0BA@@@0AAV?$allocator@PAU?$DequeProbeRecord@$0BA@@@@0@U_Scalar_ptr_iterator_tag@0@@Z"",""??$_Destroy_range@PAU?$DequeProbeRecord@$0CA@@@V?$allocator@PAU?$DequeProbeRecord@$0CA@@@@std@@@std@@YAXPAPAU?$DequeProbeRecord@$0CA@@@0AAV?$allocator@PAU?$DequeProbeRecord@$0CA@@@@0@U_Scalar_ptr_iterator_tag@0@@Z"",""??$_Destroy_range@PAU?$DequeProbeRecord@$0EA@@@V?$allocator@PAU?$DequeProbeRecord@$0EA@@@@std@@@std@@YAXPAPAU?$DequeProbeRecord@$0EA@@@0AAV?$allocator@PAU?$DequeProbeRecord@$0EA@@@@0@U_Scalar_ptr_iterator_tag@0@@Z""]",7178bc05f1e5707e6c3dae3e068488f3df05d53b0e5eb728edd1abc56533f087,7178bc05f1e5707e6c3dae3e068488f3df05d53b0e5eb728edd1abc56533f087,[],0,0x0045CAC0,40,R087
0x00532290,16,??0?$allocator,??0?$allocator@U?$DequeProbeRecord@$00@@@std@@QAE@ABV01@@Z,"[""??0?$allocator@D@std@@QAE@ABV01@@Z"",""??0?$allocator@U?$DequeProbeRecord@$00@@@std@@QAE@ABV01@@Z"",""??0?$allocator@U?$DequeProbeRecord@$01@@@std@@QAE@ABV01@@Z"",""??0?$allocator@U?$DequeProbeRecord@$03@@@std@@QAE@ABV01@@Z"",""??0?$allocator@U?$DequeProbeRecord@$07@@@std@@QAE@ABV01@@Z"",""??0?$allocator@U?$DequeProbeRecord@$0BA@@@@std@@QAE@ABV01@@Z"",""??0?$allocator@U?$DequeProbeRecord@$0CA@@@@std@@QAE@ABV01@@Z"",""??0?$allocator@U?$DequeProbeRecord@$0EA@@@@std@@QAE@ABV01@@Z""]",08591b9c945863c4a421e0123378c589f44fe525fd590f731e33703824d80440,08591b9c945863c4a421e0123378c589f44fe525fd590f731e33703824d80440,[],0,0x00532250,17,R087
0x00532490,16,??0?$allocator,??0?$allocator@U?$DequeProbeRecord@$00@@@std@@QAE@ABV01@@Z,"[""??0?$allocator@D@std@@QAE@ABV01@@Z"",""??0?$allocator@U?$DequeProbeRecord@$00@@@std@@QAE@ABV01@@Z"",""??0?$allocator@U?$DequeProbeRecord@$01@@@std@@QAE@ABV01@@Z"",""??0?$allocator@U?$DequeProbeRecord@$03@@@std@@QAE@ABV01@@Z"",""??0?$allocator@U?$DequeProbeRecord@$07@@@std@@QAE@ABV01@@Z"",""??0?$allocator@U?$DequeProbeRecord@$0BA@@@@std@@QAE@ABV01@@Z"",""??0?$allocator@U?$DequeProbeRecord@$0CA@@@@std@@QAE@ABV01@@Z"",""??0?$allocator@U?$DequeProbeRecord@$0EA@@@@std@@QAE@ABV01@@Z""]",08591b9c945863c4a421e0123378c589f44fe525fd590f731e33703824d80440,08591b9c945863c4a421e0123378c589f44fe525fd590f731e33703824d80440,[],0,0x00532250,40,R087
0x005F8B00,14,??0?$allocator,??0?$allocator@U?$DequeProbeRecord@$00@@@std@@QAE@XZ,"[""??0?$allocator@D@std@@QAE@XZ"",""??0?$allocator@U?$DequeProbeRecord@$00@@@std@@QAE@XZ"",""??0?$allocator@U?$DequeProbeRecord@$01@@@std@@QAE@XZ"",""??0?$allocator@U?$DequeProbeRecord@$03@@@std@@QAE@XZ"",""??0?$allocator@U?$DequeProbeRecord@$07@@@std@@QAE@XZ"",""??0?$allocator@U?$DequeProbeRecord@$0BA@@@@std@@QAE@XZ"",""??0?$allocator@U?$DequeProbeRecord@$0CA@@@@std@@QAE@XZ"",""??0?$allocator@U?$DequeProbeRecord@$0EA@@@@std@@QAE@XZ""]",befca35709395b425403c72a706d2f3c715162ad22664d93df30e0255a4d4e8c,befca35709395b425403c72a706d2f3c715162ad22664d93df30e0255a4d4e8c,[],0,0x005F8040,13,R087
0x005F92C0,16,??0?$allocator,??0?$allocator@U?$DequeProbeRecord@$00@@@std@@QAE@ABV01@@Z,"[""??0?$allocator@D@std@@QAE@ABV01@@Z"",""??0?$allocator@U?$DequeProbeRecord@$00@@@std@@QAE@ABV01@@Z"",""??0?$allocator@U?$DequeProbeRecord@$01@@@std@@QAE@ABV01@@Z"",""??0?$allocator@U?$DequeProbeRecord@$03@@@std@@QAE@ABV01@@Z"",""??0?$allocator@U?$DequeProbeRecord@$07@@@std@@QAE@ABV01@@Z"",""??0?$allocator@U?$DequeProbeRecord@$0BA@@@@std@@QAE@ABV01@@Z"",""??0?$allocator@U?$DequeProbeRecord@$0CA@@@@std@@QAE@ABV01@@Z"",""??0?$allocator@U?$DequeProbeRecord@$0EA@@@@std@@QAE@ABV01@@Z""]",08591b9c945863c4a421e0123378c589f44fe525fd590f731e33703824d80440,08591b9c945863c4a421e0123378c589f44fe525fd590f731e33703824d80440,[],0,0x005F8AC0,17,R087
0x005FA5A0,11,??$_Ptr_cat,??$_Ptr_cat@U?$DequeProbeRecord@$00@@@std@@YA?AU_Scalar_ptr_iterator_tag@0@PAPAU?$DequeProbeRecord@$00@@0@Z,"[""??$_Ptr_cat@U?$DequeProbeRecord@$00@@@std@@YA?AU_Scalar_ptr_iterator_tag@0@PAPAU?$DequeProbeRecord@$00@@0@Z"",""??$_Ptr_cat@U?$DequeProbeRecord@$01@@@std@@YA?AU_Scalar_ptr_iterator_tag@0@PAPAU?$DequeProbeRecord@$01@@0@Z"",""??$_Ptr_cat@U?$DequeProbeRecord@$03@@@std@@YA?AU_Scalar_ptr_iterator_tag@0@PAPAU?$DequeProbeRecord@$03@@0@Z"",""??$_Ptr_cat@U?$DequeProbeRecord@$07@@@std@@YA?AU_Scalar_ptr_iterator_tag@0@PAPAU?$DequeProbeRecord@$07@@0@Z"",""??$_Ptr_cat@U?$DequeProbeRecord@$0BA@@@@std@@YA?AU_Scalar_ptr_iterator_tag@0@PAPAU?$DequeProbeRecord@$0BA@@@0@Z"",""??$_Ptr_cat@U?$DequeProbeRecord@$0CA@@@@std@@YA?AU_Scalar_ptr_iterator_tag@0@PAPAU?$DequeProbeRecord@$0CA@@@0@Z"",""??$_Ptr_cat@U?$DequeProbeRecord@$0EA@@@@std@@YA?AU_Scalar_ptr_iterator_tag@0@PAPAU?$DequeProbeRecord@$0EA@@@0@Z""]",125af26ed15ea5e17205bbf1df6e31eeb82f0d79055557b9a04ec8a39e8679a8,125af26ed15ea5e17205bbf1df6e31eeb82f0d79055557b9a04ec8a39e8679a8,[],0,0x005FA050,13,R087
0x005FA610,5,??$_Destroy_range,??$_Destroy_range@PAU?$DequeProbeRecord@$00@@V?$allocator@PAU?$DequeProbeRecord@$00@@@std@@@std@@YAXPAPAU?$DequeProbeRecord@$00@@0AAV?$allocator@PAU?$DequeProbeRecord@$00@@@0@U_Scalar_ptr_iterator_tag@0@@Z,"[""??$_Destroy_range@PAU?$DequeProbeRecord@$00@@V?$allocator@PAU?$DequeProbeRecord@$00@@@std@@@std@@YAXPAPAU?$DequeProbeRecord@$00@@0AAV?$allocator@PAU?$DequeProbeRecord@$00@@@0@U_Scalar_ptr_iterator_tag@0@@Z"",""??$_Destroy_range@PAU?$DequeProbeRecord@$01@@V?$allocator@PAU?$DequeProbeRecord@$01@@@std@@@std@@YAXPAPAU?$DequeProbeRecord@$01@@0AAV?$allocator@PAU?$DequeProbeRecord@$01@@@0@U_Scalar_ptr_iterator_tag@0@@Z"",""??$_Destroy_range@PAU?$DequeProbeRecord@$03@@V?$allocator@PAU?$DequeProbeRecord@$03@@@std@@@std@@YAXPAPAU?$DequeProbeRecord@$03@@0AAV?$allocator@PAU?$DequeProbeRecord@$03@@@0@U_Scalar_ptr_iterator_tag@0@@Z"",""??$_Destroy_range@PAU?$DequeProbeRecord@$07@@V?$allocator@PAU?$DequeProbeRecord@$07@@@std@@@std@@YAXPAPAU?$DequeProbeRecord@$07@@0AAV?$allocator@PAU?$DequeProbeRecord@$07@@@0@U_Scalar_ptr_iterator_tag@0@@Z"",""??$_Destroy_range@PAU?$DequeProbeRecord@$0BA@@@V?$allocator@PAU?$DequeProbeRecord@$0BA@@@@std@@@std@@YAXPAPAU?$DequeProbeRecord@$0BA@@@0AAV?$allocator@PAU?$DequeProbeRecord@$0BA@@@@0@U_Scalar_ptr_iterator_tag@0@@Z"",""??$_Destroy_range@PAU?$DequeProbeRecord@$0CA@@@V?$allocator@PAU?$DequeProbeRecord@$0CA@@@@std@@@std@@YAXPAPAU?$DequeProbeRecord@$0CA@@@0AAV?$allocator@PAU?$DequeProbeRecord@$0CA@@@@0@U_Scalar_ptr_iterator_tag@0@@Z"",""??$_Destroy_range@PAU?$DequeProbeRecord@$0EA@@@V?$allocator@PAU?$DequeProbeRecord@$0EA@@@@std@@@std@@YAXPAPAU?$DequeProbeRecord@$0EA@@@0AAV?$allocator@PAU?$DequeProbeRecord@$0EA@@@@0@U_Scalar_ptr_iterator_tag@0@@Z""]",7178bc05f1e5707e6c3dae3e068488f3df05d53b0e5eb728edd1abc56533f087,7178bc05f1e5707e6c3dae3e068488f3df05d53b0e5eb728edd1abc56533f087,[],0,0x005FA0D0,40,R087
0x005FA6B0,11,??$_Ptr_cat,??$_Ptr_cat@U?$DequeProbeRecord@$00@@@std@@YA?AU_Scalar_ptr_iterator_tag@0@PAPAU?$DequeProbeRecord@$00@@0@Z,"[""??$_Ptr_cat@U?$DequeProbeRecord@$00@@@std@@YA?AU_Scalar_ptr_iterator_tag@0@PAPAU?$DequeProbeRecord@$00@@0@Z"",""??$_Ptr_cat@U?$DequeProbeRecord@$01@@@std@@YA?AU_Scalar_ptr_iterator_tag@0@PAPAU?$DequeProbeRecord@$01@@0@Z"",""??$_Ptr_cat@U?$DequeProbeRecord@$03@@@std@@YA?AU_Scalar_ptr_iterator_tag@0@PAPAU?$DequeProbeRecord@$03@@0@Z"",""??$_Ptr_cat@U?$DequeProbeRecord@$07@@@std@@YA?AU_Scalar_ptr_iterator_tag@0@PAPAU?$DequeProbeRecord@$07@@0@Z"",""??$_Ptr_cat@U?$DequeProbeRecord@$0BA@@@@std@@YA?AU_Scalar_ptr_iterator_tag@0@PAPAU?$DequeProbeRecord@$0BA@@@0@Z"",""??$_Ptr_cat@U?$DequeProbeRecord@$0CA@@@@std@@YA?AU_Scalar_ptr_iterator_tag@0@PAPAU?$DequeProbeRecord@$0CA@@@0@Z"",""??$_Ptr_cat@U?$DequeProbeRecord@$0EA@@@@std@@YA?AU_Scalar_ptr_iterator_tag@0@PAPAU?$DequeProbeRecord@$0EA@@@0@Z""]",125af26ed15ea5e17205bbf1df6e31eeb82f0d79055557b9a04ec8a39e8679a8,125af26ed15ea5e17205bbf1df6e31eeb82f0d79055557b9a04ec8a39e8679a8,[],0,0x005FA290,13,R087
0x005FA700,5,??$_Destroy_range,??$_Destroy_range@PAU?$DequeProbeRecord@$00@@V?$allocator@PAU?$DequeProbeRecord@$00@@@std@@@std@@YAXPAPAU?$DequeProbeRecord@$00@@0AAV?$allocator@PAU?$DequeProbeRecord@$00@@@0@U_Scalar_ptr_iterator_tag@0@@Z,"[""??$_Destroy_range@PAU?$DequeProbeRecord@$00@@V?$allocator@PAU?$DequeProbeRecord@$00@@@std@@@std@@YAXPAPAU?$DequeProbeRecord@$00@@0AAV?$allocator@PAU?$DequeProbeRecord@$00@@@0@U_Scalar_ptr_iterator_tag@0@@Z"",""??$_Destroy_range@PAU?$DequeProbeRecord@$01@@V?$allocator@PAU?$DequeProbeRecord@$01@@@std@@@std@@YAXPAPAU?$DequeProbeRecord@$01@@0AAV?$allocator@PAU?$DequeProbeRecord@$01@@@0@U_Scalar_ptr_iterator_tag@0@@Z"",""??$_Destroy_range@PAU?$DequeProbeRecord@$03@@V?$allocator@PAU?$DequeProbeRecord@$03@@@std@@@std@@YAXPAPAU?$DequeProbeRecord@$03@@0AAV?$allocator@PAU?$DequeProbeRecord@$03@@@0@U_Scalar_ptr_iterator_tag@0@@Z"",""??$_Destroy_range@PAU?$DequeProbeRecord@$07@@V?$allocator@PAU?$DequeProbeRecord@$07@@@std@@@std@@YAXPAPAU?$DequeProbeRecord@$07@@0AAV?$allocator@PAU?$DequeProbeRecord@$07@@@0@U_Scalar_ptr_iterator_tag@0@@Z"",""??$_Destroy_range@PAU?$DequeProbeRecord@$0BA@@@V?$allocator@PAU?$DequeProbeRecord@$0BA@@@@std@@@std@@YAXPAPAU?$DequeProbeRecord@$0BA@@@0AAV?$allocator@PAU?$DequeProbeRecord@$0BA@@@@0@U_Scalar_ptr_iterator_tag@0@@Z"",""??$_Destroy_range@PAU?$DequeProbeRecord@$0CA@@@V?$allocator@PAU?$DequeProbeRecord@$0CA@@@@std@@@std@@YAXPAPAU?$DequeProbeRecord@$0CA@@@0AAV?$allocator@PAU?$DequeProbeRecord@$0CA@@@@0@U_Scalar_ptr_iterator_tag@0@@Z"",""??$_Destroy_range@PAU?$DequeProbeRecord@$0EA@@@V?$allocator@PAU?$DequeProbeRecord@$0EA@@@@std@@@std@@YAXPAPAU?$DequeProbeRecord@$0EA@@@0AAV?$allocator@PAU?$DequeProbeRecord@$0EA@@@@0@U_Scalar_ptr_iterator_tag@0@@Z""]",7178bc05f1e5707e6c3dae3e068488f3df05d53b0e5eb728edd1abc56533f087,7178bc05f1e5707e6c3dae3e068488f3df05d53b0e5eb728edd1abc56533f087,[],0,0x005FA290,40,R087
