address,size,family_key,coff_symbol,matching_symbols,source_sha256,body_sha256,relocation_bindings,indirect_call_count,callee_address,callee_file,callee_source_symbol,callee_source_sha256,callee_body_sha256,callee_relocation_bindings,callee_indirect_call_count,evidence_id
0x00409470,29,?assign,?assign@?$vector@KV?$allocator@K@std@@@std@@QAEXIABK@Z,"[""?assign@?$vector@EV?$allocator@E@std@@@std@@QAEXIABE@Z"",""?assign@?$vector@GV?$allocator@G@std@@@std@@QAEXIABG@Z"",""?assign@?$vector@KV?$allocator@K@std@@@std@@QAEXIABK@Z"",""?assign@?$vector@MV?$allocator@M@std@@@std@@QAEXIABM@Z"",""?assign@?$vector@NV?$allocator@N@std@@@std@@QAEXIABN@Z"",""?assign@?$vector@PAXV?$allocator@PAX@std@@@std@@QAEXIABQAX@Z"",""?assign@?$vector@U?$VectorOperationRecord@$00@@V?$allocator@U?$VectorOperationRecord@$00@@@std@@@std@@QAEXIABU?$VectorOperationRecord@$00@@@Z"",""?assign@?$vector@U?$VectorOperationRecord@$01@@V?$allocator@U?$VectorOperationRecord@$01@@@std@@@std@@QAEXIABU?$VectorOperationRecord@$01@@@Z"",""?assign@?$vector@U?$VectorOperationRecord@$03@@V?$allocator@U?$VectorOperationRecord@$03@@@std@@@std@@QAEXIABU?$VectorOperationRecord@$03@@@Z"",""?assign@?$vector@U?$VectorOperationRecord@$07@@V?$allocator@U?$VectorOperationRecord@$07@@@std@@@std@@QAEXIABU?$VectorOperationRecord@$07@@@Z"",""?assign@?$vector@U?$VectorOperationRecord@$0BA@@@V?$allocator@U?$VectorOperationRecord@$0BA@@@@std@@@std@@QAEXIABU?$VectorOperationRecord@$0BA@@@@Z"",""?assign@?$vector@U?$VectorOperationRecord@$0CA@@@V?$allocator@U?$VectorOperationRecord@$0CA@@@@std@@@std@@QAEXIABU?$VectorOperationRecord@$0CA@@@@Z"",""?assign@?$vector@U?$VectorOperationRecord@$0CM@@@V?$allocator@U?$VectorOperationRecord@$0CM@@@@std@@@std@@QAEXIABU?$VectorOperationRecord@$0CM@@@@Z"",""?assign@?$vector@U?$VectorOperationRecord@$0EA@@@V?$allocator@U?$VectorOperationRecord@$0EA@@@@std@@@std@@QAEXIABU?$VectorOperationRecord@$0EA@@@@Z"",""?assign@?$vector@U?$VectorOperationRecord@$0FA@@@V?$allocator@U?$VectorOperationRecord@$0FA@@@@std@@@std@@QAEXIABU?$VectorOperationRecord@$0FA@@@@Z"",""?assign@?$vector@U?$VectorOperationRecord@$0HE@@@V?$allocator@U?$VectorOperationRecord@$0HE@@@@std@@@std@@QAEXIABU?$VectorOperationRecord@$0HE@@@@Z""]",e4b170f15303954757c2f904773126c68f3f4c716f7816dbee887451c8cbea99,34bc2b26ce3e314c91175c01390af16a697feabc4fd277d2a718356aa8935f73,"[{""offset"":19,""type"":""REL32"",""symbol"":""?_Assign_n@?$vector@KV?$allocator@K@std@@@std@@IAEXIABK@Z"",""addend"":0,""target_address"":""0x00409780""}]",0,0x00409780,vendor-additional-record-origins.csv,?_Assign_n@?$vector@KV?$allocator@K@std@@@std@@IAEXIABK@Z,0d26e5ac42638143fa8529f2d6210b130b335f89125ebc4deed72b4f0b3458bf,b26f411e6843993bf4f4827807202f5f2fe5b10096a4e0e05f8f141b413d74c9,"[{""offset"":25,""type"":""REL32"",""symbol"":""?end@?$vector@KV?$allocator@K@std@@@std@@QAE?AViterator@12@XZ"",""addend"":0,""target_address"":""0x00409E60""},{""offset"":40,""type"":""REL32"",""symbol"":""?begin@?$vector@KV?$allocator@K@std@@@std@@QAE?AViterator@12@XZ"",""addend"":0,""target_address"":""0x00409760""},{""offset"":55,""type"":""REL32"",""symbol"":""?erase@?$vector@KV?$allocator@K@std@@@std@@QAE?AViterator@12@V312@0@Z"",""addend"":0,""target_address"":""0x00409ED0""},{""offset"":75,""type"":""REL32"",""symbol"":""?begin@?$vector@KV?$allocator@K@std@@@std@@QAE?AViterator@12@XZ"",""addend"":0,""target_address"":""0x00409760""},{""offset"":86,""type"":""REL32"",""symbol"":""?insert@?$vector@KV?$allocator@K@std@@@std@@QAEXViterator@12@IABK@Z"",""addend"":0,""target_address"":""0x00409EA0""}]",0,R095
0x00409DA0,45,??Hiterator,??Hiterator@?$vector@KV?$allocator@K@std@@@std@@QBE?AV012@H@Z,"[""??Hiterator@?$vector@EV?$allocator@E@std@@@std@@QBE?AV012@H@Z"",""??Hiterator@?$vector@GV?$allocator@G@std@@@std@@QBE?AV012@H@Z"",""??Hiterator@?$vector@KV?$allocator@K@std@@@std@@QBE?AV012@H@Z"",""??Hiterator@?$vector@MV?$allocator@M@std@@@std@@QBE?AV012@H@Z"",""??Hiterator@?$vector@NV?$allocator@N@std@@@std@@QBE?AV012@H@Z"",""??Hiterator@?$vector@PAXV?$allocator@PAX@std@@@std@@QBE?AV012@H@Z"",""??Hiterator@?$vector@U?$VectorOperationRecord@$00@@V?$allocator@U?$VectorOperationRecord@$00@@@std@@@std@@QBE?AV012@H@Z"",""??Hiterator@?$vector@U?$VectorOperationRecord@$01@@V?$allocator@U?$VectorOperationRecord@$01@@@std@@@std@@QBE?AV012@H@Z"",""??Hiterator@?$vector@U?$VectorOperationRecord@$03@@V?$allocator@U?$VectorOperationRecord@$03@@@std@@@std@@QBE?AV012@H@Z"",""??Hiterator@?$vector@U?$VectorOperationRecord@$07@@V?$allocator@U?$VectorOperationRecord@$07@@@std@@@std@@QBE?AV012@H@Z"",""??Hiterator@?$vector@U?$VectorOperationRecord@$0BA@@@V?$allocator@U?$VectorOperationRecord@$0BA@@@@std@@@std@@QBE?AV012@H@Z"",""??Hiterator@?$vector@U?$VectorOperationRecord@$0CA@@@V?$allocator@U?$VectorOperationRecord@$0CA@@@@std@@@std@@QBE?AV012@H@Z"",""??Hiterator@?$vector@U?$VectorOperationRecord@$0CM@@@V?$allocator@U?$VectorOperationRecord@$0CM@@@@std@@@std@@QBE?AV012@H@Z"",""??Hiterator@?$vector@U?$VectorOperationRecord@$0EA@@@V?$allocator@U?$VectorOperationRecord@$0EA@@@@std@@@std@@QBE?AV012@H@Z"",""??Hiterator@?$vector@U?$VectorOperationRecord@$0FA@@@V?$allocator@U?$VectorOperationRecord@$0FA@@@@std@@@std@@QBE?AV012@H@Z"",""??Hiterator@?$vector@U?$VectorOperationRecord@$0HE@@@V?$allocator@U?$VectorOperationRecord@$0HE@@@@std@@@std@@QBE?AV012@H@Z""]",17b7c3ed41ad517cd3acb5efb05da7099a01f2bfdfc835c18427cf5361d45a1f,f1a1b570111039f5528d8e9f16dbde94aa523649c1a80459fbcfff1d6964c77f,"[{""offset"":25,""type"":""REL32"",""symbol"":""??Yiterator@?$vector@KV?$allocator@K@std@@@std@@QAEAAV012@H@Z"",""addend"":0,""target_address"":""0x0040A140""}]",0,0x0040A140,vendor-identical-origin-evidence.csv,??Yiterator@?$vector@KV?$allocator@K@std@@@std@@QAEAAV012@H@Z,587ef1015cec43df958c885b305d15893812d7f26e607cc65e1832ac382bae85,587ef1015cec43df958c885b305d15893812d7f26e607cc65e1832ac382bae85,[],0,R095
0x0040DF20,29,?assign,?assign@?$vector@KV?$allocator@K@std@@@std@@QAEXIABK@Z,"[""?assign@?$vector@EV?$allocator@E@std@@@std@@QAEXIABE@Z"",""?assign@?$vector@GV?$allocator@G@std@@@std@@QAEXIABG@Z"",""?assign@?$vector@KV?$allocator@K@std@@@std@@QAEXIABK@Z"",""?assign@?$vector@MV?$allocator@M@std@@@std@@QAEXIABM@Z"",""?assign@?$vector@NV?$allocator@N@std@@@std@@QAEXIABN@Z"",""?assign@?$vector@PAXV?$allocator@PAX@std@@@std@@QAEXIABQAX@Z"",""?assign@?$vector@U?$VectorOperationRecord@$00@@V?$allocator@U?$VectorOperationRecord@$00@@@std@@@std@@QAEXIABU?$VectorOperationRecord@$00@@@Z"",""?assign@?$vector@U?$VectorOperationRecord@$01@@V?$allocator@U?$VectorOperationRecord@$01@@@std@@@std@@QAEXIABU?$VectorOperationRecord@$01@@@Z"",""?assign@?$vector@U?$VectorOperationRecord@$03@@V?$allocator@U?$VectorOperationRecord@$03@@@std@@@std@@QAEXIABU?$VectorOperationRecord@$03@@@Z"",""?assign@?$vector@U?$VectorOperationRecord@$07@@V?$allocator@U?$VectorOperationRecord@$07@@@std@@@std@@QAEXIABU?$VectorOperationRecord@$07@@@Z"",""?assign@?$vector@U?$VectorOperationRecord@$0BA@@@V?$allocator@U?$VectorOperationRecord@$0BA@@@@std@@@std@@QAEXIABU?$VectorOperationRecord@$0BA@@@@Z"",""?assign@?$vector@U?$VectorOperationRecord@$0CA@@@V?$allocator@U?$VectorOperationRecord@$0CA@@@@std@@@std@@QAEXIABU?$VectorOperationRecord@$0CA@@@@Z"",""?assign@?$vector@U?$VectorOperationRecord@$0CM@@@V?$allocator@U?$VectorOperationRecord@$0CM@@@@std@@@std@@QAEXIABU?$VectorOperationRecord@$0CM@@@@Z"",""?assign@?$vector@U?$VectorOperationRecord@$0EA@@@V?$allocator@U?$VectorOperationRecord@$0EA@@@@std@@@std@@QAEXIABU?$VectorOperationRecord@$0EA@@@@Z"",""?assign@?$vector@U?$VectorOperationRecord@$0FA@@@V?$allocator@U?$VectorOperationRecord@$0FA@@@@std@@@std@@QAEXIABU?$VectorOperationRecord@$0FA@@@@Z"",""?assign@?$vector@U?$VectorOperationRecord@$0HE@@@V?$allocator@U?$VectorOperationRecord@$0HE@@@@std@@@std@@QAEXIABU?$VectorOperationRecord@$0HE@@@@Z""]",e4b170f15303954757c2f904773126c68f3f4c716f7816dbee887451c8cbea99,5e9aad9b027890059063e56391b517546d6eb91d8eb124900dee222e56026235,"[{""offset"":19,""type"":""REL32"",""symbol"":""?_Assign_n@?$vector@KV?$allocator@K@std@@@std@@IAEXIABK@Z"",""addend"":0,""target_address"":""0x0040E210""}]",0,0x0040E210,vendor-additional-record-origins.csv,?_Assign_n@?$vector@KV?$allocator@K@std@@@std@@IAEXIABK@Z,0d26e5ac42638143fa8529f2d6210b130b335f89125ebc4deed72b4f0b3458bf,321a71d4777aaaa47d57aed038c7b1d45d349e082692c87fff6d06bec03ef574,"[{""offset"":25,""type"":""REL32"",""symbol"":""?end@?$vector@KV?$allocator@K@std@@@std@@QAE?AViterator@12@XZ"",""addend"":0,""target_address"":""0x0040E680""},{""offset"":40,""type"":""REL32"",""symbol"":""?begin@?$vector@KV?$allocator@K@std@@@std@@QAE?AViterator@12@XZ"",""addend"":0,""target_address"":""0x0040E1F0""},{""offset"":55,""type"":""REL32"",""symbol"":""?erase@?$vector@KV?$allocator@K@std@@@std@@QAE?AViterator@12@V312@0@Z"",""addend"":0,""target_address"":""0x0040E6F0""},{""offset"":75,""type"":""REL32"",""symbol"":""?begin@?$vector@KV?$allocator@K@std@@@std@@QAE?AViterator@12@XZ"",""addend"":0,""target_address"":""0x0040E1F0""},{""offset"":86,""type"":""REL32"",""symbol"":""?insert@?$vector@KV?$allocator@K@std@@@std@@QAEXViterator@12@IABK@Z"",""addend"":0,""target_address"":""0x0040E6C0""}]",0,R095
0x0040E550,45,??Hiterator,??Hiterator@?$vector@KV?$allocator@K@std@@@std@@QBE?AV012@H@Z,"[""??Hiterator@?$vector@EV?$allocator@E@std@@@std@@QBE?AV012@H@Z"",""??Hiterator@?$vector@GV?$allocator@G@std@@@std@@QBE?AV012@H@Z"",""??Hiterator@?$vector@KV?$allocator@K@std@@@std@@QBE?AV012@H@Z"",""??Hiterator@?$vector@MV?$allocator@M@std@@@std@@QBE?AV012@H@Z"",""??Hiterator@?$vector@NV?$allocator@N@std@@@std@@QBE?AV012@H@Z"",""??Hiterator@?$vector@PAXV?$allocator@PAX@std@@@std@@QBE?AV012@H@Z"",""??Hiterator@?$vector@U?$VectorOperationRecord@$00@@V?$allocator@U?$VectorOperationRecord@$00@@@std@@@std@@QBE?AV012@H@Z"",""??Hiterator@?$vector@U?$VectorOperationRecord@$01@@V?$allocator@U?$VectorOperationRecord@$01@@@std@@@std@@QBE?AV012@H@Z"",""??Hiterator@?$vector@U?$VectorOperationRecord@$03@@V?$allocator@U?$VectorOperationRecord@$03@@@std@@@std@@QBE?AV012@H@Z"",""??Hiterator@?$vector@U?$VectorOperationRecord@$07@@V?$allocator@U?$VectorOperationRecord@$07@@@std@@@std@@QBE?AV012@H@Z"",""??Hiterator@?$vector@U?$VectorOperationRecord@$0BA@@@V?$allocator@U?$VectorOperationRecord@$0BA@@@@std@@@std@@QBE?AV012@H@Z"",""??Hiterator@?$vector@U?$VectorOperationRecord@$0CA@@@V?$allocator@U?$VectorOperationRecord@$0CA@@@@std@@@std@@QBE?AV012@H@Z"",""??Hiterator@?$vector@U?$VectorOperationRecord@$0CM@@@V?$allocator@U?$VectorOperationRecord@$0CM@@@@std@@@std@@QBE?AV012@H@Z"",""??Hiterator@?$vector@U?$VectorOperationRecord@$0EA@@@V?$allocator@U?$VectorOperationRecord@$0EA@@@@std@@@std@@QBE?AV012@H@Z"",""??Hiterator@?$vector@U?$VectorOperationRecord@$0FA@@@V?$allocator@U?$VectorOperationRecord@$0FA@@@@std@@@std@@QBE?AV012@H@Z"",""??Hiterator@?$vector@U?$VectorOperationRecord@$0HE@@@V?$allocator@U?$VectorOperationRecord@$0HE@@@@std@@@std@@QBE?AV012@H@Z""]",17b7c3ed41ad517cd3acb5efb05da7099a01f2bfdfc835c18427cf5361d45a1f,bd959a0e368764420631ee9991a3a8dbe95a3067f872df7244a67a35c122bb24,"[{""offset"":25,""type"":""REL32"",""symbol"":""??Yiterator@?$vector@KV?$allocator@K@std@@@std@@QAEAAV012@H@Z"",""addend"":0,""target_address"":""0x0040EA00""}]",0,0x0040EA00,vendor-identical-origin-evidence.csv,??Yiterator@?$vector@KV?$allocator@K@std@@@std@@QAEAAV012@H@Z,587ef1015cec43df958c885b305d15893812d7f26e607cc65e1832ac382bae85,587ef1015cec43df958c885b305d15893812d7f26e607cc65e1832ac382bae85,[],0,R095
0x00412400,29,?construct,?construct@?$allocator@K@std@@QAEXPAKABK@Z,"[""?construct@?$allocator@E@std@@QAEXPAEABE@Z"",""?construct@?$allocator@G@std@@QAEXPAGABG@Z"",""?construct@?$allocator@K@std@@QAEXPAKABK@Z"",""?construct@?$allocator@M@std@@QAEXPAMABM@Z"",""?construct@?$allocator@N@std@@QAEXPANABN@Z"",""?construct@?$allocator@PAX@std@@QAEXPAPAXABQAX@Z"",""?construct@?$allocator@U?$VectorOperationRecord@$00@@@std@@QAEXPAU?$VectorOperationRecord@$00@@ABU3@@Z"",""?construct@?$allocator@U?$VectorOperationRecord@$01@@@std@@QAEXPAU?$VectorOperationRecord@$01@@ABU3@@Z"",""?construct@?$allocator@U?$VectorOperationRecord@$03@@@std@@QAEXPAU?$VectorOperationRecord@$03@@ABU3@@Z"",""?construct@?$allocator@U?$VectorOperationRecord@$07@@@std@@QAEXPAU?$VectorOperationRecord@$07@@ABU3@@Z"",""?construct@?$allocator@U?$VectorOperationRecord@$0BA@@@@std@@QAEXPAU?$VectorOperationRecord@$0BA@@@ABU3@@Z"",""?construct@?$allocator@U?$VectorOperationRecord@$0CA@@@@std@@QAEXPAU?$VectorOperationRecord@$0CA@@@ABU3@@Z"",""?construct@?$allocator@U?$VectorOperationRecord@$0CM@@@@std@@QAEXPAU?$VectorOperationRecord@$0CM@@@ABU3@@Z"",""?construct@?$allocator@U?$VectorOperationRecord@$0EA@@@@std@@QAEXPAU?$VectorOperationRecord@$0EA@@@ABU3@@Z"",""?construct@?$allocator@U?$VectorOperationRecord@$0FA@@@@std@@QAEXPAU?$VectorOperationRecord@$0FA@@@ABU3@@Z"",""?construct@?$allocator@U?$VectorOperationRecord@$0HE@@@@std@@QAEXPAU?$VectorOperationRecord@$0HE@@@ABU3@@Z""]",7c6d9fb49bf679d9ce24e0ea5fcdcc441c4a612bbc57f5c6c01fdb7e501bdce0,2af892ea5bc823609f64fa7518447613ccc29ec88bc50a1410847bee7dc2c2dc,"[{""offset"":16,""type"":""REL32"",""symbol"":""??$_Construct@KK@std@@YAXPAKABK@Z"",""addend"":0,""target_address"":""0x004125C0""}]",0,0x004125C0,vendor-vector-operation-origins.csv,??$_Construct@KK@std@@YAXPAKABK@Z,24f1d0a69aa45acf223eaf081cc89ba72079b3d0a97ba12d7cf72e887ce79227,c84bff71923d523d3f68ef4fcc05f18f51228ed84b197c5b8541a4e05a713c87,"[{""offset"":13,""type"":""REL32"",""symbol"":""??2@YAPAXIPAX@Z"",""addend"":0,""target_address"":""0x004063D0""}]",0,R095
0x0041F110,29,?construct,?construct@?$allocator@K@std@@QAEXPAKABK@Z,"[""?construct@?$allocator@E@std@@QAEXPAEABE@Z"",""?construct@?$allocator@G@std@@QAEXPAGABG@Z"",""?construct@?$allocator@K@std@@QAEXPAKABK@Z"",""?construct@?$allocator@M@std@@QAEXPAMABM@Z"",""?construct@?$allocator@N@std@@QAEXPANABN@Z"",""?construct@?$allocator@PAX@std@@QAEXPAPAXABQAX@Z"",""?construct@?$allocator@U?$VectorOperationRecord@$00@@@std@@QAEXPAU?$VectorOperationRecord@$00@@ABU3@@Z"",""?construct@?$allocator@U?$VectorOperationRecord@$01@@@std@@QAEXPAU?$VectorOperationRecord@$01@@ABU3@@Z"",""?construct@?$allocator@U?$VectorOperationRecord@$03@@@std@@QAEXPAU?$VectorOperationRecord@$03@@ABU3@@Z"",""?construct@?$allocator@U?$VectorOperationRecord@$07@@@std@@QAEXPAU?$VectorOperationRecord@$07@@ABU3@@Z"",""?construct@?$allocator@U?$VectorOperationRecord@$0BA@@@@std@@QAEXPAU?$VectorOperationRecord@$0BA@@@ABU3@@Z"",""?construct@?$allocator@U?$VectorOperationRecord@$0CA@@@@std@@QAEXPAU?$VectorOperationRecord@$0CA@@@ABU3@@Z"",""?construct@?$allocator@U?$VectorOperationRecord@$0CM@@@@std@@QAEXPAU?$VectorOperationRecord@$0CM@@@ABU3@@Z"",""?construct@?$allocator@U?$VectorOperationRecord@$0EA@@@@std@@QAEXPAU?$VectorOperationRecord@$0EA@@@ABU3@@Z"",""?construct@?$allocator@U?$VectorOperationRecord@$0FA@@@@std@@QAEXPAU?$VectorOperationRecord@$0FA@@@ABU3@@Z"",""?construct@?$allocator@U?$VectorOperationRecord@$0HE@@@@std@@QAEXPAU?$VectorOperationRecord@$0HE@@@ABU3@@Z""]",7c6d9fb49bf679d9ce24e0ea5fcdcc441c4a612bbc57f5c6c01fdb7e501bdce0,21308f74c60e0eada2b1e20673a3963f5b494662cf1d78af6efd208a0c6956c0,"[{""offset"":16,""type"":""REL32"",""symbol"":""??$_Construct@KK@std@@YAXPAKABK@Z"",""addend"":0,""target_address"":""0x0041FDB0""}]",0,0x0041FDB0,vendor-vector-operation-origins.csv,??$_Construct@KK@std@@YAXPAKABK@Z,24f1d0a69aa45acf223eaf081cc89ba72079b3d0a97ba12d7cf72e887ce79227,dc376f54097e70836ff6a2cecac698b5915608f187f5e100a7a764800997bdf7,"[{""offset"":13,""type"":""REL32"",""symbol"":""??2@YAPAXIPAX@Z"",""addend"":0,""target_address"":""0x004063D0""}]",0,R095
0x004422F0,45,??Hiterator,??Hiterator@?$vector@KV?$allocator@K@std@@@std@@QBE?AV012@H@Z,"[""??Hiterator@?$vector@EV?$allocator@E@std@@@std@@QBE?AV012@H@Z"",""??Hiterator@?$vector@GV?$allocator@G@std@@@std@@QBE?AV012@H@Z"",""??Hiterator@?$vector@KV?$allocator@K@std@@@std@@QBE?AV012@H@Z"",""??Hiterator@?$vector@MV?$allocator@M@std@@@std@@QBE?AV012@H@Z"",""??Hiterator@?$vector@NV?$allocator@N@std@@@std@@QBE?AV012@H@Z"",""??Hiterator@?$vector@PAXV?$allocator@PAX@std@@@std@@QBE?AV012@H@Z"",""??Hiterator@?$vector@U?$VectorOperationRecord@$00@@V?$allocator@U?$VectorOperationRecord@$00@@@std@@@std@@QBE?AV012@H@Z"",""??Hiterator@?$vector@U?$VectorOperationRecord@$01@@V?$allocator@U?$VectorOperationRecord@$01@@@std@@@std@@QBE?AV012@H@Z"",""??Hiterator@?$vector@U?$VectorOperationRecord@$03@@V?$allocator@U?$VectorOperationRecord@$03@@@std@@@std@@QBE?AV012@H@Z"",""??Hiterator@?$vector@U?$VectorOperationRecord@$07@@V?$allocator@U?$VectorOperationRecord@$07@@@std@@@std@@QBE?AV012@H@Z"",""??Hiterator@?$vector@U?$VectorOperationRecord@$0BA@@@V?$allocator@U?$VectorOperationRecord@$0BA@@@@std@@@std@@QBE?AV012@H@Z"",""??Hiterator@?$vector@U?$VectorOperationRecord@$0CA@@@V?$allocator@U?$VectorOperationRecord@$0CA@@@@std@@@std@@QBE?AV012@H@Z"",""??Hiterator@?$vector@U?$VectorOperationRecord@$0CM@@@V?$allocator@U?$VectorOperationRecord@$0CM@@@@std@@@std@@QBE?AV012@H@Z"",""??Hiterator@?$vector@U?$VectorOperationRecord@$0EA@@@V?$allocator@U?$VectorOperationRecord@$0EA@@@@std@@@std@@QBE?AV012@H@Z"",""??Hiterator@?$vector@U?$VectorOperationRecord@$0FA@@@V?$allocator@U?$VectorOperationRecord@$0FA@@@@std@@@std@@QBE?AV012@H@Z"",""??Hiterator@?$vector@U?$VectorOperationRecord@$0HE@@@V?$allocator@U?$VectorOperationRecord@$0HE@@@@std@@@std@@QBE?AV012@H@Z""]",17b7c3ed41ad517cd3acb5efb05da7099a01f2bfdfc835c18427cf5361d45a1f,64c8a91706f4ddd87f49df17ab99990e99c338f7e3911d0c73d9baffd414ae18,"[{""offset"":25,""type"":""REL32"",""symbol"":""??Yiterator@?$vector@KV?$allocator@K@std@@@std@@QAEAAV012@H@Z"",""addend"":0,""target_address"":""0x00442390""}]",0,0x00442390,vendor-identical-origin-evidence.csv,??Yiterator@?$vector@KV?$allocator@K@std@@@std@@QAEAAV012@H@Z,587ef1015cec43df958c885b305d15893812d7f26e607cc65e1832ac382bae85,587ef1015cec43df958c885b305d15893812d7f26e607cc65e1832ac382bae85,[],0,R095
0x00458C00,29,?assign,?assign@?$vector@KV?$allocator@K@std@@@std@@QAEXIABK@Z,"[""?assign@?$vector@EV?$allocator@E@std@@@std@@QAEXIABE@Z"",""?assign@?$vector@GV?$allocator@G@std@@@std@@QAEXIABG@Z"",""?assign@?$vector@KV?$allocator@K@std@@@std@@QAEXIABK@Z"",""?assign@?$vector@MV?$allocator@M@std@@@std@@QAEXIABM@Z"",""?assign@?$vector@NV?$allocator@N@std@@@std@@QAEXIABN@Z"",""?assign@?$vector@PAXV?$allocator@PAX@std@@@std@@QAEXIABQAX@Z"",""?assign@?$vector@U?$VectorOperationRecord@$00@@V?$allocator@U?$VectorOperationRecord@$00@@@std@@@std@@QAEXIABU?$VectorOperationRecord@$00@@@Z"",""?assign@?$vector@U?$VectorOperationRecord@$01@@V?$allocator@U?$VectorOperationRecord@$01@@@std@@@std@@QAEXIABU?$VectorOperationRecord@$01@@@Z"",""?assign@?$vector@U?$VectorOperationRecord@$03@@V?$allocator@U?$VectorOperationRecord@$03@@@std@@@std@@QAEXIABU?$VectorOperationRecord@$03@@@Z"",""?assign@?$vector@U?$VectorOperationRecord@$07@@V?$allocator@U?$VectorOperationRecord@$07@@@std@@@std@@QAEXIABU?$VectorOperationRecord@$07@@@Z"",""?assign@?$vector@U?$VectorOperationRecord@$0BA@@@V?$allocator@U?$VectorOperationRecord@$0BA@@@@std@@@std@@QAEXIABU?$VectorOperationRecord@$0BA@@@@Z"",""?assign@?$vector@U?$VectorOperationRecord@$0CA@@@V?$allocator@U?$VectorOperationRecord@$0CA@@@@std@@@std@@QAEXIABU?$VectorOperationRecord@$0CA@@@@Z"",""?assign@?$vector@U?$VectorOperationRecord@$0CM@@@V?$allocator@U?$VectorOperationRecord@$0CM@@@@std@@@std@@QAEXIABU?$VectorOperationRecord@$0CM@@@@Z"",""?assign@?$vector@U?$VectorOperationRecord@$0EA@@@V?$allocator@U?$VectorOperationRecord@$0EA@@@@std@@@std@@QAEXIABU?$VectorOperationRecord@$0EA@@@@Z"",""?assign@?$vector@U?$VectorOperationRecord@$0FA@@@V?$allocator@U?$VectorOperationRecord@$0FA@@@@std@@@std@@QAEXIABU?$VectorOperationRecord@$0FA@@@@Z"",""?assign@?$vector@U?$VectorOperationRecord@$0HE@@@V?$allocator@U?$VectorOperationRecord@$0HE@@@@std@@@std@@QAEXIABU?$VectorOperationRecord@$0HE@@@@Z""]",e4b170f15303954757c2f904773126c68f3f4c716f7816dbee887451c8cbea99,f8dd9993df906aa7c2bb8a009230e47d563f980fb944575e15c773d245cc5866,"[{""offset"":19,""type"":""REL32"",""symbol"":""?_Assign_n@?$vector@KV?$allocator@K@std@@@std@@IAEXIABK@Z"",""addend"":0,""target_address"":""0x00459060""}]",0,0x00459060,vendor-additional-record-origins.csv,?_Assign_n@?$vector@KV?$allocator@K@std@@@std@@IAEXIABK@Z,0d26e5ac42638143fa8529f2d6210b130b335f89125ebc4deed72b4f0b3458bf,4c67d5efc64c18cfe87382d84d241c9700dd5c341db9b878f51de692cccf9e3a,"[{""offset"":25,""type"":""REL32"",""symbol"":""?end@?$vector@KV?$allocator@K@std@@@std@@QAE?AViterator@12@XZ"",""addend"":0,""target_address"":""0x00459A50""},{""offset"":40,""type"":""REL32"",""symbol"":""?begin@?$vector@KV?$allocator@K@std@@@std@@QAE?AViterator@12@XZ"",""addend"":0,""target_address"":""0x004421C0""},{""offset"":55,""type"":""REL32"",""symbol"":""?erase@?$vector@KV?$allocator@K@std@@@std@@QAE?AViterator@12@V312@0@Z"",""addend"":0,""target_address"":""0x00459AC0""},{""offset"":75,""type"":""REL32"",""symbol"":""?begin@?$vector@KV?$allocator@K@std@@@std@@QAE?AViterator@12@XZ"",""addend"":0,""target_address"":""0x004421C0""},{""offset"":86,""type"":""REL32"",""symbol"":""?insert@?$vector@KV?$allocator@K@std@@@std@@QAEXViterator@12@IABK@Z"",""addend"":0,""target_address"":""0x00459A90""}]",0,R095
0x005322C0,29,?construct,?construct@?$allocator@K@std@@QAEXPAKABK@Z,"[""?construct@?$allocator@E@std@@QAEXPAEABE@Z"",""?construct@?$allocator@G@std@@QAEXPAGABG@Z"",""?construct@?$allocator@K@std@@QAEXPAKABK@Z"",""?construct@?$allocator@M@std@@QAEXPAMABM@Z"",""?construct@?$allocator@N@std@@QAEXPANABN@Z"",""?construct@?$allocator@PAX@std@@QAEXPAPAXABQAX@Z"",""?construct@?$allocator@U?$VectorOperationRecord@$00@@@std@@QAEXPAU?$VectorOperationRecord@$00@@ABU3@@Z"",""?construct@?$allocator@U?$VectorOperationRecord@$01@@@std@@QAEXPAU?$VectorOperationRecord@$01@@ABU3@@Z"",""?construct@?$allocator@U?$VectorOperationRecord@$03@@@std@@QAEXPAU?$VectorOperationRecord@$03@@ABU3@@Z"",""?construct@?$allocator@U?$VectorOperationRecord@$07@@@std@@QAEXPAU?$VectorOperationRecord@$07@@ABU3@@Z"",""?construct@?$allocator@U?$VectorOperationRecord@$0BA@@@@std@@QAEXPAU?$VectorOperationRecord@$0BA@@@ABU3@@Z"",""?construct@?$allocator@U?$VectorOperationRecord@$0CA@@@@std@@QAEXPAU?$VectorOperationRecord@$0CA@@@ABU3@@Z"",""?construct@?$allocator@U?$VectorOperationRecord@$0CM@@@@std@@QAEXPAU?$VectorOperationRecord@$0CM@@@ABU3@@Z"",""?construct@?$allocator@U?$VectorOperationRecord@$0EA@@@@std@@QAEXPAU?$VectorOperationRecord@$0EA@@@ABU3@@Z"",""?construct@?$allocator@U?$VectorOperationRecord@$0FA@@@@std@@QAEXPAU?$VectorOperationRecord@$0FA@@@ABU3@@Z"",""?construct@?$allocator@U?$VectorOperationRecord@$0HE@@@@std@@QAEXPAU?$VectorOperationRecord@$0HE@@@ABU3@@Z""]",7c6d9fb49bf679d9ce24e0ea5fcdcc441c4a612bbc57f5c6c01fdb7e501bdce0,7885c2feb3b3a08a0d58eb5d2d461b936953a64980d669b4b11927db9854940c,"[{""offset"":16,""type"":""REL32"",""symbol"":""??$_Construct@KK@std@@YAXPAKABK@Z"",""addend"":0,""target_address"":""0x005324C0""}]",0,0x005324C0,vendor-vector-operation-origins.csv,??$_Construct@KK@std@@YAXPAKABK@Z,24f1d0a69aa45acf223eaf081cc89ba72079b3d0a97ba12d7cf72e887ce79227,4420085dd17bd98dc30aab2161303cc755ef3317ed7e79c08b4122091c9c2742,"[{""offset"":13,""type"":""REL32"",""symbol"":""??2@YAPAXIPAX@Z"",""addend"":0,""target_address"":""0x004063D0""}]",0,R095
0x005F83C0,29,?assign,?assign@?$vector@KV?$allocator@K@std@@@std@@QAEXIABK@Z,"[""?assign@?$vector@EV?$allocator@E@std@@@std@@QAEXIABE@Z"",""?assign@?$vector@GV?$allocator@G@std@@@std@@QAEXIABG@Z"",""?assign@?$vector@KV?$allocator@K@std@@@std@@QAEXIABK@Z"",""?assign@?$vector@MV?$allocator@M@std@@@std@@QAEXIABM@Z"",""?assign@?$vector@NV?$allocator@N@std@@@std@@QAEXIABN@Z"",""?assign@?$vector@PAXV?$allocator@PAX@std@@@std@@QAEXIABQAX@Z"",""?assign@?$vector@U?$VectorOperationRecord@$00@@V?$allocator@U?$VectorOperationRecord@$00@@@std@@@std@@QAEXIABU?$VectorOperationRecord@$00@@@Z"",""?assign@?$vector@U?$VectorOperationRecord@$01@@V?$allocator@U?$VectorOperationRecord@$01@@@std@@@std@@QAEXIABU?$VectorOperationRecord@$01@@@Z"",""?assign@?$vector@U?$VectorOperationRecord@$03@@V?$allocator@U?$VectorOperationRecord@$03@@@std@@@std@@QAEXIABU?$VectorOperationRecord@$03@@@Z"",""?assign@?$vector@U?$VectorOperationRecord@$07@@V?$allocator@U?$VectorOperationRecord@$07@@@std@@@std@@QAEXIABU?$VectorOperationRecord@$07@@@Z"",""?assign@?$vector@U?$VectorOperationRecord@$0BA@@@V?$allocator@U?$VectorOperationRecord@$0BA@@@@std@@@std@@QAEXIABU?$VectorOperationRecord@$0BA@@@@Z"",""?assign@?$vector@U?$VectorOperationRecord@$0CA@@@V?$allocator@U?$VectorOperationRecord@$0CA@@@@std@@@std@@QAEXIABU?$VectorOperationRecord@$0CA@@@@Z"",""?assign@?$vector@U?$VectorOperationRecord@$0CM@@@V?$allocator@U?$VectorOperationRecord@$0CM@@@@std@@@std@@QAEXIABU?$VectorOperationRecord@$0CM@@@@Z"",""?assign@?$vector@U?$VectorOperationRecord@$0EA@@@V?$allocator@U?$VectorOperationRecord@$0EA@@@@std@@@std@@QAEXIABU?$VectorOperationRecord@$0EA@@@@Z"",""?assign@?$vector@U?$VectorOperationRecord@$0FA@@@V?$allocator@U?$VectorOperationRecord@$0FA@@@@std@@@std@@QAEXIABU?$VectorOperationRecord@$0FA@@@@Z"",""?assign@?$vector@U?$VectorOperationRecord@$0HE@@@V?$allocator@U?$VectorOperationRecord@$0HE@@@@std@@@std@@QAEXIABU?$VectorOperationRecord@$0HE@@@@Z""]",e4b170f15303954757c2f904773126c68f3f4c716f7816dbee887451c8cbea99,8db0940c764cc172a04107b8331f22ce4fb21c63c70cd648fb1431bdaeebe5c1,"[{""offset"":19,""type"":""REL32"",""symbol"":""?_Assign_n@?$vector@KV?$allocator@K@std@@@std@@IAEXIABK@Z"",""addend"":0,""target_address"":""0x005F8B70""}]",0,0x005F8B70,vendor-additional-record-origins.csv,?_Assign_n@?$vector@KV?$allocator@K@std@@@std@@IAEXIABK@Z,0d26e5ac42638143fa8529f2d6210b130b335f89125ebc4deed72b4f0b3458bf,c9cbcfd0c4e07b536e47cb8727f44100b81d2895802e2228ec8d46d1d149eaa0,"[{""offset"":25,""type"":""REL32"",""symbol"":""?end@?$vector@KV?$allocator@K@std@@@std@@QAE?AViterator@12@XZ"",""addend"":0,""target_address"":""0x005F9350""},{""offset"":40,""type"":""REL32"",""symbol"":""?begin@?$vector@KV?$allocator@K@std@@@std@@QAE?AViterator@12@XZ"",""addend"":0,""target_address"":""0x005F8B50""},{""offset"":55,""type"":""REL32"",""symbol"":""?erase@?$vector@KV?$allocator@K@std@@@std@@QAE?AViterator@12@V312@0@Z"",""addend"":0,""target_address"":""0x005F93C0""},{""offset"":75,""type"":""REL32"",""symbol"":""?begin@?$vector@KV?$allocator@K@std@@@std@@QAE?AViterator@12@XZ"",""addend"":0,""target_address"":""0x005F8B50""},{""offset"":86,""type"":""REL32"",""symbol"":""?insert@?$vector@KV?$allocator@K@std@@@std@@QAEXViterator@12@IABK@Z"",""addend"":0,""target_address"":""0x005F9390""}]",0,R095
0x005F8EC0,45,??Hiterator,??Hiterator@?$vector@KV?$allocator@K@std@@@std@@QBE?AV012@H@Z,"[""??Hiterator@?$vector@EV?$allocator@E@std@@@std@@QBE?AV012@H@Z"",""??Hiterator@?$vector@GV?$allocator@G@std@@@std@@QBE?AV012@H@Z"",""??Hiterator@?$vector@KV?$allocator@K@std@@@std@@QBE?AV012@H@Z"",""??Hiterator@?$vector@MV?$allocator@M@std@@@std@@QBE?AV012@H@Z"",""??Hiterator@?$vector@NV?$allocator@N@std@@@std@@QBE?AV012@H@Z"",""??Hiterator@?$vector@PAXV?$allocator@PAX@std@@@std@@QBE?AV012@H@Z"",""??Hiterator@?$vector@U?$VectorOperationRecord@$00@@V?$allocator@U?$VectorOperationRecord@$00@@@std@@@std@@QBE?AV012@H@Z"",""??Hiterator@?$vector@U?$VectorOperationRecord@$01@@V?$allocator@U?$VectorOperationRecord@$01@@@std@@@std@@QBE?AV012@H@Z"",""??Hiterator@?$vector@U?$VectorOperationRecord@$03@@V?$allocator@U?$VectorOperationRecord@$03@@@std@@@std@@QBE?AV012@H@Z"",""??Hiterator@?$vector@U?$VectorOperationRecord@$07@@V?$allocator@U?$VectorOperationRecord@$07@@@std@@@std@@QBE?AV012@H@Z"",""??Hiterator@?$vector@U?$VectorOperationRecord@$0BA@@@V?$allocator@U?$VectorOperationRecord@$0BA@@@@std@@@std@@QBE?AV012@H@Z"",""??Hiterator@?$vector@U?$VectorOperationRecord@$0CA@@@V?$allocator@U?$VectorOperationRecord@$0CA@@@@std@@@std@@QBE?AV012@H@Z"",""??Hiterator@?$vector@U?$VectorOperationRecord@$0CM@@@V?$allocator@U?$VectorOperationRecord@$0CM@@@@std@@@std@@QBE?AV012@H@Z"",""??Hiterator@?$vector@U?$VectorOperationRecord@$0EA@@@V?$allocator@U?$VectorOperationRecord@$0EA@@@@std@@@std@@QBE?AV012@H@Z"",""??Hiterator@?$vector@U?$VectorOperationRecord@$0FA@@@V?$allocator@U?$VectorOperationRecord@$0FA@@@@std@@@std@@QBE?AV012@H@Z"",""??Hiterator@?$vector@U?$VectorOperationRecord@$0HE@@@V?$allocator@U?$VectorOperationRecord@$0HE@@@@std@@@std@@QBE?AV012@H@Z""]",17b7c3ed41ad517cd3acb5efb05da7099a01f2bfdfc835c18427cf5361d45a1f,8b5a896c2fea569d6847024cfd028a352e5d23f9845ee37e67decc63482ec361,"[{""offset"":25,""type"":""REL32"",""symbol"":""??Yiterator@?$vector@KV?$allocator@K@std@@@std@@QAEAAV012@H@Z"",""addend"":0,""target_address"":""0x005F9620""}]",0,0x005F9620,vendor-identical-origin-evidence.csv,??Yiterator@?$vector@KV?$allocator@K@std@@@std@@QAEAAV012@H@Z,587ef1015cec43df958c885b305d15893812d7f26e607cc65e1832ac382bae85,587ef1015cec43df958c885b305d15893812d7f26e607cc65e1832ac382bae85,[],0,R095
