address,size,kind,family_key,coff_symbol,matching_symbols,matching_families,source_sha256,body_sha256,relocation_bindings,caller_kind,caller_address,caller_call_offset,evidence_id
0x0040A6A0,28,short,??8const_iterator@?$vector@URecordN@@V?$allocator@URecordN@@@std@@@std@@QBE_NABV012@@Z,??8const_iterator@?$vector@URecord16@@V?$allocator@URecord16@@@std@@@std@@QBE_NABV012@@Z,"[""??8const_iterator@?$vector@URecord116@@V?$allocator@URecord116@@@std@@@std@@QBE_NABV012@@Z"",""??8const_iterator@?$vector@URecord16@@V?$allocator@URecord16@@@std@@@std@@QBE_NABV012@@Z"",""??8const_iterator@?$vector@URecord44@@V?$allocator@URecord44@@@std@@@std@@QBE_NABV012@@Z""]","[""??8const_iterator@?$vector@URecordN@@V?$allocator@URecordN@@@std@@@std@@QBE_NABV012@@Z""]",9fdb7f9f564eb3c2c3ff9d85fcdf500b86787d0463d19f8de067664f9daf43e6,9fdb7f9f564eb3c2c3ff9d85fcdf500b86787d0463d19f8de067664f9daf43e6,[],helper,0x0040A5B0,15,R033
0x0040E9C0,28,short,??8const_iterator@?$vector@URecordN@@V?$allocator@URecordN@@@std@@@std@@QBE_NABV012@@Z,??8const_iterator@?$vector@URecord16@@V?$allocator@URecord16@@@std@@@std@@QBE_NABV012@@Z,"[""??8const_iterator@?$vector@URecord116@@V?$allocator@URecord116@@@std@@@std@@QBE_NABV012@@Z"",""??8const_iterator@?$vector@URecord16@@V?$allocator@URecord16@@@std@@@std@@QBE_NABV012@@Z"",""??8const_iterator@?$vector@URecord44@@V?$allocator@URecord44@@@std@@@std@@QBE_NABV012@@Z""]","[""??8const_iterator@?$vector@URecordN@@V?$allocator@URecordN@@@std@@@std@@QBE_NABV012@@Z""]",9fdb7f9f564eb3c2c3ff9d85fcdf500b86787d0463d19f8de067664f9daf43e6,9fdb7f9f564eb3c2c3ff9d85fcdf500b86787d0463d19f8de067664f9daf43e6,[],helper,0x0040E500,15,R033
0x0040F250,28,short,??8const_iterator@?$vector@URecordN@@V?$allocator@URecordN@@@std@@@std@@QBE_NABV012@@Z,??8const_iterator@?$vector@URecord16@@V?$allocator@URecord16@@@std@@@std@@QBE_NABV012@@Z,"[""??8const_iterator@?$vector@URecord116@@V?$allocator@URecord116@@@std@@@std@@QBE_NABV012@@Z"",""??8const_iterator@?$vector@URecord16@@V?$allocator@URecord16@@@std@@@std@@QBE_NABV012@@Z"",""??8const_iterator@?$vector@URecord44@@V?$allocator@URecord44@@@std@@@std@@QBE_NABV012@@Z""]","[""??8const_iterator@?$vector@URecordN@@V?$allocator@URecordN@@@std@@@std@@QBE_NABV012@@Z""]",9fdb7f9f564eb3c2c3ff9d85fcdf500b86787d0463d19f8de067664f9daf43e6,9fdb7f9f564eb3c2c3ff9d85fcdf500b86787d0463d19f8de067664f9daf43e6,[],helper,0x0040F140,15,R033
0x0040F270,51,copy_alias,??$copy@PAURecordN@@PAU1@@std@@YAPAURecordN@@PAU1@00@Z,??$copy@PAURecord16@@PAU1@@std@@YAPAURecord16@@PAU1@00@Z,"[""??$copy@PAURecord116@@PAU1@@std@@YAPAURecord116@@PAU1@00@Z"",""??$copy@PAURecord16@@PAU1@@std@@YAPAURecord16@@PAU1@00@Z"",""??$copy@PAURecord44@@PAU1@@std@@YAPAURecord44@@PAU1@00@Z"",""??$copy_backward@PAURecord116@@PAU1@@std@@YAPAURecord116@@PAU1@00@Z"",""??$copy_backward@PAURecord16@@PAU1@@std@@YAPAURecord16@@PAU1@00@Z"",""??$copy_backward@PAURecord44@@PAU1@@std@@YAPAURecord44@@PAU1@00@Z""]","[""??$copy@PAURecordN@@PAU1@@std@@YAPAURecordN@@PAU1@00@Z"",""??$copy_backward@PAURecordN@@PAU1@@std@@YAPAURecordN@@PAU1@00@Z""]",05f7dc3c84a14f069c77b3c3968b95227eb499f80ef40f704e13025365bc70e8,1d9687d726aacccac45706afcaaf2bec835596e73045f32dc64150d24e43b337,"[{""offset"":13,""type"":""REL32"",""symbol"":""??$_Ptr_cat@PAURecord16@@PAU1@@std@@YA?AU_Nonscalar_ptr_iterator_tag@0@AAPAURecord16@@0@Z"",""addend"":0,""target_address"":""0x0040F5A0""},{""offset"":40,""type"":""REL32"",""symbol"":""??$_Copy_opt@PAURecord16@@PAU1@@std@@YAPAURecord16@@PAU1@00U_Nonscalar_ptr_iterator_tag@0@@Z"",""addend"":0,""target_address"":""0x0040F5B0""}]",helper,0x0040DDC0,44,R033
0x0040F5A0,11,short,??$_Ptr_cat@PAURecordN@@PAU1@@std@@YA?AU_Nonscalar_ptr_iterator_tag@0@AAPAURecordN@@0@Z,??$_Ptr_cat@PAURecord16@@PAU1@@std@@YA?AU_Nonscalar_ptr_iterator_tag@0@AAPAURecord16@@0@Z,"[""??$_Ptr_cat@PAURecord116@@PAU1@@std@@YA?AU_Nonscalar_ptr_iterator_tag@0@AAPAURecord116@@0@Z"",""??$_Ptr_cat@PAURecord16@@PAU1@@std@@YA?AU_Nonscalar_ptr_iterator_tag@0@AAPAURecord16@@0@Z"",""??$_Ptr_cat@PAURecord44@@PAU1@@std@@YA?AU_Nonscalar_ptr_iterator_tag@0@AAPAURecord44@@0@Z""]","[""??$_Ptr_cat@PAURecordN@@PAU1@@std@@YA?AU_Nonscalar_ptr_iterator_tag@0@AAPAURecordN@@0@Z""]",125af26ed15ea5e17205bbf1df6e31eeb82f0d79055557b9a04ec8a39e8679a8,125af26ed15ea5e17205bbf1df6e31eeb82f0d79055557b9a04ec8a39e8679a8,[],helper,0x0040F2B0,13,R033
0x0040F840,29,short,?construct@?$allocator@URecordN@@@std@@QAEXPAURecordN@@ABU3@@Z,?construct@?$allocator@URecord44@@@std@@QAEXPAURecord44@@ABU3@@Z,"[""?construct@?$allocator@URecord116@@@std@@QAEXPAURecord116@@ABU3@@Z"",""?construct@?$allocator@URecord16@@@std@@QAEXPAURecord16@@ABU3@@Z"",""?construct@?$allocator@URecord44@@@std@@QAEXPAURecord44@@ABU3@@Z""]","[""?construct@?$allocator@URecordN@@@std@@QAEXPAURecordN@@ABU3@@Z""]",7c6d9fb49bf679d9ce24e0ea5fcdcc441c4a612bbc57f5c6c01fdb7e501bdce0,5cc77dd80cfe293341f63382ecde8c78c77882b7c0d72461d4263621b15c4e43,"[{""offset"":16,""type"":""REL32"",""symbol"":""??$_Construct@URecord44@@U1@@std@@YAXPAURecord44@@ABU1@@Z"",""addend"":0,""target_address"":""0x0040F9A0""}]",span,0x0040F780,83,R033
0x0040F860,25,short,?destroy@?$allocator@URecordN@@@std@@QAEXPAURecordN@@@Z,?destroy@?$allocator@URecord44@@@std@@QAEXPAURecord44@@@Z,"[""?destroy@?$allocator@URecord116@@@std@@QAEXPAURecord116@@@Z"",""?destroy@?$allocator@URecord16@@@std@@QAEXPAURecord16@@@Z"",""?destroy@?$allocator@URecord44@@@std@@QAEXPAURecord44@@@Z""]","[""?destroy@?$allocator@URecordN@@@std@@QAEXPAURecordN@@@Z""]",f15b6ab0bb8c123fee8171d5aa3537e37ca40958350e515dc8a11a0d87089971,5dcc64b2ab3e4afa27225177284270cb5e8c3f119d99f8ccc65a3dce883725c0,"[{""offset"":12,""type"":""REL32"",""symbol"":""??$_Destroy@URecord44@@@std@@YAXPAURecord44@@@Z"",""addend"":0,""target_address"":""0x0040F9F0""}]",helper,0x0040F5F0,30,R033
0x00412220,28,short,??8const_iterator@?$vector@URecordN@@V?$allocator@URecordN@@@std@@@std@@QBE_NABV012@@Z,??8const_iterator@?$vector@URecord16@@V?$allocator@URecord16@@@std@@@std@@QBE_NABV012@@Z,"[""??8const_iterator@?$vector@URecord116@@V?$allocator@URecord116@@@std@@@std@@QBE_NABV012@@Z"",""??8const_iterator@?$vector@URecord16@@V?$allocator@URecord16@@@std@@@std@@QBE_NABV012@@Z"",""??8const_iterator@?$vector@URecord44@@V?$allocator@URecord44@@@std@@@std@@QBE_NABV012@@Z""]","[""??8const_iterator@?$vector@URecordN@@V?$allocator@URecordN@@@std@@@std@@QBE_NABV012@@Z""]",9fdb7f9f564eb3c2c3ff9d85fcdf500b86787d0463d19f8de067664f9daf43e6,9fdb7f9f564eb3c2c3ff9d85fcdf500b86787d0463d19f8de067664f9daf43e6,[],helper,0x00411E50,15,R033
0x0041E0B0,28,short,??8const_iterator@?$vector@URecordN@@V?$allocator@URecordN@@@std@@@std@@QBE_NABV012@@Z,??8const_iterator@?$vector@URecord16@@V?$allocator@URecord16@@@std@@@std@@QBE_NABV012@@Z,"[""??8const_iterator@?$vector@URecord116@@V?$allocator@URecord116@@@std@@@std@@QBE_NABV012@@Z"",""??8const_iterator@?$vector@URecord16@@V?$allocator@URecord16@@@std@@@std@@QBE_NABV012@@Z"",""??8const_iterator@?$vector@URecord44@@V?$allocator@URecord44@@@std@@@std@@QBE_NABV012@@Z""]","[""??8const_iterator@?$vector@URecordN@@V?$allocator@URecordN@@@std@@@std@@QBE_NABV012@@Z""]",9fdb7f9f564eb3c2c3ff9d85fcdf500b86787d0463d19f8de067664f9daf43e6,9fdb7f9f564eb3c2c3ff9d85fcdf500b86787d0463d19f8de067664f9daf43e6,[],helper,0x0041E0D0,15,R033
0x0045A5E0,28,short,??8const_iterator@?$vector@URecordN@@V?$allocator@URecordN@@@std@@@std@@QBE_NABV012@@Z,??8const_iterator@?$vector@URecord16@@V?$allocator@URecord16@@@std@@@std@@QBE_NABV012@@Z,"[""??8const_iterator@?$vector@URecord116@@V?$allocator@URecord116@@@std@@@std@@QBE_NABV012@@Z"",""??8const_iterator@?$vector@URecord16@@V?$allocator@URecord16@@@std@@@std@@QBE_NABV012@@Z"",""??8const_iterator@?$vector@URecord44@@V?$allocator@URecord44@@@std@@@std@@QBE_NABV012@@Z""]","[""??8const_iterator@?$vector@URecordN@@V?$allocator@URecordN@@@std@@@std@@QBE_NABV012@@Z""]",9fdb7f9f564eb3c2c3ff9d85fcdf500b86787d0463d19f8de067664f9daf43e6,9fdb7f9f564eb3c2c3ff9d85fcdf500b86787d0463d19f8de067664f9daf43e6,[],helper,0x0045A4A0,15,R033
0x0045A600,28,short,??8const_iterator@?$vector@URecordN@@V?$allocator@URecordN@@@std@@@std@@QBE_NABV012@@Z,??8const_iterator@?$vector@URecord16@@V?$allocator@URecord16@@@std@@@std@@QBE_NABV012@@Z,"[""??8const_iterator@?$vector@URecord116@@V?$allocator@URecord116@@@std@@@std@@QBE_NABV012@@Z"",""??8const_iterator@?$vector@URecord16@@V?$allocator@URecord16@@@std@@@std@@QBE_NABV012@@Z"",""??8const_iterator@?$vector@URecord44@@V?$allocator@URecord44@@@std@@@std@@QBE_NABV012@@Z""]","[""??8const_iterator@?$vector@URecordN@@V?$allocator@URecordN@@@std@@@std@@QBE_NABV012@@Z""]",9fdb7f9f564eb3c2c3ff9d85fcdf500b86787d0463d19f8de067664f9daf43e6,9fdb7f9f564eb3c2c3ff9d85fcdf500b86787d0463d19f8de067664f9daf43e6,[],helper,0x0045A4D0,15,R033
0x0045A7E0,51,copy_alias,??$copy@PAURecordN@@PAU1@@std@@YAPAURecordN@@PAU1@00@Z,??$copy@PAURecord16@@PAU1@@std@@YAPAURecord16@@PAU1@00@Z,"[""??$copy@PAURecord116@@PAU1@@std@@YAPAURecord116@@PAU1@00@Z"",""??$copy@PAURecord16@@PAU1@@std@@YAPAURecord16@@PAU1@00@Z"",""??$copy@PAURecord44@@PAU1@@std@@YAPAURecord44@@PAU1@00@Z"",""??$copy_backward@PAURecord116@@PAU1@@std@@YAPAURecord116@@PAU1@00@Z"",""??$copy_backward@PAURecord16@@PAU1@@std@@YAPAURecord16@@PAU1@00@Z"",""??$copy_backward@PAURecord44@@PAU1@@std@@YAPAURecord44@@PAU1@00@Z""]","[""??$copy@PAURecordN@@PAU1@@std@@YAPAURecordN@@PAU1@00@Z"",""??$copy_backward@PAURecordN@@PAU1@@std@@YAPAURecordN@@PAU1@00@Z""]",05f7dc3c84a14f069c77b3c3968b95227eb499f80ef40f704e13025365bc70e8,a12f2200d81404db4b9ca420f7ba3446526c561bbe6082e76f7cd11581a42436,"[{""offset"":13,""type"":""REL32"",""symbol"":""??$_Ptr_cat@PAURecord16@@PAU1@@std@@YA?AU_Nonscalar_ptr_iterator_tag@0@AAPAURecord16@@0@Z"",""addend"":0,""target_address"":""0x0045AFA0""},{""offset"":40,""type"":""REL32"",""symbol"":""??$_Copy_opt@PAURecord16@@PAU1@@std@@YAPAURecord16@@PAU1@00U_Nonscalar_ptr_iterator_tag@0@@Z"",""addend"":0,""target_address"":""0x0045AFB0""}]",helper,0x00459900,44,R033
0x0045AE00,11,short,??$_Ptr_cat@PAURecordN@@PAU1@@std@@YA?AU_Nonscalar_ptr_iterator_tag@0@AAPAURecordN@@0@Z,??$_Ptr_cat@PAURecord16@@PAU1@@std@@YA?AU_Nonscalar_ptr_iterator_tag@0@AAPAURecord16@@0@Z,"[""??$_Ptr_cat@PAURecord116@@PAU1@@std@@YA?AU_Nonscalar_ptr_iterator_tag@0@AAPAURecord116@@0@Z"",""??$_Ptr_cat@PAURecord16@@PAU1@@std@@YA?AU_Nonscalar_ptr_iterator_tag@0@AAPAURecord16@@0@Z"",""??$_Ptr_cat@PAURecord44@@PAU1@@std@@YA?AU_Nonscalar_ptr_iterator_tag@0@AAPAURecord44@@0@Z""]","[""??$_Ptr_cat@PAURecordN@@PAU1@@std@@YA?AU_Nonscalar_ptr_iterator_tag@0@AAPAURecordN@@0@Z""]",125af26ed15ea5e17205bbf1df6e31eeb82f0d79055557b9a04ec8a39e8679a8,125af26ed15ea5e17205bbf1df6e31eeb82f0d79055557b9a04ec8a39e8679a8,[],helper,0x0045A660,13,R033
0x0045AFA0,11,short,??$_Ptr_cat@PAURecordN@@PAU1@@std@@YA?AU_Nonscalar_ptr_iterator_tag@0@AAPAURecordN@@0@Z,??$_Ptr_cat@PAURecord16@@PAU1@@std@@YA?AU_Nonscalar_ptr_iterator_tag@0@AAPAURecord16@@0@Z,"[""??$_Ptr_cat@PAURecord116@@PAU1@@std@@YA?AU_Nonscalar_ptr_iterator_tag@0@AAPAURecord116@@0@Z"",""??$_Ptr_cat@PAURecord16@@PAU1@@std@@YA?AU_Nonscalar_ptr_iterator_tag@0@AAPAURecord16@@0@Z"",""??$_Ptr_cat@PAURecord44@@PAU1@@std@@YA?AU_Nonscalar_ptr_iterator_tag@0@AAPAURecord44@@0@Z""]","[""??$_Ptr_cat@PAURecordN@@PAU1@@std@@YA?AU_Nonscalar_ptr_iterator_tag@0@AAPAURecordN@@0@Z""]",125af26ed15ea5e17205bbf1df6e31eeb82f0d79055557b9a04ec8a39e8679a8,125af26ed15ea5e17205bbf1df6e31eeb82f0d79055557b9a04ec8a39e8679a8,[],helper,0x0045A820,13,R033
0x0045B270,29,short,?construct@?$allocator@URecordN@@@std@@QAEXPAURecordN@@ABU3@@Z,?construct@?$allocator@URecord16@@@std@@QAEXPAURecord16@@ABU3@@Z,"[""?construct@?$allocator@URecord116@@@std@@QAEXPAURecord116@@ABU3@@Z"",""?construct@?$allocator@URecord16@@@std@@QAEXPAURecord16@@ABU3@@Z"",""?construct@?$allocator@URecord44@@@std@@QAEXPAURecord44@@ABU3@@Z""]","[""?construct@?$allocator@URecordN@@@std@@QAEXPAURecordN@@ABU3@@Z""]",7c6d9fb49bf679d9ce24e0ea5fcdcc441c4a612bbc57f5c6c01fdb7e501bdce0,d0cb76944228bb27db4cdd742c24570c0e287e587088fcbb5319d6a4aae0d883,"[{""offset"":16,""type"":""REL32"",""symbol"":""??$_Construct@URecord16@@U1@@std@@YAXPAURecord16@@ABU1@@Z"",""addend"":0,""target_address"":""0x0045B5E0""}]",span,0x0045AE10,83,R033
0x0045B290,25,short,?destroy@?$allocator@URecordN@@@std@@QAEXPAURecordN@@@Z,?destroy@?$allocator@URecord16@@@std@@QAEXPAURecord16@@@Z,"[""?destroy@?$allocator@URecord116@@@std@@QAEXPAURecord116@@@Z"",""?destroy@?$allocator@URecord16@@@std@@QAEXPAURecord16@@@Z"",""?destroy@?$allocator@URecord44@@@std@@QAEXPAURecord44@@@Z""]","[""?destroy@?$allocator@URecordN@@@std@@QAEXPAURecordN@@@Z""]",f15b6ab0bb8c123fee8171d5aa3537e37ca40958350e515dc8a11a0d87089971,796fc0fd83ddf4e43994b495c017eaf493484f5d2f2317995af7139e3a90314a,"[{""offset"":12,""type"":""REL32"",""symbol"":""??$_Destroy@URecord16@@@std@@YAXPAURecord16@@@Z"",""addend"":0,""target_address"":""0x0045B630""}]",helper,0x0045AEF0,30,R033
0x0045B2B0,29,short,?construct@?$allocator@URecordN@@@std@@QAEXPAURecordN@@ABU3@@Z,?construct@?$allocator@URecord116@@@std@@QAEXPAURecord116@@ABU3@@Z,"[""?construct@?$allocator@URecord116@@@std@@QAEXPAURecord116@@ABU3@@Z"",""?construct@?$allocator@URecord16@@@std@@QAEXPAURecord16@@ABU3@@Z"",""?construct@?$allocator@URecord44@@@std@@QAEXPAURecord44@@ABU3@@Z""]","[""?construct@?$allocator@URecordN@@@std@@QAEXPAURecordN@@ABU3@@Z""]",7c6d9fb49bf679d9ce24e0ea5fcdcc441c4a612bbc57f5c6c01fdb7e501bdce0,0356cba4aa4d7bf2692bd6520ad94435fd42d98055e644a394d167aeddb469fc,"[{""offset"":16,""type"":""REL32"",""symbol"":""??$_Construct@URecord116@@U1@@std@@YAXPAURecord116@@ABU1@@Z"",""addend"":0,""target_address"":""0x0045B640""}]",span,0x0045B170,83,R033
0x0045B2D0,25,short,?destroy@?$allocator@URecordN@@@std@@QAEXPAURecordN@@@Z,?destroy@?$allocator@URecord116@@@std@@QAEXPAURecord116@@@Z,"[""?destroy@?$allocator@URecord116@@@std@@QAEXPAURecord116@@@Z"",""?destroy@?$allocator@URecord16@@@std@@QAEXPAURecord16@@@Z"",""?destroy@?$allocator@URecord44@@@std@@QAEXPAURecord44@@@Z""]","[""?destroy@?$allocator@URecordN@@@std@@QAEXPAURecordN@@@Z""]",f15b6ab0bb8c123fee8171d5aa3537e37ca40958350e515dc8a11a0d87089971,28cd2f03d320358911a1fcae2734394b88560a69fa11074a7fcd6316b4b5eabe,"[{""offset"":12,""type"":""REL32"",""symbol"":""??$_Destroy@URecord116@@@std@@YAXPAURecord116@@@Z"",""addend"":0,""target_address"":""0x0045B6B0""}]",helper,0x0045AFF0,30,R033
0x0045B2F0,11,short,??$_Ptr_cat@PAURecordN@@PAU1@@std@@YA?AU_Nonscalar_ptr_iterator_tag@0@AAPAURecordN@@0@Z,??$_Ptr_cat@PAURecord16@@PAU1@@std@@YA?AU_Nonscalar_ptr_iterator_tag@0@AAPAURecord16@@0@Z,"[""??$_Ptr_cat@PAURecord116@@PAU1@@std@@YA?AU_Nonscalar_ptr_iterator_tag@0@AAPAURecord116@@0@Z"",""??$_Ptr_cat@PAURecord16@@PAU1@@std@@YA?AU_Nonscalar_ptr_iterator_tag@0@AAPAURecord16@@0@Z"",""??$_Ptr_cat@PAURecord44@@PAU1@@std@@YA?AU_Nonscalar_ptr_iterator_tag@0@AAPAURecord44@@0@Z""]","[""??$_Ptr_cat@PAURecordN@@PAU1@@std@@YA?AU_Nonscalar_ptr_iterator_tag@0@AAPAURecordN@@0@Z""]",125af26ed15ea5e17205bbf1df6e31eeb82f0d79055557b9a04ec8a39e8679a8,125af26ed15ea5e17205bbf1df6e31eeb82f0d79055557b9a04ec8a39e8679a8,[],helper,0x0045AEB0,13,R033
0x0045B740,28,short,??8const_iterator@?$vector@URecordN@@V?$allocator@URecordN@@@std@@@std@@QBE_NABV012@@Z,??8const_iterator@?$vector@URecord16@@V?$allocator@URecord16@@@std@@@std@@QBE_NABV012@@Z,"[""??8const_iterator@?$vector@URecord116@@V?$allocator@URecord116@@@std@@@std@@QBE_NABV012@@Z"",""??8const_iterator@?$vector@URecord16@@V?$allocator@URecord16@@@std@@@std@@QBE_NABV012@@Z"",""??8const_iterator@?$vector@URecord44@@V?$allocator@URecord44@@@std@@@std@@QBE_NABV012@@Z""]","[""??8const_iterator@?$vector@URecordN@@V?$allocator@URecordN@@@std@@@std@@QBE_NABV012@@Z""]",9fdb7f9f564eb3c2c3ff9d85fcdf500b86787d0463d19f8de067664f9daf43e6,9fdb7f9f564eb3c2c3ff9d85fcdf500b86787d0463d19f8de067664f9daf43e6,[],helper,0x0045B710,15,R033
0x005F9F70,28,short,??8const_iterator@?$vector@URecordN@@V?$allocator@URecordN@@@std@@@std@@QBE_NABV012@@Z,??8const_iterator@?$vector@URecord16@@V?$allocator@URecord16@@@std@@@std@@QBE_NABV012@@Z,"[""??8const_iterator@?$vector@URecord116@@V?$allocator@URecord116@@@std@@@std@@QBE_NABV012@@Z"",""??8const_iterator@?$vector@URecord16@@V?$allocator@URecord16@@@std@@@std@@QBE_NABV012@@Z"",""??8const_iterator@?$vector@URecord44@@V?$allocator@URecord44@@@std@@@std@@QBE_NABV012@@Z""]","[""??8const_iterator@?$vector@URecordN@@V?$allocator@URecordN@@@std@@@std@@QBE_NABV012@@Z""]",9fdb7f9f564eb3c2c3ff9d85fcdf500b86787d0463d19f8de067664f9daf43e6,9fdb7f9f564eb3c2c3ff9d85fcdf500b86787d0463d19f8de067664f9daf43e6,[],helper,0x005F9DD0,15,R033
0x005F9F90,28,short,??8const_iterator@?$vector@URecordN@@V?$allocator@URecordN@@@std@@@std@@QBE_NABV012@@Z,??8const_iterator@?$vector@URecord16@@V?$allocator@URecord16@@@std@@@std@@QBE_NABV012@@Z,"[""??8const_iterator@?$vector@URecord116@@V?$allocator@URecord116@@@std@@@std@@QBE_NABV012@@Z"",""??8const_iterator@?$vector@URecord16@@V?$allocator@URecord16@@@std@@@std@@QBE_NABV012@@Z"",""??8const_iterator@?$vector@URecord44@@V?$allocator@URecord44@@@std@@@std@@QBE_NABV012@@Z""]","[""??8const_iterator@?$vector@URecordN@@V?$allocator@URecordN@@@std@@@std@@QBE_NABV012@@Z""]",9fdb7f9f564eb3c2c3ff9d85fcdf500b86787d0463d19f8de067664f9daf43e6,9fdb7f9f564eb3c2c3ff9d85fcdf500b86787d0463d19f8de067664f9daf43e6,[],helper,0x005F9E20,15,R033
0x005FA170,51,copy_alias,??$copy@PAURecordN@@PAU1@@std@@YAPAURecordN@@PAU1@00@Z,??$copy@PAURecord16@@PAU1@@std@@YAPAURecord16@@PAU1@00@Z,"[""??$copy@PAURecord116@@PAU1@@std@@YAPAURecord116@@PAU1@00@Z"",""??$copy@PAURecord16@@PAU1@@std@@YAPAURecord16@@PAU1@00@Z"",""??$copy@PAURecord44@@PAU1@@std@@YAPAURecord44@@PAU1@00@Z"",""??$copy_backward@PAURecord116@@PAU1@@std@@YAPAURecord116@@PAU1@00@Z"",""??$copy_backward@PAURecord16@@PAU1@@std@@YAPAURecord16@@PAU1@00@Z"",""??$copy_backward@PAURecord44@@PAU1@@std@@YAPAURecord44@@PAU1@00@Z""]","[""??$copy@PAURecordN@@PAU1@@std@@YAPAURecordN@@PAU1@00@Z"",""??$copy_backward@PAURecordN@@PAU1@@std@@YAPAURecordN@@PAU1@00@Z""]",05f7dc3c84a14f069c77b3c3968b95227eb499f80ef40f704e13025365bc70e8,04622c7f873aeb446466289a2f9a61a5bb28594f36733492183076715655773d,"[{""offset"":13,""type"":""REL32"",""symbol"":""??$_Ptr_cat@PAURecord16@@PAU1@@std@@YA?AU_Nonscalar_ptr_iterator_tag@0@AAPAURecord16@@0@Z"",""addend"":0,""target_address"":""0x005FA620""},{""offset"":40,""type"":""REL32"",""symbol"":""??$_Copy_opt@PAURecord16@@PAU1@@std@@YAPAURecord16@@PAU1@00U_Nonscalar_ptr_iterator_tag@0@@Z"",""addend"":0,""target_address"":""0x005FA630""}]",helper,0x005F8F60,44,R033
0x005FA620,11,short,??$_Ptr_cat@PAURecordN@@PAU1@@std@@YA?AU_Nonscalar_ptr_iterator_tag@0@AAPAURecordN@@0@Z,??$_Ptr_cat@PAURecord16@@PAU1@@std@@YA?AU_Nonscalar_ptr_iterator_tag@0@AAPAURecord16@@0@Z,"[""??$_Ptr_cat@PAURecord116@@PAU1@@std@@YA?AU_Nonscalar_ptr_iterator_tag@0@AAPAURecord116@@0@Z"",""??$_Ptr_cat@PAURecord16@@PAU1@@std@@YA?AU_Nonscalar_ptr_iterator_tag@0@AAPAURecord16@@0@Z"",""??$_Ptr_cat@PAURecord44@@PAU1@@std@@YA?AU_Nonscalar_ptr_iterator_tag@0@AAPAURecord44@@0@Z""]","[""??$_Ptr_cat@PAURecordN@@PAU1@@std@@YA?AU_Nonscalar_ptr_iterator_tag@0@AAPAURecordN@@0@Z""]",125af26ed15ea5e17205bbf1df6e31eeb82f0d79055557b9a04ec8a39e8679a8,125af26ed15ea5e17205bbf1df6e31eeb82f0d79055557b9a04ec8a39e8679a8,[],helper,0x005FA1B0,13,R033
0x005FA8D0,29,short,?construct@?$allocator@URecordN@@@std@@QAEXPAURecordN@@ABU3@@Z,?construct@?$allocator@URecord16@@@std@@QAEXPAURecord16@@ABU3@@Z,"[""?construct@?$allocator@URecord116@@@std@@QAEXPAURecord116@@ABU3@@Z"",""?construct@?$allocator@URecord16@@@std@@QAEXPAURecord16@@ABU3@@Z"",""?construct@?$allocator@URecord44@@@std@@QAEXPAURecord44@@ABU3@@Z""]","[""?construct@?$allocator@URecordN@@@std@@QAEXPAURecordN@@ABU3@@Z""]",7c6d9fb49bf679d9ce24e0ea5fcdcc441c4a612bbc57f5c6c01fdb7e501bdce0,65fc2b34b6e1c848ca69f9362d2484323c723e6ad68ce54fe9a720eeaa77a250,"[{""offset"":16,""type"":""REL32"",""symbol"":""??$_Construct@URecord16@@U1@@std@@YAXPAURecord16@@ABU1@@Z"",""addend"":0,""target_address"":""0x005FAA80""}]",span,0x005FA810,83,R033
0x005FA8F0,25,short,?destroy@?$allocator@URecordN@@@std@@QAEXPAURecordN@@@Z,?destroy@?$allocator@URecord16@@@std@@QAEXPAURecord16@@@Z,"[""?destroy@?$allocator@URecord116@@@std@@QAEXPAURecord116@@@Z"",""?destroy@?$allocator@URecord16@@@std@@QAEXPAURecord16@@@Z"",""?destroy@?$allocator@URecord44@@@std@@QAEXPAURecord44@@@Z""]","[""?destroy@?$allocator@URecordN@@@std@@QAEXPAURecordN@@@Z""]",f15b6ab0bb8c123fee8171d5aa3537e37ca40958350e515dc8a11a0d87089971,9f5c6ba72edb52cefb7b8f5ac85c9c6a68444c4ff1587768495fb03d4b5a7646,"[{""offset"":12,""type"":""REL32"",""symbol"":""??$_Destroy@URecord16@@@std@@YAXPAURecord16@@@Z"",""addend"":0,""target_address"":""0x005FAAD0""}]",helper,0x005FA680,30,R033
