address,base_address,size,body_sha256,evidence_id
0x0040A140,0x00405270,32,587ef1015cec43df958c885b305d15893812d7f26e607cc65e1832ac382bae85,R051
0x0040A940,0x00405D90,36,000aadbc24f88c464bf56f1a61fce69e2806d0443a250fe017f3fd31b620524e,R051
0x0040ABE0,0x00406260,43,59ed9eed43499885b04da9cc1fdecc7ec7b56b5682f2f87c02678b7ea04e6e2e,R051
0x0040AC50,0x00406260,43,59ed9eed43499885b04da9cc1fdecc7ec7b56b5682f2f87c02678b7ea04e6e2e,R051
0x0040EA00,0x00405270,32,587ef1015cec43df958c885b305d15893812d7f26e607cc65e1832ac382bae85,R051
0x0040F4A0,0x00405D90,36,000aadbc24f88c464bf56f1a61fce69e2806d0443a250fe017f3fd31b620524e,R051
0x0040F970,0x00406260,43,59ed9eed43499885b04da9cc1fdecc7ec7b56b5682f2f87c02678b7ea04e6e2e,R051
0x00415F10,0x00405B20,44,fc1b9ca4b4b1cf37f94b1524ccfa2105b3eea9053bd232eb06b4a942a55c3820,R051
0x004165B0,0x00406260,43,59ed9eed43499885b04da9cc1fdecc7ec7b56b5682f2f87c02678b7ea04e6e2e,R051
0x004165E0,0x00406260,43,59ed9eed43499885b04da9cc1fdecc7ec7b56b5682f2f87c02678b7ea04e6e2e,R051
0x00416610,0x00406260,43,59ed9eed43499885b04da9cc1fdecc7ec7b56b5682f2f87c02678b7ea04e6e2e,R051
0x004201E0,0x00406260,43,59ed9eed43499885b04da9cc1fdecc7ec7b56b5682f2f87c02678b7ea04e6e2e,R051
0x00420210,0x00406260,43,59ed9eed43499885b04da9cc1fdecc7ec7b56b5682f2f87c02678b7ea04e6e2e,R051
0x00422D00,0x00406260,43,59ed9eed43499885b04da9cc1fdecc7ec7b56b5682f2f87c02678b7ea04e6e2e,R051
0x00422D30,0x00406260,43,59ed9eed43499885b04da9cc1fdecc7ec7b56b5682f2f87c02678b7ea04e6e2e,R051
0x00424CD0,0x00406260,43,59ed9eed43499885b04da9cc1fdecc7ec7b56b5682f2f87c02678b7ea04e6e2e,R051
0x0042E610,0x00406260,43,59ed9eed43499885b04da9cc1fdecc7ec7b56b5682f2f87c02678b7ea04e6e2e,R051
0x00442390,0x00405270,32,587ef1015cec43df958c885b305d15893812d7f26e607cc65e1832ac382bae85,R051
0x0045A9F0,0x00405D90,36,000aadbc24f88c464bf56f1a61fce69e2806d0443a250fe017f3fd31b620524e,R051
0x0045B560,0x00406260,43,59ed9eed43499885b04da9cc1fdecc7ec7b56b5682f2f87c02678b7ea04e6e2e,R051
0x0045CD20,0x00406260,43,59ed9eed43499885b04da9cc1fdecc7ec7b56b5682f2f87c02678b7ea04e6e2e,R051
0x005F9620,0x00405270,32,587ef1015cec43df958c885b305d15893812d7f26e607cc65e1832ac382bae85,R051
0x005FA3E0,0x00405D90,36,000aadbc24f88c464bf56f1a61fce69e2806d0443a250fe017f3fd31b620524e,R051
0x005FA930,0x00406260,43,59ed9eed43499885b04da9cc1fdecc7ec7b56b5682f2f87c02678b7ea04e6e2e,R051
0x005FAA50,0x00406260,43,59ed9eed43499885b04da9cc1fdecc7ec7b56b5682f2f87c02678b7ea04e6e2e,R051
