address,size,family_key,coff_symbol,matching_symbols,source_sha256,body_sha256,relocation_bindings,indirect_call_count,evidence_id
0x00409DF0,57,??Hiterator,??Hiterator@?$deque@U?$DequeAccessRecord@$00@@V?$allocator@U?$DequeAccessRecord@$00@@@std@@@std@@QBE?AV012@H@Z,"[""??Hiterator@?$deque@U?$DequeAccessRecord@$00@@V?$allocator@U?$DequeAccessRecord@$00@@@std@@@std@@QBE?AV012@H@Z"",""??Hiterator@?$deque@U?$DequeAccessRecord@$01@@V?$allocator@U?$DequeAccessRecord@$01@@@std@@@std@@QBE?AV012@H@Z"",""??Hiterator@?$deque@U?$DequeAccessRecord@$03@@V?$allocator@U?$DequeAccessRecord@$03@@@std@@@std@@QBE?AV012@H@Z"",""??Hiterator@?$deque@U?$DequeAccessRecord@$07@@V?$allocator@U?$DequeAccessRecord@$07@@@std@@@std@@QBE?AV012@H@Z"",""??Hiterator@?$deque@U?$DequeAccessRecord@$0BA@@@V?$allocator@U?$DequeAccessRecord@$0BA@@@@std@@@std@@QBE?AV012@H@Z"",""??Hiterator@?$deque@U?$DequeAccessRecord@$0CA@@@V?$allocator@U?$DequeAccessRecord@$0CA@@@@std@@@std@@QBE?AV012@H@Z"",""??Hiterator@?$deque@U?$DequeAccessRecord@$0EA@@@V?$allocator@U?$DequeAccessRecord@$0EA@@@@std@@@std@@QBE?AV012@H@Z""]",072b49fe059ac5a319c6078f6b2beb9834ef3ce0ac5d170627d518fbfa195453,e4f5cf9ad8e143dcd0dfbde7940068ebfdf5ec1928470894e6d18e1c4b93efa2,"[{""offset"":31,""type"":""REL32"",""symbol"":""??Yiterator@?$deque@U?$DequeAccessRecord@$00@@V?$allocator@U?$DequeAccessRecord@$00@@@std@@@std@@QAEAAV012@H@Z"",""addend"":0,""target_address"":""0x0040A190""}]",0,R078
0x0040A1B0,83,??Dconst_iterator,??Dconst_iterator@?$deque@U?$DequeAccessRecord@$0EA@@@V?$allocator@U?$DequeAccessRecord@$0EA@@@@std@@@std@@QBEABU?$DequeAccessRecord@$0EA@@@XZ,"[""??Dconst_iterator@?$deque@U?$DequeAccessRecord@$0EA@@@V?$allocator@U?$DequeAccessRecord@$0EA@@@@std@@@std@@QBEABU?$DequeAccessRecord@$0EA@@@XZ""]",0edd867d49a6a013d74ad87915fafcf90e233a8c549ded1f5fe9d3e41e567c6b,0edd867d49a6a013d74ad87915fafcf90e233a8c549ded1f5fe9d3e41e567c6b,[],0,R078
0x004155D0,86,??Dconst_iterator,??Dconst_iterator@?$deque@U?$DequeAccessRecord@$00@@V?$allocator@U?$DequeAccessRecord@$00@@@std@@@std@@QBEABU?$DequeAccessRecord@$00@@XZ,"[""??Dconst_iterator@?$deque@U?$DequeAccessRecord@$00@@V?$allocator@U?$DequeAccessRecord@$00@@@std@@@std@@QBEABU?$DequeAccessRecord@$00@@XZ""]",c53c7db38b91c954ea3bf81e35cbc5b4669f530239e68a18f6dc36e01cbacb99,c53c7db38b91c954ea3bf81e35cbc5b4669f530239e68a18f6dc36e01cbacb99,[],0,R078
0x004156E0,89,??Dconst_iterator,??Dconst_iterator@?$deque@U?$DequeAccessRecord@$01@@V?$allocator@U?$DequeAccessRecord@$01@@@std@@@std@@QBEABU?$DequeAccessRecord@$01@@XZ,"[""??Dconst_iterator@?$deque@U?$DequeAccessRecord@$01@@V?$allocator@U?$DequeAccessRecord@$01@@@std@@@std@@QBEABU?$DequeAccessRecord@$01@@XZ""]",0c48f48d5dd7990caa5a9a3a882e58655e78c9093950cd327f0bfed450c5ac64,0c48f48d5dd7990caa5a9a3a882e58655e78c9093950cd327f0bfed450c5ac64,[],0,R078
0x004157F0,89,??Dconst_iterator,??Dconst_iterator@?$deque@U?$DequeAccessRecord@$03@@V?$allocator@U?$DequeAccessRecord@$03@@@std@@@std@@QBEABU?$DequeAccessRecord@$03@@XZ,"[""??Dconst_iterator@?$deque@U?$DequeAccessRecord@$03@@V?$allocator@U?$DequeAccessRecord@$03@@@std@@@std@@QBEABU?$DequeAccessRecord@$03@@XZ""]",defedce652cf9db7d2ca80b3bdd80282e7fd11dccaa1b07cf9dde0baf0d60ebe,defedce652cf9db7d2ca80b3bdd80282e7fd11dccaa1b07cf9dde0baf0d60ebe,[],0,R078
0x0041DAF0,68,?at,?at@?$deque@U?$DequeAccessRecord@$00@@V?$allocator@U?$DequeAccessRecord@$00@@@std@@@std@@QAEAAU?$DequeAccessRecord@$00@@I@Z,"[""?at@?$deque@U?$DequeAccessRecord@$00@@V?$allocator@U?$DequeAccessRecord@$00@@@std@@@std@@QAEAAU?$DequeAccessRecord@$00@@I@Z"",""?at@?$deque@U?$DequeAccessRecord@$01@@V?$allocator@U?$DequeAccessRecord@$01@@@std@@@std@@QAEAAU?$DequeAccessRecord@$01@@I@Z"",""?at@?$deque@U?$DequeAccessRecord@$03@@V?$allocator@U?$DequeAccessRecord@$03@@@std@@@std@@QAEAAU?$DequeAccessRecord@$03@@I@Z"",""?at@?$deque@U?$DequeAccessRecord@$07@@V?$allocator@U?$DequeAccessRecord@$07@@@std@@@std@@QAEAAU?$DequeAccessRecord@$07@@I@Z"",""?at@?$deque@U?$DequeAccessRecord@$0BA@@@V?$allocator@U?$DequeAccessRecord@$0BA@@@@std@@@std@@QAEAAU?$DequeAccessRecord@$0BA@@@I@Z"",""?at@?$deque@U?$DequeAccessRecord@$0CA@@@V?$allocator@U?$DequeAccessRecord@$0CA@@@@std@@@std@@QAEAAU?$DequeAccessRecord@$0CA@@@I@Z"",""?at@?$deque@U?$DequeAccessRecord@$0EA@@@V?$allocator@U?$DequeAccessRecord@$0EA@@@@std@@@std@@QAEAAU?$DequeAccessRecord@$0EA@@@I@Z""]",e276cc86a6900658ce102a6eac3387d479c93c736e1afab114059a301cbda702,1e0a5af98ad23901143e11837619bddfc69ddcd7061b56b9d9123a6b3f86a801,"[{""offset"":24,""type"":""REL32"",""symbol"":""?_Xran@?$deque@U?$DequeAccessRecord@$00@@V?$allocator@U?$DequeAccessRecord@$00@@@std@@@std@@IBEXXZ"",""addend"":0,""target_address"":""0x0041E490""},{""offset"":44,""type"":""REL32"",""symbol"":""?begin@?$deque@U?$DequeAccessRecord@$00@@V?$allocator@U?$DequeAccessRecord@$00@@@std@@@std@@QAE?AViterator@12@XZ"",""addend"":0,""target_address"":""0x0041DA90""},{""offset"":51,""type"":""REL32"",""symbol"":""??Hiterator@?$deque@U?$DequeAccessRecord@$00@@V?$allocator@U?$DequeAccessRecord@$00@@@std@@@std@@QBE?AV012@H@Z"",""addend"":0,""target_address"":""0x0041EE20""},{""offset"":58,""type"":""REL32"",""symbol"":""??Diterator@?$deque@U?$DequeAccessRecord@$00@@V?$allocator@U?$DequeAccessRecord@$00@@@std@@@std@@QBEAAU?$DequeAccessRecord@$00@@XZ"",""addend"":0,""target_address"":""0x0041E000""}]",0,R078
0x0041DD70,68,?at,?at@?$deque@U?$DequeAccessRecord@$00@@V?$allocator@U?$DequeAccessRecord@$00@@@std@@@std@@QAEAAU?$DequeAccessRecord@$00@@I@Z,"[""?at@?$deque@U?$DequeAccessRecord@$00@@V?$allocator@U?$DequeAccessRecord@$00@@@std@@@std@@QAEAAU?$DequeAccessRecord@$00@@I@Z"",""?at@?$deque@U?$DequeAccessRecord@$01@@V?$allocator@U?$DequeAccessRecord@$01@@@std@@@std@@QAEAAU?$DequeAccessRecord@$01@@I@Z"",""?at@?$deque@U?$DequeAccessRecord@$03@@V?$allocator@U?$DequeAccessRecord@$03@@@std@@@std@@QAEAAU?$DequeAccessRecord@$03@@I@Z"",""?at@?$deque@U?$DequeAccessRecord@$07@@V?$allocator@U?$DequeAccessRecord@$07@@@std@@@std@@QAEAAU?$DequeAccessRecord@$07@@I@Z"",""?at@?$deque@U?$DequeAccessRecord@$0BA@@@V?$allocator@U?$DequeAccessRecord@$0BA@@@@std@@@std@@QAEAAU?$DequeAccessRecord@$0BA@@@I@Z"",""?at@?$deque@U?$DequeAccessRecord@$0CA@@@V?$allocator@U?$DequeAccessRecord@$0CA@@@@std@@@std@@QAEAAU?$DequeAccessRecord@$0CA@@@I@Z"",""?at@?$deque@U?$DequeAccessRecord@$0EA@@@V?$allocator@U?$DequeAccessRecord@$0EA@@@@std@@@std@@QAEAAU?$DequeAccessRecord@$0EA@@@I@Z""]",e276cc86a6900658ce102a6eac3387d479c93c736e1afab114059a301cbda702,15535f240aea08bbc4b97c6b17334fdedcad00e526df0d9a2e1aff5a9a2d6fc7,"[{""offset"":24,""type"":""REL32"",""symbol"":""?_Xran@?$deque@U?$DequeAccessRecord@$00@@V?$allocator@U?$DequeAccessRecord@$00@@@std@@@std@@IBEXXZ"",""addend"":0,""target_address"":""0x0041E910""},{""offset"":44,""type"":""REL32"",""symbol"":""?begin@?$deque@U?$DequeAccessRecord@$00@@V?$allocator@U?$DequeAccessRecord@$00@@@std@@@std@@QAE?AViterator@12@XZ"",""addend"":0,""target_address"":""0x0041DCF0""},{""offset"":51,""type"":""REL32"",""symbol"":""??Hiterator@?$deque@U?$DequeAccessRecord@$00@@V?$allocator@U?$DequeAccessRecord@$00@@@std@@@std@@QBE?AV012@H@Z"",""addend"":0,""target_address"":""0x0041ECC0""},{""offset"":58,""type"":""REL32"",""symbol"":""??Diterator@?$deque@U?$DequeAccessRecord@$00@@V?$allocator@U?$DequeAccessRecord@$00@@@std@@@std@@QBEAAU?$DequeAccessRecord@$00@@XZ"",""addend"":0,""target_address"":""0x0041DF70""}]",0,R078
0x0041ECC0,57,??Hiterator,??Hiterator@?$deque@U?$DequeAccessRecord@$00@@V?$allocator@U?$DequeAccessRecord@$00@@@std@@@std@@QBE?AV012@H@Z,"[""??Hiterator@?$deque@U?$DequeAccessRecord@$00@@V?$allocator@U?$DequeAccessRecord@$00@@@std@@@std@@QBE?AV012@H@Z"",""??Hiterator@?$deque@U?$DequeAccessRecord@$01@@V?$allocator@U?$DequeAccessRecord@$01@@@std@@@std@@QBE?AV012@H@Z"",""??Hiterator@?$deque@U?$DequeAccessRecord@$03@@V?$allocator@U?$DequeAccessRecord@$03@@@std@@@std@@QBE?AV012@H@Z"",""??Hiterator@?$deque@U?$DequeAccessRecord@$07@@V?$allocator@U?$DequeAccessRecord@$07@@@std@@@std@@QBE?AV012@H@Z"",""??Hiterator@?$deque@U?$DequeAccessRecord@$0BA@@@V?$allocator@U?$DequeAccessRecord@$0BA@@@@std@@@std@@QBE?AV012@H@Z"",""??Hiterator@?$deque@U?$DequeAccessRecord@$0CA@@@V?$allocator@U?$DequeAccessRecord@$0CA@@@@std@@@std@@QBE?AV012@H@Z"",""??Hiterator@?$deque@U?$DequeAccessRecord@$0EA@@@V?$allocator@U?$DequeAccessRecord@$0EA@@@@std@@@std@@QBE?AV012@H@Z""]",072b49fe059ac5a319c6078f6b2beb9834ef3ce0ac5d170627d518fbfa195453,c2516d1d1bcf6a63946f16ddb6b9b1fd69185e93b8e88b3833ca3e4cf42404bb,"[{""offset"":31,""type"":""REL32"",""symbol"":""??Yiterator@?$deque@U?$DequeAccessRecord@$00@@V?$allocator@U?$DequeAccessRecord@$00@@@std@@@std@@QAEAAV012@H@Z"",""addend"":0,""target_address"":""0x0041F630""}]",0,R078
0x0041ED00,57,??Hiterator,??Hiterator@?$deque@U?$DequeAccessRecord@$00@@V?$allocator@U?$DequeAccessRecord@$00@@@std@@@std@@QBE?AV012@H@Z,"[""??Hiterator@?$deque@U?$DequeAccessRecord@$00@@V?$allocator@U?$DequeAccessRecord@$00@@@std@@@std@@QBE?AV012@H@Z"",""??Hiterator@?$deque@U?$DequeAccessRecord@$01@@V?$allocator@U?$DequeAccessRecord@$01@@@std@@@std@@QBE?AV012@H@Z"",""??Hiterator@?$deque@U?$DequeAccessRecord@$03@@V?$allocator@U?$DequeAccessRecord@$03@@@std@@@std@@QBE?AV012@H@Z"",""??Hiterator@?$deque@U?$DequeAccessRecord@$07@@V?$allocator@U?$DequeAccessRecord@$07@@@std@@@std@@QBE?AV012@H@Z"",""??Hiterator@?$deque@U?$DequeAccessRecord@$0BA@@@V?$allocator@U?$DequeAccessRecord@$0BA@@@@std@@@std@@QBE?AV012@H@Z"",""??Hiterator@?$deque@U?$DequeAccessRecord@$0CA@@@V?$allocator@U?$DequeAccessRecord@$0CA@@@@std@@@std@@QBE?AV012@H@Z"",""??Hiterator@?$deque@U?$DequeAccessRecord@$0EA@@@V?$allocator@U?$DequeAccessRecord@$0EA@@@@std@@@std@@QBE?AV012@H@Z""]",072b49fe059ac5a319c6078f6b2beb9834ef3ce0ac5d170627d518fbfa195453,c00649a22aef37634e3af495dacfae0f70aeec020bcfc8b96b61b4771ef20c8c,"[{""offset"":31,""type"":""REL32"",""symbol"":""??Yiterator@?$deque@U?$DequeAccessRecord@$00@@V?$allocator@U?$DequeAccessRecord@$00@@@std@@@std@@QAEAAV012@H@Z"",""addend"":0,""target_address"":""0x0041F650""}]",0,R078
0x0041ED40,89,??Dconst_iterator,??Dconst_iterator@?$deque@U?$DequeAccessRecord@$03@@V?$allocator@U?$DequeAccessRecord@$03@@@std@@@std@@QBEABU?$DequeAccessRecord@$03@@XZ,"[""??Dconst_iterator@?$deque@U?$DequeAccessRecord@$03@@V?$allocator@U?$DequeAccessRecord@$03@@@std@@@std@@QBEABU?$DequeAccessRecord@$03@@XZ""]",defedce652cf9db7d2ca80b3bdd80282e7fd11dccaa1b07cf9dde0baf0d60ebe,defedce652cf9db7d2ca80b3bdd80282e7fd11dccaa1b07cf9dde0baf0d60ebe,[],0,R078
0x0041EE20,57,??Hiterator,??Hiterator@?$deque@U?$DequeAccessRecord@$00@@V?$allocator@U?$DequeAccessRecord@$00@@@std@@@std@@QBE?AV012@H@Z,"[""??Hiterator@?$deque@U?$DequeAccessRecord@$00@@V?$allocator@U?$DequeAccessRecord@$00@@@std@@@std@@QBE?AV012@H@Z"",""??Hiterator@?$deque@U?$DequeAccessRecord@$01@@V?$allocator@U?$DequeAccessRecord@$01@@@std@@@std@@QBE?AV012@H@Z"",""??Hiterator@?$deque@U?$DequeAccessRecord@$03@@V?$allocator@U?$DequeAccessRecord@$03@@@std@@@std@@QBE?AV012@H@Z"",""??Hiterator@?$deque@U?$DequeAccessRecord@$07@@V?$allocator@U?$DequeAccessRecord@$07@@@std@@@std@@QBE?AV012@H@Z"",""??Hiterator@?$deque@U?$DequeAccessRecord@$0BA@@@V?$allocator@U?$DequeAccessRecord@$0BA@@@@std@@@std@@QBE?AV012@H@Z"",""??Hiterator@?$deque@U?$DequeAccessRecord@$0CA@@@V?$allocator@U?$DequeAccessRecord@$0CA@@@@std@@@std@@QBE?AV012@H@Z"",""??Hiterator@?$deque@U?$DequeAccessRecord@$0EA@@@V?$allocator@U?$DequeAccessRecord@$0EA@@@@std@@@std@@QBE?AV012@H@Z""]",072b49fe059ac5a319c6078f6b2beb9834ef3ce0ac5d170627d518fbfa195453,5f7120dce64ab6abdef7b2129e7e5d58820d7f5884df680fa94c2580ecbe5976,"[{""offset"":31,""type"":""REL32"",""symbol"":""??Yiterator@?$deque@U?$DequeAccessRecord@$00@@V?$allocator@U?$DequeAccessRecord@$00@@@std@@@std@@QAEAAV012@H@Z"",""addend"":0,""target_address"":""0x0041F6D0""}]",0,R078
0x0041EE60,57,??Hiterator,??Hiterator@?$deque@U?$DequeAccessRecord@$00@@V?$allocator@U?$DequeAccessRecord@$00@@@std@@@std@@QBE?AV012@H@Z,"[""??Hiterator@?$deque@U?$DequeAccessRecord@$00@@V?$allocator@U?$DequeAccessRecord@$00@@@std@@@std@@QBE?AV012@H@Z"",""??Hiterator@?$deque@U?$DequeAccessRecord@$01@@V?$allocator@U?$DequeAccessRecord@$01@@@std@@@std@@QBE?AV012@H@Z"",""??Hiterator@?$deque@U?$DequeAccessRecord@$03@@V?$allocator@U?$DequeAccessRecord@$03@@@std@@@std@@QBE?AV012@H@Z"",""??Hiterator@?$deque@U?$DequeAccessRecord@$07@@V?$allocator@U?$DequeAccessRecord@$07@@@std@@@std@@QBE?AV012@H@Z"",""??Hiterator@?$deque@U?$DequeAccessRecord@$0BA@@@V?$allocator@U?$DequeAccessRecord@$0BA@@@@std@@@std@@QBE?AV012@H@Z"",""??Hiterator@?$deque@U?$DequeAccessRecord@$0CA@@@V?$allocator@U?$DequeAccessRecord@$0CA@@@@std@@@std@@QBE?AV012@H@Z"",""??Hiterator@?$deque@U?$DequeAccessRecord@$0EA@@@V?$allocator@U?$DequeAccessRecord@$0EA@@@@std@@@std@@QBE?AV012@H@Z""]",072b49fe059ac5a319c6078f6b2beb9834ef3ce0ac5d170627d518fbfa195453,be227bc9d0bae0d41e8097532cf8816d3a710449542f4f5188a418fe915ff10f,"[{""offset"":31,""type"":""REL32"",""symbol"":""??Yiterator@?$deque@U?$DequeAccessRecord@$00@@V?$allocator@U?$DequeAccessRecord@$00@@@std@@@std@@QAEAAV012@H@Z"",""addend"":0,""target_address"":""0x0041F6F0""}]",0,R078
0x0041EEA0,89,??Dconst_iterator,??Dconst_iterator@?$deque@U?$DequeAccessRecord@$03@@V?$allocator@U?$DequeAccessRecord@$03@@@std@@@std@@QBEABU?$DequeAccessRecord@$03@@XZ,"[""??Dconst_iterator@?$deque@U?$DequeAccessRecord@$03@@V?$allocator@U?$DequeAccessRecord@$03@@@std@@@std@@QBEABU?$DequeAccessRecord@$03@@XZ""]",defedce652cf9db7d2ca80b3bdd80282e7fd11dccaa1b07cf9dde0baf0d60ebe,defedce652cf9db7d2ca80b3bdd80282e7fd11dccaa1b07cf9dde0baf0d60ebe,[],0,R078
0x00421360,68,?at,?at@?$deque@U?$DequeAccessRecord@$00@@V?$allocator@U?$DequeAccessRecord@$00@@@std@@@std@@QAEAAU?$DequeAccessRecord@$00@@I@Z,"[""?at@?$deque@U?$DequeAccessRecord@$00@@V?$allocator@U?$DequeAccessRecord@$00@@@std@@@std@@QAEAAU?$DequeAccessRecord@$00@@I@Z"",""?at@?$deque@U?$DequeAccessRecord@$01@@V?$allocator@U?$DequeAccessRecord@$01@@@std@@@std@@QAEAAU?$DequeAccessRecord@$01@@I@Z"",""?at@?$deque@U?$DequeAccessRecord@$03@@V?$allocator@U?$DequeAccessRecord@$03@@@std@@@std@@QAEAAU?$DequeAccessRecord@$03@@I@Z"",""?at@?$deque@U?$DequeAccessRecord@$07@@V?$allocator@U?$DequeAccessRecord@$07@@@std@@@std@@QAEAAU?$DequeAccessRecord@$07@@I@Z"",""?at@?$deque@U?$DequeAccessRecord@$0BA@@@V?$allocator@U?$DequeAccessRecord@$0BA@@@@std@@@std@@QAEAAU?$DequeAccessRecord@$0BA@@@I@Z"",""?at@?$deque@U?$DequeAccessRecord@$0CA@@@V?$allocator@U?$DequeAccessRecord@$0CA@@@@std@@@std@@QAEAAU?$DequeAccessRecord@$0CA@@@I@Z"",""?at@?$deque@U?$DequeAccessRecord@$0EA@@@V?$allocator@U?$DequeAccessRecord@$0EA@@@@std@@@std@@QAEAAU?$DequeAccessRecord@$0EA@@@I@Z""]",e276cc86a6900658ce102a6eac3387d479c93c736e1afab114059a301cbda702,2759454504502f92d9bfb3338b3665a137914557f50b7953cd9a588f9edcf46a,"[{""offset"":24,""type"":""REL32"",""symbol"":""?_Xran@?$deque@U?$DequeAccessRecord@$00@@V?$allocator@U?$DequeAccessRecord@$00@@@std@@@std@@IBEXXZ"",""addend"":0,""target_address"":""0x00421750""},{""offset"":44,""type"":""REL32"",""symbol"":""?begin@?$deque@U?$DequeAccessRecord@$00@@V?$allocator@U?$DequeAccessRecord@$00@@@std@@@std@@QAE?AViterator@12@XZ"",""addend"":0,""target_address"":""0x004216F0""},{""offset"":51,""type"":""REL32"",""symbol"":""??Hiterator@?$deque@U?$DequeAccessRecord@$00@@V?$allocator@U?$DequeAccessRecord@$00@@@std@@@std@@QBE?AV012@H@Z"",""addend"":0,""target_address"":""0x00421F40""},{""offset"":58,""type"":""REL32"",""symbol"":""??Diterator@?$deque@U?$DequeAccessRecord@$00@@V?$allocator@U?$DequeAccessRecord@$00@@@std@@@std@@QBEAAU?$DequeAccessRecord@$00@@XZ"",""addend"":0,""target_address"":""0x00421F20""}]",0,R078
0x00421570,68,?at,?at@?$deque@U?$DequeAccessRecord@$00@@V?$allocator@U?$DequeAccessRecord@$00@@@std@@@std@@QAEAAU?$DequeAccessRecord@$00@@I@Z,"[""?at@?$deque@U?$DequeAccessRecord@$00@@V?$allocator@U?$DequeAccessRecord@$00@@@std@@@std@@QAEAAU?$DequeAccessRecord@$00@@I@Z"",""?at@?$deque@U?$DequeAccessRecord@$01@@V?$allocator@U?$DequeAccessRecord@$01@@@std@@@std@@QAEAAU?$DequeAccessRecord@$01@@I@Z"",""?at@?$deque@U?$DequeAccessRecord@$03@@V?$allocator@U?$DequeAccessRecord@$03@@@std@@@std@@QAEAAU?$DequeAccessRecord@$03@@I@Z"",""?at@?$deque@U?$DequeAccessRecord@$07@@V?$allocator@U?$DequeAccessRecord@$07@@@std@@@std@@QAEAAU?$DequeAccessRecord@$07@@I@Z"",""?at@?$deque@U?$DequeAccessRecord@$0BA@@@V?$allocator@U?$DequeAccessRecord@$0BA@@@@std@@@std@@QAEAAU?$DequeAccessRecord@$0BA@@@I@Z"",""?at@?$deque@U?$DequeAccessRecord@$0CA@@@V?$allocator@U?$DequeAccessRecord@$0CA@@@@std@@@std@@QAEAAU?$DequeAccessRecord@$0CA@@@I@Z"",""?at@?$deque@U?$DequeAccessRecord@$0EA@@@V?$allocator@U?$DequeAccessRecord@$0EA@@@@std@@@std@@QAEAAU?$DequeAccessRecord@$0EA@@@I@Z""]",e276cc86a6900658ce102a6eac3387d479c93c736e1afab114059a301cbda702,afdb344201f2fcb674c8335abfb2a20f0123be3c41a880b0a82b5ac6b5d3cb31,"[{""offset"":24,""type"":""REL32"",""symbol"":""?_Xran@?$deque@U?$DequeAccessRecord@$00@@V?$allocator@U?$DequeAccessRecord@$00@@@std@@@std@@IBEXXZ"",""addend"":0,""target_address"":""0x00421B70""},{""offset"":44,""type"":""REL32"",""symbol"":""?begin@?$deque@U?$DequeAccessRecord@$00@@V?$allocator@U?$DequeAccessRecord@$00@@@std@@@std@@QAE?AViterator@12@XZ"",""addend"":0,""target_address"":""0x00421B10""},{""offset"":51,""type"":""REL32"",""symbol"":""??Hiterator@?$deque@U?$DequeAccessRecord@$00@@V?$allocator@U?$DequeAccessRecord@$00@@@std@@@std@@QBE?AV012@H@Z"",""addend"":0,""target_address"":""0x00421FE0""},{""offset"":58,""type"":""REL32"",""symbol"":""??Diterator@?$deque@U?$DequeAccessRecord@$00@@V?$allocator@U?$DequeAccessRecord@$00@@@std@@@std@@QBEAAU?$DequeAccessRecord@$00@@XZ"",""addend"":0,""target_address"":""0x00421FC0""}]",0,R078
0x00421F40,57,??Hiterator,??Hiterator@?$deque@U?$DequeAccessRecord@$00@@V?$allocator@U?$DequeAccessRecord@$00@@@std@@@std@@QBE?AV012@H@Z,"[""??Hiterator@?$deque@U?$DequeAccessRecord@$00@@V?$allocator@U?$DequeAccessRecord@$00@@@std@@@std@@QBE?AV012@H@Z"",""??Hiterator@?$deque@U?$DequeAccessRecord@$01@@V?$allocator@U?$DequeAccessRecord@$01@@@std@@@std@@QBE?AV012@H@Z"",""??Hiterator@?$deque@U?$DequeAccessRecord@$03@@V?$allocator@U?$DequeAccessRecord@$03@@@std@@@std@@QBE?AV012@H@Z"",""??Hiterator@?$deque@U?$DequeAccessRecord@$07@@V?$allocator@U?$DequeAccessRecord@$07@@@std@@@std@@QBE?AV012@H@Z"",""??Hiterator@?$deque@U?$DequeAccessRecord@$0BA@@@V?$allocator@U?$DequeAccessRecord@$0BA@@@@std@@@std@@QBE?AV012@H@Z"",""??Hiterator@?$deque@U?$DequeAccessRecord@$0CA@@@V?$allocator@U?$DequeAccessRecord@$0CA@@@@std@@@std@@QBE?AV012@H@Z"",""??Hiterator@?$deque@U?$DequeAccessRecord@$0EA@@@V?$allocator@U?$DequeAccessRecord@$0EA@@@@std@@@std@@QBE?AV012@H@Z""]",072b49fe059ac5a319c6078f6b2beb9834ef3ce0ac5d170627d518fbfa195453,ddddf26498911430b1e8dd19879c87bc7bec91d1a48f57d08203af38417121ed,"[{""offset"":31,""type"":""REL32"",""symbol"":""??Yiterator@?$deque@U?$DequeAccessRecord@$00@@V?$allocator@U?$DequeAccessRecord@$00@@@std@@@std@@QAEAAV012@H@Z"",""addend"":0,""target_address"":""0x00422460""}]",0,R078
0x00421F80,57,??Hiterator,??Hiterator@?$deque@U?$DequeAccessRecord@$00@@V?$allocator@U?$DequeAccessRecord@$00@@@std@@@std@@QBE?AV012@H@Z,"[""??Hiterator@?$deque@U?$DequeAccessRecord@$00@@V?$allocator@U?$DequeAccessRecord@$00@@@std@@@std@@QBE?AV012@H@Z"",""??Hiterator@?$deque@U?$DequeAccessRecord@$01@@V?$allocator@U?$DequeAccessRecord@$01@@@std@@@std@@QBE?AV012@H@Z"",""??Hiterator@?$deque@U?$DequeAccessRecord@$03@@V?$allocator@U?$DequeAccessRecord@$03@@@std@@@std@@QBE?AV012@H@Z"",""??Hiterator@?$deque@U?$DequeAccessRecord@$07@@V?$allocator@U?$DequeAccessRecord@$07@@@std@@@std@@QBE?AV012@H@Z"",""??Hiterator@?$deque@U?$DequeAccessRecord@$0BA@@@V?$allocator@U?$DequeAccessRecord@$0BA@@@@std@@@std@@QBE?AV012@H@Z"",""??Hiterator@?$deque@U?$DequeAccessRecord@$0CA@@@V?$allocator@U?$DequeAccessRecord@$0CA@@@@std@@@std@@QBE?AV012@H@Z"",""??Hiterator@?$deque@U?$DequeAccessRecord@$0EA@@@V?$allocator@U?$DequeAccessRecord@$0EA@@@@std@@@std@@QBE?AV012@H@Z""]",072b49fe059ac5a319c6078f6b2beb9834ef3ce0ac5d170627d518fbfa195453,05d2f95b71511da2c7b570727f70f1acae34694a8e152c9d162923e794d8e41f,"[{""offset"":31,""type"":""REL32"",""symbol"":""??Yiterator@?$deque@U?$DequeAccessRecord@$00@@V?$allocator@U?$DequeAccessRecord@$00@@@std@@@std@@QAEAAV012@H@Z"",""addend"":0,""target_address"":""0x00422480""}]",0,R078
0x00421FE0,57,??Hiterator,??Hiterator@?$deque@U?$DequeAccessRecord@$00@@V?$allocator@U?$DequeAccessRecord@$00@@@std@@@std@@QBE?AV012@H@Z,"[""??Hiterator@?$deque@U?$DequeAccessRecord@$00@@V?$allocator@U?$DequeAccessRecord@$00@@@std@@@std@@QBE?AV012@H@Z"",""??Hiterator@?$deque@U?$DequeAccessRecord@$01@@V?$allocator@U?$DequeAccessRecord@$01@@@std@@@std@@QBE?AV012@H@Z"",""??Hiterator@?$deque@U?$DequeAccessRecord@$03@@V?$allocator@U?$DequeAccessRecord@$03@@@std@@@std@@QBE?AV012@H@Z"",""??Hiterator@?$deque@U?$DequeAccessRecord@$07@@V?$allocator@U?$DequeAccessRecord@$07@@@std@@@std@@QBE?AV012@H@Z"",""??Hiterator@?$deque@U?$DequeAccessRecord@$0BA@@@V?$allocator@U?$DequeAccessRecord@$0BA@@@@std@@@std@@QBE?AV012@H@Z"",""??Hiterator@?$deque@U?$DequeAccessRecord@$0CA@@@V?$allocator@U?$DequeAccessRecord@$0CA@@@@std@@@std@@QBE?AV012@H@Z"",""??Hiterator@?$deque@U?$DequeAccessRecord@$0EA@@@V?$allocator@U?$DequeAccessRecord@$0EA@@@@std@@@std@@QBE?AV012@H@Z""]",072b49fe059ac5a319c6078f6b2beb9834ef3ce0ac5d170627d518fbfa195453,39e1e4816d3ff8565f71d8f532b2fe41ed394b537db43479f0c18b6f56817c36,"[{""offset"":31,""type"":""REL32"",""symbol"":""??Yiterator@?$deque@U?$DequeAccessRecord@$00@@V?$allocator@U?$DequeAccessRecord@$00@@@std@@@std@@QAEAAV012@H@Z"",""addend"":0,""target_address"":""0x00422520""}]",0,R078
0x00422020,57,??Hiterator,??Hiterator@?$deque@U?$DequeAccessRecord@$00@@V?$allocator@U?$DequeAccessRecord@$00@@@std@@@std@@QBE?AV012@H@Z,"[""??Hiterator@?$deque@U?$DequeAccessRecord@$00@@V?$allocator@U?$DequeAccessRecord@$00@@@std@@@std@@QBE?AV012@H@Z"",""??Hiterator@?$deque@U?$DequeAccessRecord@$01@@V?$allocator@U?$DequeAccessRecord@$01@@@std@@@std@@QBE?AV012@H@Z"",""??Hiterator@?$deque@U?$DequeAccessRecord@$03@@V?$allocator@U?$DequeAccessRecord@$03@@@std@@@std@@QBE?AV012@H@Z"",""??Hiterator@?$deque@U?$DequeAccessRecord@$07@@V?$allocator@U?$DequeAccessRecord@$07@@@std@@@std@@QBE?AV012@H@Z"",""??Hiterator@?$deque@U?$DequeAccessRecord@$0BA@@@V?$allocator@U?$DequeAccessRecord@$0BA@@@@std@@@std@@QBE?AV012@H@Z"",""??Hiterator@?$deque@U?$DequeAccessRecord@$0CA@@@V?$allocator@U?$DequeAccessRecord@$0CA@@@@std@@@std@@QBE?AV012@H@Z"",""??Hiterator@?$deque@U?$DequeAccessRecord@$0EA@@@V?$allocator@U?$DequeAccessRecord@$0EA@@@@std@@@std@@QBE?AV012@H@Z""]",072b49fe059ac5a319c6078f6b2beb9834ef3ce0ac5d170627d518fbfa195453,ddddf26498911430b1e8dd19879c87bc7bec91d1a48f57d08203af38417121ed,"[{""offset"":31,""type"":""REL32"",""symbol"":""??Yiterator@?$deque@U?$DequeAccessRecord@$00@@V?$allocator@U?$DequeAccessRecord@$00@@@std@@@std@@QAEAAV012@H@Z"",""addend"":0,""target_address"":""0x00422540""}]",0,R078
0x004224A0,87,??Dconst_iterator,??Dconst_iterator@?$deque@U?$DequeAccessRecord@$07@@V?$allocator@U?$DequeAccessRecord@$07@@@std@@@std@@QBEABU?$DequeAccessRecord@$07@@XZ,"[""??Dconst_iterator@?$deque@U?$DequeAccessRecord@$07@@V?$allocator@U?$DequeAccessRecord@$07@@@std@@@std@@QBEABU?$DequeAccessRecord@$07@@XZ""]",f3ebbcdaff9d26cbddc9de5677fa36379ba3515384a55701f69f4fb9af6e6aef,f3ebbcdaff9d26cbddc9de5677fa36379ba3515384a55701f69f4fb9af6e6aef,[],0,R078
0x00423D60,68,?at,?at@?$deque@U?$DequeAccessRecord@$00@@V?$allocator@U?$DequeAccessRecord@$00@@@std@@@std@@QAEAAU?$DequeAccessRecord@$00@@I@Z,"[""?at@?$deque@U?$DequeAccessRecord@$00@@V?$allocator@U?$DequeAccessRecord@$00@@@std@@@std@@QAEAAU?$DequeAccessRecord@$00@@I@Z"",""?at@?$deque@U?$DequeAccessRecord@$01@@V?$allocator@U?$DequeAccessRecord@$01@@@std@@@std@@QAEAAU?$DequeAccessRecord@$01@@I@Z"",""?at@?$deque@U?$DequeAccessRecord@$03@@V?$allocator@U?$DequeAccessRecord@$03@@@std@@@std@@QAEAAU?$DequeAccessRecord@$03@@I@Z"",""?at@?$deque@U?$DequeAccessRecord@$07@@V?$allocator@U?$DequeAccessRecord@$07@@@std@@@std@@QAEAAU?$DequeAccessRecord@$07@@I@Z"",""?at@?$deque@U?$DequeAccessRecord@$0BA@@@V?$allocator@U?$DequeAccessRecord@$0BA@@@@std@@@std@@QAEAAU?$DequeAccessRecord@$0BA@@@I@Z"",""?at@?$deque@U?$DequeAccessRecord@$0CA@@@V?$allocator@U?$DequeAccessRecord@$0CA@@@@std@@@std@@QAEAAU?$DequeAccessRecord@$0CA@@@I@Z"",""?at@?$deque@U?$DequeAccessRecord@$0EA@@@V?$allocator@U?$DequeAccessRecord@$0EA@@@@std@@@std@@QAEAAU?$DequeAccessRecord@$0EA@@@I@Z""]",e276cc86a6900658ce102a6eac3387d479c93c736e1afab114059a301cbda702,89a35b96869567c0c973c1499c79c77a2cf8b31f77a41c07f6070eb0e0e78d40,"[{""offset"":24,""type"":""REL32"",""symbol"":""?_Xran@?$deque@U?$DequeAccessRecord@$00@@V?$allocator@U?$DequeAccessRecord@$00@@@std@@@std@@IBEXXZ"",""addend"":0,""target_address"":""0x00424110""},{""offset"":44,""type"":""REL32"",""symbol"":""?begin@?$deque@U?$DequeAccessRecord@$00@@V?$allocator@U?$DequeAccessRecord@$00@@@std@@@std@@QAE?AViterator@12@XZ"",""addend"":0,""target_address"":""0x00423CE0""},{""offset"":51,""type"":""REL32"",""symbol"":""??Hiterator@?$deque@U?$DequeAccessRecord@$00@@V?$allocator@U?$DequeAccessRecord@$00@@@std@@@std@@QBE?AV012@H@Z"",""addend"":0,""target_address"":""0x004244C0""},{""offset"":58,""type"":""REL32"",""symbol"":""??Diterator@?$deque@U?$DequeAccessRecord@$00@@V?$allocator@U?$DequeAccessRecord@$00@@@std@@@std@@QBEAAU?$DequeAccessRecord@$00@@XZ"",""addend"":0,""target_address"":""0x00423F70""}]",0,R078
0x004244C0,57,??Hiterator,??Hiterator@?$deque@U?$DequeAccessRecord@$00@@V?$allocator@U?$DequeAccessRecord@$00@@@std@@@std@@QBE?AV012@H@Z,"[""??Hiterator@?$deque@U?$DequeAccessRecord@$00@@V?$allocator@U?$DequeAccessRecord@$00@@@std@@@std@@QBE?AV012@H@Z"",""??Hiterator@?$deque@U?$DequeAccessRecord@$01@@V?$allocator@U?$DequeAccessRecord@$01@@@std@@@std@@QBE?AV012@H@Z"",""??Hiterator@?$deque@U?$DequeAccessRecord@$03@@V?$allocator@U?$DequeAccessRecord@$03@@@std@@@std@@QBE?AV012@H@Z"",""??Hiterator@?$deque@U?$DequeAccessRecord@$07@@V?$allocator@U?$DequeAccessRecord@$07@@@std@@@std@@QBE?AV012@H@Z"",""??Hiterator@?$deque@U?$DequeAccessRecord@$0BA@@@V?$allocator@U?$DequeAccessRecord@$0BA@@@@std@@@std@@QBE?AV012@H@Z"",""??Hiterator@?$deque@U?$DequeAccessRecord@$0CA@@@V?$allocator@U?$DequeAccessRecord@$0CA@@@@std@@@std@@QBE?AV012@H@Z"",""??Hiterator@?$deque@U?$DequeAccessRecord@$0EA@@@V?$allocator@U?$DequeAccessRecord@$0EA@@@@std@@@std@@QBE?AV012@H@Z""]",072b49fe059ac5a319c6078f6b2beb9834ef3ce0ac5d170627d518fbfa195453,353b32b27ea6760737a155f524ef22429ba29ad5bf339c6a1d4ac7b91364c29c,"[{""offset"":31,""type"":""REL32"",""symbol"":""??Yiterator@?$deque@U?$DequeAccessRecord@$00@@V?$allocator@U?$DequeAccessRecord@$00@@@std@@@std@@QAEAAV012@H@Z"",""addend"":0,""target_address"":""0x00424840""}]",0,R078
0x00424530,89,??Dconst_iterator,??Dconst_iterator@?$deque@U?$DequeAccessRecord@$03@@V?$allocator@U?$DequeAccessRecord@$03@@@std@@@std@@QBEABU?$DequeAccessRecord@$03@@XZ,"[""??Dconst_iterator@?$deque@U?$DequeAccessRecord@$03@@V?$allocator@U?$DequeAccessRecord@$03@@@std@@@std@@QBEABU?$DequeAccessRecord@$03@@XZ""]",defedce652cf9db7d2ca80b3bdd80282e7fd11dccaa1b07cf9dde0baf0d60ebe,defedce652cf9db7d2ca80b3bdd80282e7fd11dccaa1b07cf9dde0baf0d60ebe,[],0,R078
0x0042E040,57,??Hiterator,??Hiterator@?$deque@U?$DequeAccessRecord@$00@@V?$allocator@U?$DequeAccessRecord@$00@@@std@@@std@@QBE?AV012@H@Z,"[""??Hiterator@?$deque@U?$DequeAccessRecord@$00@@V?$allocator@U?$DequeAccessRecord@$00@@@std@@@std@@QBE?AV012@H@Z"",""??Hiterator@?$deque@U?$DequeAccessRecord@$01@@V?$allocator@U?$DequeAccessRecord@$01@@@std@@@std@@QBE?AV012@H@Z"",""??Hiterator@?$deque@U?$DequeAccessRecord@$03@@V?$allocator@U?$DequeAccessRecord@$03@@@std@@@std@@QBE?AV012@H@Z"",""??Hiterator@?$deque@U?$DequeAccessRecord@$07@@V?$allocator@U?$DequeAccessRecord@$07@@@std@@@std@@QBE?AV012@H@Z"",""??Hiterator@?$deque@U?$DequeAccessRecord@$0BA@@@V?$allocator@U?$DequeAccessRecord@$0BA@@@@std@@@std@@QBE?AV012@H@Z"",""??Hiterator@?$deque@U?$DequeAccessRecord@$0CA@@@V?$allocator@U?$DequeAccessRecord@$0CA@@@@std@@@std@@QBE?AV012@H@Z"",""??Hiterator@?$deque@U?$DequeAccessRecord@$0EA@@@V?$allocator@U?$DequeAccessRecord@$0EA@@@@std@@@std@@QBE?AV012@H@Z""]",072b49fe059ac5a319c6078f6b2beb9834ef3ce0ac5d170627d518fbfa195453,42481c527532c4841d98548a409857c8336366f085f0193e1a7b18746ecfd933,"[{""offset"":31,""type"":""REL32"",""symbol"":""??Yiterator@?$deque@U?$DequeAccessRecord@$00@@V?$allocator@U?$DequeAccessRecord@$00@@@std@@@std@@QAEAAV012@H@Z"",""addend"":0,""target_address"":""0x0042E2D0""}]",0,R078
0x0042E0A0,57,??Hiterator,??Hiterator@?$deque@U?$DequeAccessRecord@$00@@V?$allocator@U?$DequeAccessRecord@$00@@@std@@@std@@QBE?AV012@H@Z,"[""??Hiterator@?$deque@U?$DequeAccessRecord@$00@@V?$allocator@U?$DequeAccessRecord@$00@@@std@@@std@@QBE?AV012@H@Z"",""??Hiterator@?$deque@U?$DequeAccessRecord@$01@@V?$allocator@U?$DequeAccessRecord@$01@@@std@@@std@@QBE?AV012@H@Z"",""??Hiterator@?$deque@U?$DequeAccessRecord@$03@@V?$allocator@U?$DequeAccessRecord@$03@@@std@@@std@@QBE?AV012@H@Z"",""??Hiterator@?$deque@U?$DequeAccessRecord@$07@@V?$allocator@U?$DequeAccessRecord@$07@@@std@@@std@@QBE?AV012@H@Z"",""??Hiterator@?$deque@U?$DequeAccessRecord@$0BA@@@V?$allocator@U?$DequeAccessRecord@$0BA@@@@std@@@std@@QBE?AV012@H@Z"",""??Hiterator@?$deque@U?$DequeAccessRecord@$0CA@@@V?$allocator@U?$DequeAccessRecord@$0CA@@@@std@@@std@@QBE?AV012@H@Z"",""??Hiterator@?$deque@U?$DequeAccessRecord@$0EA@@@V?$allocator@U?$DequeAccessRecord@$0EA@@@@std@@@std@@QBE?AV012@H@Z""]",072b49fe059ac5a319c6078f6b2beb9834ef3ce0ac5d170627d518fbfa195453,0d5c4d092157032366486796ad35dc96ced5497ff0282419e2f9fb0f2851c0a7,"[{""offset"":31,""type"":""REL32"",""symbol"":""??Yiterator@?$deque@U?$DequeAccessRecord@$00@@V?$allocator@U?$DequeAccessRecord@$00@@@std@@@std@@QAEAAV012@H@Z"",""addend"":0,""target_address"":""0x0042E310""}]",0,R078
0x00445560,89,??Dconst_iterator,??Dconst_iterator@?$deque@U?$DequeAccessRecord@$03@@V?$allocator@U?$DequeAccessRecord@$03@@@std@@@std@@QBEABU?$DequeAccessRecord@$03@@XZ,"[""??Dconst_iterator@?$deque@U?$DequeAccessRecord@$03@@V?$allocator@U?$DequeAccessRecord@$03@@@std@@@std@@QBEABU?$DequeAccessRecord@$03@@XZ""]",defedce652cf9db7d2ca80b3bdd80282e7fd11dccaa1b07cf9dde0baf0d60ebe,defedce652cf9db7d2ca80b3bdd80282e7fd11dccaa1b07cf9dde0baf0d60ebe,[],0,R078
0x00455C60,57,??Hiterator,??Hiterator@?$deque@U?$DequeAccessRecord@$00@@V?$allocator@U?$DequeAccessRecord@$00@@@std@@@std@@QBE?AV012@H@Z,"[""??Hiterator@?$deque@U?$DequeAccessRecord@$00@@V?$allocator@U?$DequeAccessRecord@$00@@@std@@@std@@QBE?AV012@H@Z"",""??Hiterator@?$deque@U?$DequeAccessRecord@$01@@V?$allocator@U?$DequeAccessRecord@$01@@@std@@@std@@QBE?AV012@H@Z"",""??Hiterator@?$deque@U?$DequeAccessRecord@$03@@V?$allocator@U?$DequeAccessRecord@$03@@@std@@@std@@QBE?AV012@H@Z"",""??Hiterator@?$deque@U?$DequeAccessRecord@$07@@V?$allocator@U?$DequeAccessRecord@$07@@@std@@@std@@QBE?AV012@H@Z"",""??Hiterator@?$deque@U?$DequeAccessRecord@$0BA@@@V?$allocator@U?$DequeAccessRecord@$0BA@@@@std@@@std@@QBE?AV012@H@Z"",""??Hiterator@?$deque@U?$DequeAccessRecord@$0CA@@@V?$allocator@U?$DequeAccessRecord@$0CA@@@@std@@@std@@QBE?AV012@H@Z"",""??Hiterator@?$deque@U?$DequeAccessRecord@$0EA@@@V?$allocator@U?$DequeAccessRecord@$0EA@@@@std@@@std@@QBE?AV012@H@Z""]",072b49fe059ac5a319c6078f6b2beb9834ef3ce0ac5d170627d518fbfa195453,8d2f650780ddf794563f31427b249c3a86b309db99828a1ca3cc84059f089a00,"[{""offset"":31,""type"":""REL32"",""symbol"":""??Yiterator@?$deque@U?$DequeAccessRecord@$00@@V?$allocator@U?$DequeAccessRecord@$00@@@std@@@std@@QAEAAV012@H@Z"",""addend"":0,""target_address"":""0x00455D10""}]",0,R078
0x0045BF70,68,?at,?at@?$deque@U?$DequeAccessRecord@$00@@V?$allocator@U?$DequeAccessRecord@$00@@@std@@@std@@QAEAAU?$DequeAccessRecord@$00@@I@Z,"[""?at@?$deque@U?$DequeAccessRecord@$00@@V?$allocator@U?$DequeAccessRecord@$00@@@std@@@std@@QAEAAU?$DequeAccessRecord@$00@@I@Z"",""?at@?$deque@U?$DequeAccessRecord@$01@@V?$allocator@U?$DequeAccessRecord@$01@@@std@@@std@@QAEAAU?$DequeAccessRecord@$01@@I@Z"",""?at@?$deque@U?$DequeAccessRecord@$03@@V?$allocator@U?$DequeAccessRecord@$03@@@std@@@std@@QAEAAU?$DequeAccessRecord@$03@@I@Z"",""?at@?$deque@U?$DequeAccessRecord@$07@@V?$allocator@U?$DequeAccessRecord@$07@@@std@@@std@@QAEAAU?$DequeAccessRecord@$07@@I@Z"",""?at@?$deque@U?$DequeAccessRecord@$0BA@@@V?$allocator@U?$DequeAccessRecord@$0BA@@@@std@@@std@@QAEAAU?$DequeAccessRecord@$0BA@@@I@Z"",""?at@?$deque@U?$DequeAccessRecord@$0CA@@@V?$allocator@U?$DequeAccessRecord@$0CA@@@@std@@@std@@QAEAAU?$DequeAccessRecord@$0CA@@@I@Z"",""?at@?$deque@U?$DequeAccessRecord@$0EA@@@V?$allocator@U?$DequeAccessRecord@$0EA@@@@std@@@std@@QAEAAU?$DequeAccessRecord@$0EA@@@I@Z""]",e276cc86a6900658ce102a6eac3387d479c93c736e1afab114059a301cbda702,f80e955e556b02bb7bf120b5a6daee7ce2407b87b80b512bc739ee6d6e33381b,"[{""offset"":24,""type"":""REL32"",""symbol"":""?_Xran@?$deque@U?$DequeAccessRecord@$00@@V?$allocator@U?$DequeAccessRecord@$00@@@std@@@std@@IBEXXZ"",""addend"":0,""target_address"":""0x0045C210""},{""offset"":44,""type"":""REL32"",""symbol"":""?begin@?$deque@U?$DequeAccessRecord@$00@@V?$allocator@U?$DequeAccessRecord@$00@@@std@@@std@@QAE?AViterator@12@XZ"",""addend"":0,""target_address"":""0x00445360""},{""offset"":51,""type"":""REL32"",""symbol"":""??Hiterator@?$deque@U?$DequeAccessRecord@$00@@V?$allocator@U?$DequeAccessRecord@$00@@@std@@@std@@QBE?AV012@H@Z"",""addend"":0,""target_address"":""0x0045C5D0""},{""offset"":58,""type"":""REL32"",""symbol"":""??Diterator@?$deque@U?$DequeAccessRecord@$00@@V?$allocator@U?$DequeAccessRecord@$00@@@std@@@std@@QBEAAU?$DequeAccessRecord@$00@@XZ"",""addend"":0,""target_address"":""0x004453E0""}]",0,R078
0x0045C5D0,57,??Hiterator,??Hiterator@?$deque@U?$DequeAccessRecord@$00@@V?$allocator@U?$DequeAccessRecord@$00@@@std@@@std@@QBE?AV012@H@Z,"[""??Hiterator@?$deque@U?$DequeAccessRecord@$00@@V?$allocator@U?$DequeAccessRecord@$00@@@std@@@std@@QBE?AV012@H@Z"",""??Hiterator@?$deque@U?$DequeAccessRecord@$01@@V?$allocator@U?$DequeAccessRecord@$01@@@std@@@std@@QBE?AV012@H@Z"",""??Hiterator@?$deque@U?$DequeAccessRecord@$03@@V?$allocator@U?$DequeAccessRecord@$03@@@std@@@std@@QBE?AV012@H@Z"",""??Hiterator@?$deque@U?$DequeAccessRecord@$07@@V?$allocator@U?$DequeAccessRecord@$07@@@std@@@std@@QBE?AV012@H@Z"",""??Hiterator@?$deque@U?$DequeAccessRecord@$0BA@@@V?$allocator@U?$DequeAccessRecord@$0BA@@@@std@@@std@@QBE?AV012@H@Z"",""??Hiterator@?$deque@U?$DequeAccessRecord@$0CA@@@V?$allocator@U?$DequeAccessRecord@$0CA@@@@std@@@std@@QBE?AV012@H@Z"",""??Hiterator@?$deque@U?$DequeAccessRecord@$0EA@@@V?$allocator@U?$DequeAccessRecord@$0EA@@@@std@@@std@@QBE?AV012@H@Z""]",072b49fe059ac5a319c6078f6b2beb9834ef3ce0ac5d170627d518fbfa195453,544272d5e739dcfb287d6c052e26c2076a9f28504e3abc4f67af8a798dcbf621,"[{""offset"":31,""type"":""REL32"",""symbol"":""??Yiterator@?$deque@U?$DequeAccessRecord@$00@@V?$allocator@U?$DequeAccessRecord@$00@@@std@@@std@@QAEAAV012@H@Z"",""addend"":0,""target_address"":""0x0045C8B0""}]",0,R078
0x005F8130,68,?at,?at@?$deque@U?$DequeAccessRecord@$00@@V?$allocator@U?$DequeAccessRecord@$00@@@std@@@std@@QAEAAU?$DequeAccessRecord@$00@@I@Z,"[""?at@?$deque@U?$DequeAccessRecord@$00@@V?$allocator@U?$DequeAccessRecord@$00@@@std@@@std@@QAEAAU?$DequeAccessRecord@$00@@I@Z"",""?at@?$deque@U?$DequeAccessRecord@$01@@V?$allocator@U?$DequeAccessRecord@$01@@@std@@@std@@QAEAAU?$DequeAccessRecord@$01@@I@Z"",""?at@?$deque@U?$DequeAccessRecord@$03@@V?$allocator@U?$DequeAccessRecord@$03@@@std@@@std@@QAEAAU?$DequeAccessRecord@$03@@I@Z"",""?at@?$deque@U?$DequeAccessRecord@$07@@V?$allocator@U?$DequeAccessRecord@$07@@@std@@@std@@QAEAAU?$DequeAccessRecord@$07@@I@Z"",""?at@?$deque@U?$DequeAccessRecord@$0BA@@@V?$allocator@U?$DequeAccessRecord@$0BA@@@@std@@@std@@QAEAAU?$DequeAccessRecord@$0BA@@@I@Z"",""?at@?$deque@U?$DequeAccessRecord@$0CA@@@V?$allocator@U?$DequeAccessRecord@$0CA@@@@std@@@std@@QAEAAU?$DequeAccessRecord@$0CA@@@I@Z"",""?at@?$deque@U?$DequeAccessRecord@$0EA@@@V?$allocator@U?$DequeAccessRecord@$0EA@@@@std@@@std@@QAEAAU?$DequeAccessRecord@$0EA@@@I@Z""]",e276cc86a6900658ce102a6eac3387d479c93c736e1afab114059a301cbda702,e822a4c622019eb5e6b638633e41156c6ae2a7377a2ab7fe308b435382725720,"[{""offset"":24,""type"":""REL32"",""symbol"":""?_Xran@?$deque@U?$DequeAccessRecord@$00@@V?$allocator@U?$DequeAccessRecord@$00@@@std@@@std@@IBEXXZ"",""addend"":0,""target_address"":""0x005F8790""},{""offset"":44,""type"":""REL32"",""symbol"":""?begin@?$deque@U?$DequeAccessRecord@$00@@V?$allocator@U?$DequeAccessRecord@$00@@@std@@@std@@QAE?AViterator@12@XZ"",""addend"":0,""target_address"":""0x005F80B0""},{""offset"":51,""type"":""REL32"",""symbol"":""??Hiterator@?$deque@U?$DequeAccessRecord@$00@@V?$allocator@U?$DequeAccessRecord@$00@@@std@@@std@@QBE?AV012@H@Z"",""addend"":0,""target_address"":""0x005F8D30""},{""offset"":58,""type"":""REL32"",""symbol"":""??Diterator@?$deque@U?$DequeAccessRecord@$00@@V?$allocator@U?$DequeAccessRecord@$00@@@std@@@std@@QBEAAU?$DequeAccessRecord@$00@@XZ"",""addend"":0,""target_address"":""0x005F8400""}]",0,R078
0x005F8D30,57,??Hiterator,??Hiterator@?$deque@U?$DequeAccessRecord@$00@@V?$allocator@U?$DequeAccessRecord@$00@@@std@@@std@@QBE?AV012@H@Z,"[""??Hiterator@?$deque@U?$DequeAccessRecord@$00@@V?$allocator@U?$DequeAccessRecord@$00@@@std@@@std@@QBE?AV012@H@Z"",""??Hiterator@?$deque@U?$DequeAccessRecord@$01@@V?$allocator@U?$DequeAccessRecord@$01@@@std@@@std@@QBE?AV012@H@Z"",""??Hiterator@?$deque@U?$DequeAccessRecord@$03@@V?$allocator@U?$DequeAccessRecord@$03@@@std@@@std@@QBE?AV012@H@Z"",""??Hiterator@?$deque@U?$DequeAccessRecord@$07@@V?$allocator@U?$DequeAccessRecord@$07@@@std@@@std@@QBE?AV012@H@Z"",""??Hiterator@?$deque@U?$DequeAccessRecord@$0BA@@@V?$allocator@U?$DequeAccessRecord@$0BA@@@@std@@@std@@QBE?AV012@H@Z"",""??Hiterator@?$deque@U?$DequeAccessRecord@$0CA@@@V?$allocator@U?$DequeAccessRecord@$0CA@@@@std@@@std@@QBE?AV012@H@Z"",""??Hiterator@?$deque@U?$DequeAccessRecord@$0EA@@@V?$allocator@U?$DequeAccessRecord@$0EA@@@@std@@@std@@QBE?AV012@H@Z""]",072b49fe059ac5a319c6078f6b2beb9834ef3ce0ac5d170627d518fbfa195453,8a3d8434bf3ea1085f2ab666c07e2f0f3a78f3289665274eeb24bca89ec4f9d3,"[{""offset"":31,""type"":""REL32"",""symbol"":""??Yiterator@?$deque@U?$DequeAccessRecord@$00@@V?$allocator@U?$DequeAccessRecord@$00@@@std@@@std@@QAEAAV012@H@Z"",""addend"":0,""target_address"":""0x005F9510""}]",0,R078
0x005F8D70,57,??Hiterator,??Hiterator@?$deque@U?$DequeAccessRecord@$00@@V?$allocator@U?$DequeAccessRecord@$00@@@std@@@std@@QBE?AV012@H@Z,"[""??Hiterator@?$deque@U?$DequeAccessRecord@$00@@V?$allocator@U?$DequeAccessRecord@$00@@@std@@@std@@QBE?AV012@H@Z"",""??Hiterator@?$deque@U?$DequeAccessRecord@$01@@V?$allocator@U?$DequeAccessRecord@$01@@@std@@@std@@QBE?AV012@H@Z"",""??Hiterator@?$deque@U?$DequeAccessRecord@$03@@V?$allocator@U?$DequeAccessRecord@$03@@@std@@@std@@QBE?AV012@H@Z"",""??Hiterator@?$deque@U?$DequeAccessRecord@$07@@V?$allocator@U?$DequeAccessRecord@$07@@@std@@@std@@QBE?AV012@H@Z"",""??Hiterator@?$deque@U?$DequeAccessRecord@$0BA@@@V?$allocator@U?$DequeAccessRecord@$0BA@@@@std@@@std@@QBE?AV012@H@Z"",""??Hiterator@?$deque@U?$DequeAccessRecord@$0CA@@@V?$allocator@U?$DequeAccessRecord@$0CA@@@@std@@@std@@QBE?AV012@H@Z"",""??Hiterator@?$deque@U?$DequeAccessRecord@$0EA@@@V?$allocator@U?$DequeAccessRecord@$0EA@@@@std@@@std@@QBE?AV012@H@Z""]",072b49fe059ac5a319c6078f6b2beb9834ef3ce0ac5d170627d518fbfa195453,0c6aaf481a7318dffcb4cb8e48201aa36607e42ab02ffef2781e3ec276c94c0b,"[{""offset"":31,""type"":""REL32"",""symbol"":""??Yiterator@?$deque@U?$DequeAccessRecord@$00@@V?$allocator@U?$DequeAccessRecord@$00@@@std@@@std@@QAEAAV012@H@Z"",""addend"":0,""target_address"":""0x005F9530""}]",0,R078
0x005F8DB0,89,??Dconst_iterator,??Dconst_iterator@?$deque@U?$DequeAccessRecord@$03@@V?$allocator@U?$DequeAccessRecord@$03@@@std@@@std@@QBEABU?$DequeAccessRecord@$03@@XZ,"[""??Dconst_iterator@?$deque@U?$DequeAccessRecord@$03@@V?$allocator@U?$DequeAccessRecord@$03@@@std@@@std@@QBEABU?$DequeAccessRecord@$03@@XZ""]",defedce652cf9db7d2ca80b3bdd80282e7fd11dccaa1b07cf9dde0baf0d60ebe,defedce652cf9db7d2ca80b3bdd80282e7fd11dccaa1b07cf9dde0baf0d60ebe,[],0,R078
